2025-09-09 19:27:13,502 | INFO | code-magnetism | Routers attached: ['main-router']
2025-09-09 19:27:15,270 | INFO | uvicorn.error | Started server process [4296]
2025-09-09 19:27:15,271 | INFO | uvicorn.error | Waiting for application startup.
2025-09-09 19:27:15,317 | INFO | code-magnetism | Startup: инициализация БД/планировщика/вебхука...
2025-09-09 19:27:15,319 | INFO | db | Connecting PostgreSQL: postgresql://magnet:***@localhost:5432/magnetism
2025-09-09 19:27:16,494 | INFO | db | PostgreSQL pool created
2025-09-09 19:27:16,796 | INFO | db | Schema applied from C:\Users\Tim\Desktop\code-magnetism\schema.sql
2025-09-09 19:27:16,797 | INFO | code-magnetism | Database initialized successfully
2025-09-09 19:27:16,954 | INFO | apscheduler.scheduler | Adding job tentatively -- it will be properly scheduled when the scheduler starts
2025-09-09 19:27:16,956 | INFO | apscheduler.scheduler | Adding job tentatively -- it will be properly scheduled when the scheduler starts
2025-09-09 19:27:16,961 | INFO | apscheduler.scheduler | Adding job tentatively -- it will be properly scheduled when the scheduler starts
2025-09-09 19:27:17,000 | INFO | apscheduler.scheduler | Added job "job_daily_lessons" to job store "default"
2025-09-09 19:27:17,009 | INFO | apscheduler.scheduler | Added job "job_soft_reminders" to job store "default"
2025-09-09 19:27:17,014 | INFO | apscheduler.scheduler | Added job "job_access_expiry_reminders" to job store "default"
2025-09-09 19:27:17,016 | INFO | apscheduler.scheduler | Scheduler started
2025-09-09 19:27:17,019 | INFO | scheduler | APScheduler started with timezone=Europe/Moscow; lessons at 10:00
2025-09-09 19:27:17,030 | INFO | code-magnetism | Scheduler initialized successfully
2025-09-09 19:27:17,033 | INFO | code-magnetism | Setting Telegram webhook to: https://f8ddf30705a7.ngrok-free.app/telegram/webhook?secret=change_me
2025-09-09 19:27:18,157 | INFO | code-magnetism | Old webhook deleted
2025-09-09 19:27:18,396 | INFO | code-magnetism | Telegram webhook установлен: https://f8ddf30705a7.ngrok-free.app/telegram/webhook?secret=change_me
2025-09-09 19:27:18,397 | INFO | code-magnetism | Startup завершён.
2025-09-09 19:27:18,402 | INFO | uvicorn.error | Application startup complete.
2025-09-09 19:27:18,405 | INFO | uvicorn.error | Uvicorn running on http://0.0.0.0:8000 (Press CTRL+C to quit)
2025-09-09 19:27:41,204 | INFO | code-magnetism | Incoming update 49515083
2025-09-09 19:27:41,231 | INFO | code-magnetism | Message from 815370781 (@goldfinger_uk): /start
2025-09-09 19:27:42,606 | INFO | aiogram.event | Update id=49515083 is handled. Duration 1225 ms by bot id=8095548345
2025-09-09 19:27:42,669 | INFO | code-magnetism | Update 49515083 processed successfully
2025-09-09 19:27:42,671 | INFO | uvicorn.access | 91.108.5.52:0 - "POST /telegram/webhook?secret=change_me HTTP/1.1" 200
2025-09-09 19:27:51,635 | INFO | code-magnetism | Incoming update 49515084
2025-09-09 19:27:51,648 | INFO | code-magnetism | Callback from 815370781 (@goldfinger_uk): menu:about
2025-09-09 19:27:52,340 | INFO | aiogram.event | Update id=49515084 is handled. Duration 677 ms by bot id=8095548345
2025-09-09 19:27:52,393 | INFO | code-magnetism | Update 49515084 processed successfully
2025-09-09 19:27:52,402 | INFO | uvicorn.access | 91.108.5.52:0 - "POST /telegram/webhook?secret=change_me HTTP/1.1" 200
2025-09-09 19:27:57,171 | INFO | code-magnetism | Incoming update 49515085
2025-09-09 19:27:57,198 | INFO | code-magnetism | Callback from 815370781 (@goldfinger_uk): menu:about
2025-09-09 19:27:57,755 | INFO | aiogram.event | Update id=49515085 is not handled. Duration 541 ms by bot id=8095548345
2025-09-09 19:27:57,763 | ERROR | code-magnetism | Ошибка обработки Telegram update 49515085: Telegram server says - Bad Request: message is not modified: specified new message content and reply markup are exactly the same as a current content and reply markup of the message
Traceback (most recent call last):
  File "C:\Users\Tim\Desktop\code-magnetism\app.py", line 495, in telegram_webhook
    await dp.feed_update(bot, update)
  File "C:\Users\Tim\AppData\Local\Programs\Python\Python313\Lib\site-packages\aiogram\dispatcher\dispatcher.py", line 158, in feed_update
    response = await self.update.wrap_outer_middleware(
               ^^^^^^^^^^^^^^^^^^^^^^^^^^^^^^^^^^^^^^^^
    ...<7 lines>...
    )
    ^
  File "C:\Users\Tim\AppData\Local\Programs\Python\Python313\Lib\site-packages\aiogram\dispatcher\middlewares\error.py", line 25, in __call__
    return await handler(event, data)
           ^^^^^^^^^^^^^^^^^^^^^^^^^^
  File "C:\Users\Tim\AppData\Local\Programs\Python\Python313\Lib\site-packages\aiogram\dispatcher\middlewares\user_context.py", line 56, in __call__
    return await handler(event, data)
           ^^^^^^^^^^^^^^^^^^^^^^^^^^
  File "C:\Users\Tim\AppData\Local\Programs\Python\Python313\Lib\site-packages\aiogram\fsm\middleware.py", line 42, in __call__
    return await handler(event, data)
           ^^^^^^^^^^^^^^^^^^^^^^^^^^
  File "C:\Users\Tim\AppData\Local\Programs\Python\Python313\Lib\site-packages\aiogram\dispatcher\event\telegram.py", line 121, in trigger
    return await wrapped_inner(event, kwargs)
           ^^^^^^^^^^^^^^^^^^^^^^^^^^^^^^^^^^
  File "C:\Users\Tim\AppData\Local\Programs\Python\Python313\Lib\site-packages\aiogram\dispatcher\event\handler.py", line 43, in call
    return await wrapped()
           ^^^^^^^^^^^^^^^
  File "C:\Users\Tim\AppData\Local\Programs\Python\Python313\Lib\site-packages\aiogram\dispatcher\dispatcher.py", line 276, in _listen_update
    return await self.propagate_event(update_type=update_type, event=event, **kwargs)
           ^^^^^^^^^^^^^^^^^^^^^^^^^^^^^^^^^^^^^^^^^^^^^^^^^^^^^^^^^^^^^^^^^^^^^^^^^^
  File "C:\Users\Tim\AppData\Local\Programs\Python\Python313\Lib\site-packages\aiogram\dispatcher\router.py", line 146, in propagate_event
    return await observer.wrap_outer_middleware(_wrapped, event=event, data=kwargs)
           ^^^^^^^^^^^^^^^^^^^^^^^^^^^^^^^^^^^^^^^^^^^^^^^^^^^^^^^^^^^^^^^^^^^^^^^^
  File "C:\Users\Tim\AppData\Local\Programs\Python\Python313\Lib\site-packages\aiogram\dispatcher\router.py", line 141, in _wrapped
    return await self._propagate_event(
           ^^^^^^^^^^^^^^^^^^^^^^^^^^^^
        observer=observer, update_type=update_type, event=telegram_event, **data
        ^^^^^^^^^^^^^^^^^^^^^^^^^^^^^^^^^^^^^^^^^^^^^^^^^^^^^^^^^^^^^^^^^^^^^^^^
    )
    ^
  File "C:\Users\Tim\AppData\Local\Programs\Python\Python313\Lib\site-packages\aiogram\dispatcher\router.py", line 174, in _propagate_event
    response = await router.propagate_event(update_type=update_type, event=event, **kwargs)
               ^^^^^^^^^^^^^^^^^^^^^^^^^^^^^^^^^^^^^^^^^^^^^^^^^^^^^^^^^^^^^^^^^^^^^^^^^^^^
  File "C:\Users\Tim\AppData\Local\Programs\Python\Python313\Lib\site-packages\aiogram\dispatcher\router.py", line 146, in propagate_event
    return await observer.wrap_outer_middleware(_wrapped, event=event, data=kwargs)
           ^^^^^^^^^^^^^^^^^^^^^^^^^^^^^^^^^^^^^^^^^^^^^^^^^^^^^^^^^^^^^^^^^^^^^^^^
  File "C:\Users\Tim\AppData\Local\Programs\Python\Python313\Lib\site-packages\aiogram\dispatcher\router.py", line 141, in _wrapped
    return await self._propagate_event(
           ^^^^^^^^^^^^^^^^^^^^^^^^^^^^
        observer=observer, update_type=update_type, event=telegram_event, **data
        ^^^^^^^^^^^^^^^^^^^^^^^^^^^^^^^^^^^^^^^^^^^^^^^^^^^^^^^^^^^^^^^^^^^^^^^^
    )
    ^
  File "C:\Users\Tim\AppData\Local\Programs\Python\Python313\Lib\site-packages\aiogram\dispatcher\router.py", line 166, in _propagate_event
    response = await observer.trigger(event, **kwargs)
               ^^^^^^^^^^^^^^^^^^^^^^^^^^^^^^^^^^^^^^^
  File "C:\Users\Tim\AppData\Local\Programs\Python\Python313\Lib\site-packages\aiogram\dispatcher\event\telegram.py", line 121, in trigger
    return await wrapped_inner(event, kwargs)
           ^^^^^^^^^^^^^^^^^^^^^^^^^^^^^^^^^^
  File "C:\Users\Tim\AppData\Local\Programs\Python\Python313\Lib\site-packages\aiogram\dispatcher\event\handler.py", line 43, in call
    return await wrapped()
           ^^^^^^^^^^^^^^^
  File "C:\Users\Tim\Desktop\code-magnetism\handlers.py", line 378, in cb_about
    await cb.message.edit_text(text, reply_markup=main_menu(await is_member(user), has_pay=bool(AT_PRODUCT_ID_CLUB)))
  File "C:\Users\Tim\AppData\Local\Programs\Python\Python313\Lib\site-packages\aiogram\methods\base.py", line 84, in emit
    return await bot(self)
           ^^^^^^^^^^^^^^^
  File "C:\Users\Tim\AppData\Local\Programs\Python\Python313\Lib\site-packages\aiogram\client\bot.py", line 485, in __call__
    return await self.session(self, method, timeout=request_timeout)
           ^^^^^^^^^^^^^^^^^^^^^^^^^^^^^^^^^^^^^^^^^^^^^^^^^^^^^^^^^
  File "C:\Users\Tim\AppData\Local\Programs\Python\Python313\Lib\site-packages\aiogram\client\session\base.py", line 254, in __call__
    return cast(TelegramType, await middleware(bot, method))
                              ^^^^^^^^^^^^^^^^^^^^^^^^^^^^^
  File "C:\Users\Tim\AppData\Local\Programs\Python\Python313\Lib\site-packages\aiogram\client\session\aiohttp.py", line 185, in make_request
    response = self.check_response(
        bot=bot, method=method, status_code=resp.status, content=raw_result
    )
  File "C:\Users\Tim\AppData\Local\Programs\Python\Python313\Lib\site-packages\aiogram\client\session\base.py", line 120, in check_response
    raise TelegramBadRequest(method=method, message=description)
aiogram.exceptions.TelegramBadRequest: Telegram server says - Bad Request: message is not modified: specified new message content and reply markup are exactly the same as a current content and reply markup of the message
2025-09-09 19:27:58,315 | INFO | code-magnetism | Notification sent to admin 1648917869
2025-09-09 19:27:58,319 | INFO | uvicorn.access | 91.108.5.52:0 - "POST /telegram/webhook?secret=change_me HTTP/1.1" 200
2025-09-09 19:28:05,599 | INFO | code-magnetism | Incoming update 49515086
2025-09-09 19:28:05,612 | INFO | code-magnetism | Callback from 815370781 (@goldfinger_uk): menu:funnel
2025-09-09 19:28:05,965 | INFO | handlers | funnel: delivered user_id=1 lesson=4
2025-09-09 19:28:06,802 | INFO | aiogram.event | Update id=49515086 is handled. Duration 1177 ms by bot id=8095548345
2025-09-09 19:28:06,856 | INFO | code-magnetism | Update 49515086 processed successfully
2025-09-09 19:28:06,899 | INFO | uvicorn.access | 91.108.5.52:0 - "POST /telegram/webhook?secret=change_me HTTP/1.1" 200
2025-09-09 19:28:19,230 | INFO | code-magnetism | Incoming update 49515087
2025-09-09 19:28:19,245 | INFO | code-magnetism | Callback from 815370781 (@goldfinger_uk): funnel:q:4
2025-09-09 19:28:19,934 | INFO | aiogram.event | Update id=49515087 is handled. Duration 680 ms by bot id=8095548345
2025-09-09 19:28:19,984 | INFO | code-magnetism | Update 49515087 processed successfully
2025-09-09 19:28:20,031 | INFO | uvicorn.access | 91.108.5.52:0 - "POST /telegram/webhook?secret=change_me HTTP/1.1" 200
2025-09-09 19:28:22,666 | INFO | code-magnetism | Incoming update 49515088
2025-09-09 19:28:22,668 | INFO | code-magnetism | Callback from 1648917869 (@Tokyo_tokyo): funnel:skip:1
2025-09-09 19:28:22,883 | INFO | aiogram.event | Update id=49515088 is not handled. Duration 172 ms by bot id=8095548345
2025-09-09 19:28:22,926 | ERROR | code-magnetism | Ошибка обработки Telegram update 49515088: столбец "submitted_at" в таблице "funnel_progress" не существует
Traceback (most recent call last):
  File "C:\Users\Tim\Desktop\code-magnetism\app.py", line 495, in telegram_webhook
    await dp.feed_update(bot, update)
  File "C:\Users\Tim\AppData\Local\Programs\Python\Python313\Lib\site-packages\aiogram\dispatcher\dispatcher.py", line 158, in feed_update
    response = await self.update.wrap_outer_middleware(
               ^^^^^^^^^^^^^^^^^^^^^^^^^^^^^^^^^^^^^^^^
    ...<7 lines>...
    )
    ^
  File "C:\Users\Tim\AppData\Local\Programs\Python\Python313\Lib\site-packages\aiogram\dispatcher\middlewares\error.py", line 25, in __call__
    return await handler(event, data)
           ^^^^^^^^^^^^^^^^^^^^^^^^^^
  File "C:\Users\Tim\AppData\Local\Programs\Python\Python313\Lib\site-packages\aiogram\dispatcher\middlewares\user_context.py", line 56, in __call__
    return await handler(event, data)
           ^^^^^^^^^^^^^^^^^^^^^^^^^^
  File "C:\Users\Tim\AppData\Local\Programs\Python\Python313\Lib\site-packages\aiogram\fsm\middleware.py", line 42, in __call__
    return await handler(event, data)
           ^^^^^^^^^^^^^^^^^^^^^^^^^^
  File "C:\Users\Tim\AppData\Local\Programs\Python\Python313\Lib\site-packages\aiogram\dispatcher\event\telegram.py", line 121, in trigger
    return await wrapped_inner(event, kwargs)
           ^^^^^^^^^^^^^^^^^^^^^^^^^^^^^^^^^^
  File "C:\Users\Tim\AppData\Local\Programs\Python\Python313\Lib\site-packages\aiogram\dispatcher\event\handler.py", line 43, in call
    return await wrapped()
           ^^^^^^^^^^^^^^^
  File "C:\Users\Tim\AppData\Local\Programs\Python\Python313\Lib\site-packages\aiogram\dispatcher\dispatcher.py", line 276, in _listen_update
    return await self.propagate_event(update_type=update_type, event=event, **kwargs)
           ^^^^^^^^^^^^^^^^^^^^^^^^^^^^^^^^^^^^^^^^^^^^^^^^^^^^^^^^^^^^^^^^^^^^^^^^^^
  File "C:\Users\Tim\AppData\Local\Programs\Python\Python313\Lib\site-packages\aiogram\dispatcher\router.py", line 146, in propagate_event
    return await observer.wrap_outer_middleware(_wrapped, event=event, data=kwargs)
           ^^^^^^^^^^^^^^^^^^^^^^^^^^^^^^^^^^^^^^^^^^^^^^^^^^^^^^^^^^^^^^^^^^^^^^^^
  File "C:\Users\Tim\AppData\Local\Programs\Python\Python313\Lib\site-packages\aiogram\dispatcher\router.py", line 141, in _wrapped
    return await self._propagate_event(
           ^^^^^^^^^^^^^^^^^^^^^^^^^^^^
        observer=observer, update_type=update_type, event=telegram_event, **data
        ^^^^^^^^^^^^^^^^^^^^^^^^^^^^^^^^^^^^^^^^^^^^^^^^^^^^^^^^^^^^^^^^^^^^^^^^
    )
    ^
  File "C:\Users\Tim\AppData\Local\Programs\Python\Python313\Lib\site-packages\aiogram\dispatcher\router.py", line 174, in _propagate_event
    response = await router.propagate_event(update_type=update_type, event=event, **kwargs)
               ^^^^^^^^^^^^^^^^^^^^^^^^^^^^^^^^^^^^^^^^^^^^^^^^^^^^^^^^^^^^^^^^^^^^^^^^^^^^
  File "C:\Users\Tim\AppData\Local\Programs\Python\Python313\Lib\site-packages\aiogram\dispatcher\router.py", line 146, in propagate_event
    return await observer.wrap_outer_middleware(_wrapped, event=event, data=kwargs)
           ^^^^^^^^^^^^^^^^^^^^^^^^^^^^^^^^^^^^^^^^^^^^^^^^^^^^^^^^^^^^^^^^^^^^^^^^
  File "C:\Users\Tim\AppData\Local\Programs\Python\Python313\Lib\site-packages\aiogram\dispatcher\router.py", line 141, in _wrapped
    return await self._propagate_event(
           ^^^^^^^^^^^^^^^^^^^^^^^^^^^^
        observer=observer, update_type=update_type, event=telegram_event, **data
        ^^^^^^^^^^^^^^^^^^^^^^^^^^^^^^^^^^^^^^^^^^^^^^^^^^^^^^^^^^^^^^^^^^^^^^^^
    )
    ^
  File "C:\Users\Tim\AppData\Local\Programs\Python\Python313\Lib\site-packages\aiogram\dispatcher\router.py", line 166, in _propagate_event
    response = await observer.trigger(event, **kwargs)
               ^^^^^^^^^^^^^^^^^^^^^^^^^^^^^^^^^^^^^^^
  File "C:\Users\Tim\AppData\Local\Programs\Python\Python313\Lib\site-packages\aiogram\dispatcher\event\telegram.py", line 121, in trigger
    return await wrapped_inner(event, kwargs)
           ^^^^^^^^^^^^^^^^^^^^^^^^^^^^^^^^^^
  File "C:\Users\Tim\AppData\Local\Programs\Python\Python313\Lib\site-packages\aiogram\dispatcher\event\handler.py", line 43, in call
    return await wrapped()
           ^^^^^^^^^^^^^^^
  File "C:\Users\Tim\Desktop\code-magnetism\handlers.py", line 508, in cb_funnel_skip
    await mark_lesson_skipped(user["id"], lesson_num)
  File "C:\Users\Tim\Desktop\code-magnetism\handlers.py", line 239, in mark_lesson_skipped
    await execute(
    ...<6 lines>...
    )
  File "C:\Users\Tim\Desktop\code-magnetism\db.py", line 217, in execute
    return await conn.execute(query, *args)
           ^^^^^^^^^^^^^^^^^^^^^^^^^^^^^^^^
  File "C:\Users\Tim\AppData\Local\Programs\Python\Python313\Lib\site-packages\asyncpg\connection.py", line 352, in execute
    _, status, _ = await self._execute(
                   ^^^^^^^^^^^^^^^^^^^^
    ...<5 lines>...
    )
    ^
  File "C:\Users\Tim\AppData\Local\Programs\Python\Python313\Lib\site-packages\asyncpg\connection.py", line 1864, in _execute
    result, _ = await self.__execute(
                ^^^^^^^^^^^^^^^^^^^^^
    ...<7 lines>...
    )
    ^
  File "C:\Users\Tim\AppData\Local\Programs\Python\Python313\Lib\site-packages\asyncpg\connection.py", line 1961, in __execute
    result, stmt = await self._do_execute(
                   ^^^^^^^^^^^^^^^^^^^^^^^
    ...<5 lines>...
    )
    ^
  File "C:\Users\Tim\AppData\Local\Programs\Python\Python313\Lib\site-packages\asyncpg\connection.py", line 2012, in _do_execute
    stmt = await self._get_statement(
           ^^^^^^^^^^^^^^^^^^^^^^^^^^
    ...<4 lines>...
    )
    ^
  File "C:\Users\Tim\AppData\Local\Programs\Python\Python313\Lib\site-packages\asyncpg\connection.py", line 432, in _get_statement
    statement = await self._protocol.prepare(
                ^^^^^^^^^^^^^^^^^^^^^^^^^^^^^
    ...<5 lines>...
    )
    ^
  File "asyncpg\\protocol\\protocol.pyx", line 165, in prepare
asyncpg.exceptions.UndefinedColumnError: столбец "submitted_at" в таблице "funnel_progress" не существует
2025-09-09 19:28:23,397 | INFO | code-magnetism | Notification sent to admin 1648917869
2025-09-09 19:28:23,462 | INFO | uvicorn.access | 91.108.5.52:0 - "POST /telegram/webhook?secret=change_me HTTP/1.1" 200
2025-09-09 19:28:25,067 | INFO | code-magnetism | Incoming update 49515089
2025-09-09 19:28:25,134 | INFO | code-magnetism | Callback from 815370781 (@goldfinger_uk): menu:progress
2025-09-09 19:28:25,244 | INFO | aiogram.event | Update id=49515089 is not handled. Duration 28 ms by bot id=8095548345
2025-09-09 19:28:25,318 | ERROR | code-magnetism | Ошибка обработки Telegram update 49515089: столбец "submitted_at" не существует
Traceback (most recent call last):
  File "C:\Users\Tim\Desktop\code-magnetism\app.py", line 495, in telegram_webhook
    await dp.feed_update(bot, update)
  File "C:\Users\Tim\AppData\Local\Programs\Python\Python313\Lib\site-packages\aiogram\dispatcher\dispatcher.py", line 158, in feed_update
    response = await self.update.wrap_outer_middleware(
               ^^^^^^^^^^^^^^^^^^^^^^^^^^^^^^^^^^^^^^^^
    ...<7 lines>...
    )
    ^
  File "C:\Users\Tim\AppData\Local\Programs\Python\Python313\Lib\site-packages\aiogram\dispatcher\middlewares\error.py", line 25, in __call__
    return await handler(event, data)
           ^^^^^^^^^^^^^^^^^^^^^^^^^^
  File "C:\Users\Tim\AppData\Local\Programs\Python\Python313\Lib\site-packages\aiogram\dispatcher\middlewares\user_context.py", line 56, in __call__
    return await handler(event, data)
           ^^^^^^^^^^^^^^^^^^^^^^^^^^
  File "C:\Users\Tim\AppData\Local\Programs\Python\Python313\Lib\site-packages\aiogram\fsm\middleware.py", line 42, in __call__
    return await handler(event, data)
           ^^^^^^^^^^^^^^^^^^^^^^^^^^
  File "C:\Users\Tim\AppData\Local\Programs\Python\Python313\Lib\site-packages\aiogram\dispatcher\event\telegram.py", line 121, in trigger
    return await wrapped_inner(event, kwargs)
           ^^^^^^^^^^^^^^^^^^^^^^^^^^^^^^^^^^
  File "C:\Users\Tim\AppData\Local\Programs\Python\Python313\Lib\site-packages\aiogram\dispatcher\event\handler.py", line 43, in call
    return await wrapped()
           ^^^^^^^^^^^^^^^
  File "C:\Users\Tim\AppData\Local\Programs\Python\Python313\Lib\site-packages\aiogram\dispatcher\dispatcher.py", line 276, in _listen_update
    return await self.propagate_event(update_type=update_type, event=event, **kwargs)
           ^^^^^^^^^^^^^^^^^^^^^^^^^^^^^^^^^^^^^^^^^^^^^^^^^^^^^^^^^^^^^^^^^^^^^^^^^^
  File "C:\Users\Tim\AppData\Local\Programs\Python\Python313\Lib\site-packages\aiogram\dispatcher\router.py", line 146, in propagate_event
    return await observer.wrap_outer_middleware(_wrapped, event=event, data=kwargs)
           ^^^^^^^^^^^^^^^^^^^^^^^^^^^^^^^^^^^^^^^^^^^^^^^^^^^^^^^^^^^^^^^^^^^^^^^^
  File "C:\Users\Tim\AppData\Local\Programs\Python\Python313\Lib\site-packages\aiogram\dispatcher\router.py", line 141, in _wrapped
    return await self._propagate_event(
           ^^^^^^^^^^^^^^^^^^^^^^^^^^^^
        observer=observer, update_type=update_type, event=telegram_event, **data
        ^^^^^^^^^^^^^^^^^^^^^^^^^^^^^^^^^^^^^^^^^^^^^^^^^^^^^^^^^^^^^^^^^^^^^^^^
    )
    ^
  File "C:\Users\Tim\AppData\Local\Programs\Python\Python313\Lib\site-packages\aiogram\dispatcher\router.py", line 174, in _propagate_event
    response = await router.propagate_event(update_type=update_type, event=event, **kwargs)
               ^^^^^^^^^^^^^^^^^^^^^^^^^^^^^^^^^^^^^^^^^^^^^^^^^^^^^^^^^^^^^^^^^^^^^^^^^^^^
  File "C:\Users\Tim\AppData\Local\Programs\Python\Python313\Lib\site-packages\aiogram\dispatcher\router.py", line 146, in propagate_event
    return await observer.wrap_outer_middleware(_wrapped, event=event, data=kwargs)
           ^^^^^^^^^^^^^^^^^^^^^^^^^^^^^^^^^^^^^^^^^^^^^^^^^^^^^^^^^^^^^^^^^^^^^^^^
  File "C:\Users\Tim\AppData\Local\Programs\Python\Python313\Lib\site-packages\aiogram\dispatcher\router.py", line 141, in _wrapped
    return await self._propagate_event(
           ^^^^^^^^^^^^^^^^^^^^^^^^^^^^
        observer=observer, update_type=update_type, event=telegram_event, **data
        ^^^^^^^^^^^^^^^^^^^^^^^^^^^^^^^^^^^^^^^^^^^^^^^^^^^^^^^^^^^^^^^^^^^^^^^^
    )
    ^
  File "C:\Users\Tim\AppData\Local\Programs\Python\Python313\Lib\site-packages\aiogram\dispatcher\router.py", line 166, in _propagate_event
    response = await observer.trigger(event, **kwargs)
               ^^^^^^^^^^^^^^^^^^^^^^^^^^^^^^^^^^^^^^^
  File "C:\Users\Tim\AppData\Local\Programs\Python\Python313\Lib\site-packages\aiogram\dispatcher\event\telegram.py", line 121, in trigger
    return await wrapped_inner(event, kwargs)
           ^^^^^^^^^^^^^^^^^^^^^^^^^^^^^^^^^^
  File "C:\Users\Tim\AppData\Local\Programs\Python\Python313\Lib\site-packages\aiogram\dispatcher\event\handler.py", line 43, in call
    return await wrapped()
           ^^^^^^^^^^^^^^^
  File "C:\Users\Tim\Desktop\code-magnetism\handlers.py", line 405, in cb_progress
    rows = await fetch(
           ^^^^^^^^^^^^
    ...<2 lines>...
    )
    ^
  File "C:\Users\Tim\Desktop\code-magnetism\db.py", line 199, in fetch
    return await conn.fetch(query, *args)
           ^^^^^^^^^^^^^^^^^^^^^^^^^^^^^^
  File "C:\Users\Tim\AppData\Local\Programs\Python\Python313\Lib\site-packages\asyncpg\connection.py", line 690, in fetch
    return await self._execute(
           ^^^^^^^^^^^^^^^^^^^^
    ...<5 lines>...
    )
    ^
  File "C:\Users\Tim\AppData\Local\Programs\Python\Python313\Lib\site-packages\asyncpg\connection.py", line 1864, in _execute
    result, _ = await self.__execute(
                ^^^^^^^^^^^^^^^^^^^^^
    ...<7 lines>...
    )
    ^
  File "C:\Users\Tim\AppData\Local\Programs\Python\Python313\Lib\site-packages\asyncpg\connection.py", line 1961, in __execute
    result, stmt = await self._do_execute(
                   ^^^^^^^^^^^^^^^^^^^^^^^
    ...<5 lines>...
    )
    ^
  File "C:\Users\Tim\AppData\Local\Programs\Python\Python313\Lib\site-packages\asyncpg\connection.py", line 2012, in _do_execute
    stmt = await self._get_statement(
           ^^^^^^^^^^^^^^^^^^^^^^^^^^
    ...<4 lines>...
    )
    ^
  File "C:\Users\Tim\AppData\Local\Programs\Python\Python313\Lib\site-packages\asyncpg\connection.py", line 432, in _get_statement
    statement = await self._protocol.prepare(
                ^^^^^^^^^^^^^^^^^^^^^^^^^^^^^
    ...<5 lines>...
    )
    ^
  File "asyncpg\\protocol\\protocol.pyx", line 165, in prepare
asyncpg.exceptions.UndefinedColumnError: столбец "submitted_at" не существует
2025-09-09 19:28:25,696 | INFO | code-magnetism | Notification sent to admin 1648917869
2025-09-09 19:28:25,715 | INFO | uvicorn.access | 91.108.5.52:0 - "POST /telegram/webhook?secret=change_me HTTP/1.1" 200
2025-09-09 19:28:32,603 | INFO | code-magnetism | Incoming update 49515090
2025-09-09 19:28:32,610 | INFO | code-magnetism | Callback from 815370781 (@goldfinger_uk): menu:progress
2025-09-09 19:28:32,636 | INFO | aiogram.event | Update id=49515090 is not handled. Duration 18 ms by bot id=8095548345
2025-09-09 19:28:32,642 | ERROR | code-magnetism | Ошибка обработки Telegram update 49515090: столбец "submitted_at" не существует
Traceback (most recent call last):
  File "C:\Users\Tim\Desktop\code-magnetism\app.py", line 495, in telegram_webhook
    await dp.feed_update(bot, update)
  File "C:\Users\Tim\AppData\Local\Programs\Python\Python313\Lib\site-packages\aiogram\dispatcher\dispatcher.py", line 158, in feed_update
    response = await self.update.wrap_outer_middleware(
               ^^^^^^^^^^^^^^^^^^^^^^^^^^^^^^^^^^^^^^^^
    ...<7 lines>...
    )
    ^
  File "C:\Users\Tim\AppData\Local\Programs\Python\Python313\Lib\site-packages\aiogram\dispatcher\middlewares\error.py", line 25, in __call__
    return await handler(event, data)
           ^^^^^^^^^^^^^^^^^^^^^^^^^^
  File "C:\Users\Tim\AppData\Local\Programs\Python\Python313\Lib\site-packages\aiogram\dispatcher\middlewares\user_context.py", line 56, in __call__
    return await handler(event, data)
           ^^^^^^^^^^^^^^^^^^^^^^^^^^
  File "C:\Users\Tim\AppData\Local\Programs\Python\Python313\Lib\site-packages\aiogram\fsm\middleware.py", line 42, in __call__
    return await handler(event, data)
           ^^^^^^^^^^^^^^^^^^^^^^^^^^
  File "C:\Users\Tim\AppData\Local\Programs\Python\Python313\Lib\site-packages\aiogram\dispatcher\event\telegram.py", line 121, in trigger
    return await wrapped_inner(event, kwargs)
           ^^^^^^^^^^^^^^^^^^^^^^^^^^^^^^^^^^
  File "C:\Users\Tim\AppData\Local\Programs\Python\Python313\Lib\site-packages\aiogram\dispatcher\event\handler.py", line 43, in call
    return await wrapped()
           ^^^^^^^^^^^^^^^
  File "C:\Users\Tim\AppData\Local\Programs\Python\Python313\Lib\site-packages\aiogram\dispatcher\dispatcher.py", line 276, in _listen_update
    return await self.propagate_event(update_type=update_type, event=event, **kwargs)
           ^^^^^^^^^^^^^^^^^^^^^^^^^^^^^^^^^^^^^^^^^^^^^^^^^^^^^^^^^^^^^^^^^^^^^^^^^^
  File "C:\Users\Tim\AppData\Local\Programs\Python\Python313\Lib\site-packages\aiogram\dispatcher\router.py", line 146, in propagate_event
    return await observer.wrap_outer_middleware(_wrapped, event=event, data=kwargs)
           ^^^^^^^^^^^^^^^^^^^^^^^^^^^^^^^^^^^^^^^^^^^^^^^^^^^^^^^^^^^^^^^^^^^^^^^^
  File "C:\Users\Tim\AppData\Local\Programs\Python\Python313\Lib\site-packages\aiogram\dispatcher\router.py", line 141, in _wrapped
    return await self._propagate_event(
           ^^^^^^^^^^^^^^^^^^^^^^^^^^^^
        observer=observer, update_type=update_type, event=telegram_event, **data
        ^^^^^^^^^^^^^^^^^^^^^^^^^^^^^^^^^^^^^^^^^^^^^^^^^^^^^^^^^^^^^^^^^^^^^^^^
    )
    ^
  File "C:\Users\Tim\AppData\Local\Programs\Python\Python313\Lib\site-packages\aiogram\dispatcher\router.py", line 174, in _propagate_event
    response = await router.propagate_event(update_type=update_type, event=event, **kwargs)
               ^^^^^^^^^^^^^^^^^^^^^^^^^^^^^^^^^^^^^^^^^^^^^^^^^^^^^^^^^^^^^^^^^^^^^^^^^^^^
  File "C:\Users\Tim\AppData\Local\Programs\Python\Python313\Lib\site-packages\aiogram\dispatcher\router.py", line 146, in propagate_event
    return await observer.wrap_outer_middleware(_wrapped, event=event, data=kwargs)
           ^^^^^^^^^^^^^^^^^^^^^^^^^^^^^^^^^^^^^^^^^^^^^^^^^^^^^^^^^^^^^^^^^^^^^^^^
  File "C:\Users\Tim\AppData\Local\Programs\Python\Python313\Lib\site-packages\aiogram\dispatcher\router.py", line 141, in _wrapped
    return await self._propagate_event(
           ^^^^^^^^^^^^^^^^^^^^^^^^^^^^
        observer=observer, update_type=update_type, event=telegram_event, **data
        ^^^^^^^^^^^^^^^^^^^^^^^^^^^^^^^^^^^^^^^^^^^^^^^^^^^^^^^^^^^^^^^^^^^^^^^^
    )
    ^
  File "C:\Users\Tim\AppData\Local\Programs\Python\Python313\Lib\site-packages\aiogram\dispatcher\router.py", line 166, in _propagate_event
    response = await observer.trigger(event, **kwargs)
               ^^^^^^^^^^^^^^^^^^^^^^^^^^^^^^^^^^^^^^^
  File "C:\Users\Tim\AppData\Local\Programs\Python\Python313\Lib\site-packages\aiogram\dispatcher\event\telegram.py", line 121, in trigger
    return await wrapped_inner(event, kwargs)
           ^^^^^^^^^^^^^^^^^^^^^^^^^^^^^^^^^^
  File "C:\Users\Tim\AppData\Local\Programs\Python\Python313\Lib\site-packages\aiogram\dispatcher\event\handler.py", line 43, in call
    return await wrapped()
           ^^^^^^^^^^^^^^^
  File "C:\Users\Tim\Desktop\code-magnetism\handlers.py", line 405, in cb_progress
    rows = await fetch(
           ^^^^^^^^^^^^
    ...<2 lines>...
    )
    ^
  File "C:\Users\Tim\Desktop\code-magnetism\db.py", line 199, in fetch
    return await conn.fetch(query, *args)
           ^^^^^^^^^^^^^^^^^^^^^^^^^^^^^^
  File "C:\Users\Tim\AppData\Local\Programs\Python\Python313\Lib\site-packages\asyncpg\connection.py", line 690, in fetch
    return await self._execute(
           ^^^^^^^^^^^^^^^^^^^^
    ...<5 lines>...
    )
    ^
  File "C:\Users\Tim\AppData\Local\Programs\Python\Python313\Lib\site-packages\asyncpg\connection.py", line 1864, in _execute
    result, _ = await self.__execute(
                ^^^^^^^^^^^^^^^^^^^^^
    ...<7 lines>...
    )
    ^
  File "C:\Users\Tim\AppData\Local\Programs\Python\Python313\Lib\site-packages\asyncpg\connection.py", line 1961, in __execute
    result, stmt = await self._do_execute(
                   ^^^^^^^^^^^^^^^^^^^^^^^
    ...<5 lines>...
    )
    ^
  File "C:\Users\Tim\AppData\Local\Programs\Python\Python313\Lib\site-packages\asyncpg\connection.py", line 2012, in _do_execute
    stmt = await self._get_statement(
           ^^^^^^^^^^^^^^^^^^^^^^^^^^
    ...<4 lines>...
    )
    ^
  File "C:\Users\Tim\AppData\Local\Programs\Python\Python313\Lib\site-packages\asyncpg\connection.py", line 432, in _get_statement
    statement = await self._protocol.prepare(
                ^^^^^^^^^^^^^^^^^^^^^^^^^^^^^
    ...<5 lines>...
    )
    ^
  File "asyncpg\\protocol\\protocol.pyx", line 165, in prepare
asyncpg.exceptions.UndefinedColumnError: столбец "submitted_at" не существует
2025-09-09 19:28:32,917 | INFO | code-magnetism | Notification sent to admin 1648917869
2025-09-09 19:28:32,930 | INFO | uvicorn.access | 91.108.5.52:0 - "POST /telegram/webhook?secret=change_me HTTP/1.1" 200
2025-09-09 19:28:36,046 | INFO | code-magnetism | Incoming update 49515091
2025-09-09 19:28:36,051 | INFO | code-magnetism | Callback from 1648917869 (@Tokyo_tokyo): funnel:skip:1
2025-09-09 19:28:36,120 | INFO | aiogram.event | Update id=49515091 is not handled. Duration 39 ms by bot id=8095548345
2025-09-09 19:28:36,195 | ERROR | code-magnetism | Ошибка обработки Telegram update 49515091: столбец "submitted_at" в таблице "funnel_progress" не существует
Traceback (most recent call last):
  File "C:\Users\Tim\Desktop\code-magnetism\app.py", line 495, in telegram_webhook
    await dp.feed_update(bot, update)
  File "C:\Users\Tim\AppData\Local\Programs\Python\Python313\Lib\site-packages\aiogram\dispatcher\dispatcher.py", line 158, in feed_update
    response = await self.update.wrap_outer_middleware(
               ^^^^^^^^^^^^^^^^^^^^^^^^^^^^^^^^^^^^^^^^
    ...<7 lines>...
    )
    ^
  File "C:\Users\Tim\AppData\Local\Programs\Python\Python313\Lib\site-packages\aiogram\dispatcher\middlewares\error.py", line 25, in __call__
    return await handler(event, data)
           ^^^^^^^^^^^^^^^^^^^^^^^^^^
  File "C:\Users\Tim\AppData\Local\Programs\Python\Python313\Lib\site-packages\aiogram\dispatcher\middlewares\user_context.py", line 56, in __call__
    return await handler(event, data)
           ^^^^^^^^^^^^^^^^^^^^^^^^^^
  File "C:\Users\Tim\AppData\Local\Programs\Python\Python313\Lib\site-packages\aiogram\fsm\middleware.py", line 42, in __call__
    return await handler(event, data)
           ^^^^^^^^^^^^^^^^^^^^^^^^^^
  File "C:\Users\Tim\AppData\Local\Programs\Python\Python313\Lib\site-packages\aiogram\dispatcher\event\telegram.py", line 121, in trigger
    return await wrapped_inner(event, kwargs)
           ^^^^^^^^^^^^^^^^^^^^^^^^^^^^^^^^^^
  File "C:\Users\Tim\AppData\Local\Programs\Python\Python313\Lib\site-packages\aiogram\dispatcher\event\handler.py", line 43, in call
    return await wrapped()
           ^^^^^^^^^^^^^^^
  File "C:\Users\Tim\AppData\Local\Programs\Python\Python313\Lib\site-packages\aiogram\dispatcher\dispatcher.py", line 276, in _listen_update
    return await self.propagate_event(update_type=update_type, event=event, **kwargs)
           ^^^^^^^^^^^^^^^^^^^^^^^^^^^^^^^^^^^^^^^^^^^^^^^^^^^^^^^^^^^^^^^^^^^^^^^^^^
  File "C:\Users\Tim\AppData\Local\Programs\Python\Python313\Lib\site-packages\aiogram\dispatcher\router.py", line 146, in propagate_event
    return await observer.wrap_outer_middleware(_wrapped, event=event, data=kwargs)
           ^^^^^^^^^^^^^^^^^^^^^^^^^^^^^^^^^^^^^^^^^^^^^^^^^^^^^^^^^^^^^^^^^^^^^^^^
  File "C:\Users\Tim\AppData\Local\Programs\Python\Python313\Lib\site-packages\aiogram\dispatcher\router.py", line 141, in _wrapped
    return await self._propagate_event(
           ^^^^^^^^^^^^^^^^^^^^^^^^^^^^
        observer=observer, update_type=update_type, event=telegram_event, **data
        ^^^^^^^^^^^^^^^^^^^^^^^^^^^^^^^^^^^^^^^^^^^^^^^^^^^^^^^^^^^^^^^^^^^^^^^^
    )
    ^
  File "C:\Users\Tim\AppData\Local\Programs\Python\Python313\Lib\site-packages\aiogram\dispatcher\router.py", line 174, in _propagate_event
    response = await router.propagate_event(update_type=update_type, event=event, **kwargs)
               ^^^^^^^^^^^^^^^^^^^^^^^^^^^^^^^^^^^^^^^^^^^^^^^^^^^^^^^^^^^^^^^^^^^^^^^^^^^^
  File "C:\Users\Tim\AppData\Local\Programs\Python\Python313\Lib\site-packages\aiogram\dispatcher\router.py", line 146, in propagate_event
    return await observer.wrap_outer_middleware(_wrapped, event=event, data=kwargs)
           ^^^^^^^^^^^^^^^^^^^^^^^^^^^^^^^^^^^^^^^^^^^^^^^^^^^^^^^^^^^^^^^^^^^^^^^^
  File "C:\Users\Tim\AppData\Local\Programs\Python\Python313\Lib\site-packages\aiogram\dispatcher\router.py", line 141, in _wrapped
    return await self._propagate_event(
           ^^^^^^^^^^^^^^^^^^^^^^^^^^^^
        observer=observer, update_type=update_type, event=telegram_event, **data
        ^^^^^^^^^^^^^^^^^^^^^^^^^^^^^^^^^^^^^^^^^^^^^^^^^^^^^^^^^^^^^^^^^^^^^^^^
    )
    ^
  File "C:\Users\Tim\AppData\Local\Programs\Python\Python313\Lib\site-packages\aiogram\dispatcher\router.py", line 166, in _propagate_event
    response = await observer.trigger(event, **kwargs)
               ^^^^^^^^^^^^^^^^^^^^^^^^^^^^^^^^^^^^^^^
  File "C:\Users\Tim\AppData\Local\Programs\Python\Python313\Lib\site-packages\aiogram\dispatcher\event\telegram.py", line 121, in trigger
    return await wrapped_inner(event, kwargs)
           ^^^^^^^^^^^^^^^^^^^^^^^^^^^^^^^^^^
  File "C:\Users\Tim\AppData\Local\Programs\Python\Python313\Lib\site-packages\aiogram\dispatcher\event\handler.py", line 43, in call
    return await wrapped()
           ^^^^^^^^^^^^^^^
  File "C:\Users\Tim\Desktop\code-magnetism\handlers.py", line 508, in cb_funnel_skip
    await mark_lesson_skipped(user["id"], lesson_num)
  File "C:\Users\Tim\Desktop\code-magnetism\handlers.py", line 239, in mark_lesson_skipped
    await execute(
    ...<6 lines>...
    )
  File "C:\Users\Tim\Desktop\code-magnetism\db.py", line 217, in execute
    return await conn.execute(query, *args)
           ^^^^^^^^^^^^^^^^^^^^^^^^^^^^^^^^
  File "C:\Users\Tim\AppData\Local\Programs\Python\Python313\Lib\site-packages\asyncpg\connection.py", line 352, in execute
    _, status, _ = await self._execute(
                   ^^^^^^^^^^^^^^^^^^^^
    ...<5 lines>...
    )
    ^
  File "C:\Users\Tim\AppData\Local\Programs\Python\Python313\Lib\site-packages\asyncpg\connection.py", line 1864, in _execute
    result, _ = await self.__execute(
                ^^^^^^^^^^^^^^^^^^^^^
    ...<7 lines>...
    )
    ^
  File "C:\Users\Tim\AppData\Local\Programs\Python\Python313\Lib\site-packages\asyncpg\connection.py", line 1961, in __execute
    result, stmt = await self._do_execute(
                   ^^^^^^^^^^^^^^^^^^^^^^^
    ...<5 lines>...
    )
    ^
  File "C:\Users\Tim\AppData\Local\Programs\Python\Python313\Lib\site-packages\asyncpg\connection.py", line 2012, in _do_execute
    stmt = await self._get_statement(
           ^^^^^^^^^^^^^^^^^^^^^^^^^^
    ...<4 lines>...
    )
    ^
  File "C:\Users\Tim\AppData\Local\Programs\Python\Python313\Lib\site-packages\asyncpg\connection.py", line 432, in _get_statement
    statement = await self._protocol.prepare(
                ^^^^^^^^^^^^^^^^^^^^^^^^^^^^^
    ...<5 lines>...
    )
    ^
  File "asyncpg\\protocol\\protocol.pyx", line 165, in prepare
asyncpg.exceptions.UndefinedColumnError: столбец "submitted_at" в таблице "funnel_progress" не существует
2025-09-09 19:28:36,686 | INFO | code-magnetism | Notification sent to admin 1648917869
2025-09-09 19:28:36,697 | INFO | uvicorn.access | 91.108.5.52:0 - "POST /telegram/webhook?secret=change_me HTTP/1.1" 200
2025-09-09 19:28:38,300 | INFO | code-magnetism | Incoming update 49515092
2025-09-09 19:28:38,506 | INFO | code-magnetism | Message from 815370781 (@goldfinger_uk): /start
2025-09-09 19:28:39,256 | INFO | aiogram.event | Update id=49515092 is handled. Duration 659 ms by bot id=8095548345
2025-09-09 19:28:39,300 | INFO | code-magnetism | Update 49515092 processed successfully
2025-09-09 19:28:39,310 | INFO | uvicorn.access | 91.108.5.52:0 - "POST /telegram/webhook?secret=change_me HTTP/1.1" 200
2025-09-09 19:28:41,433 | INFO | code-magnetism | Incoming update 49515093
2025-09-09 19:28:41,496 | INFO | code-magnetism | Callback from 815370781 (@goldfinger_uk): menu:progress
2025-09-09 19:28:41,630 | INFO | aiogram.event | Update id=49515093 is not handled. Duration 17 ms by bot id=8095548345
2025-09-09 19:28:41,812 | ERROR | code-magnetism | Ошибка обработки Telegram update 49515093: столбец "submitted_at" не существует
Traceback (most recent call last):
  File "C:\Users\Tim\Desktop\code-magnetism\app.py", line 495, in telegram_webhook
    await dp.feed_update(bot, update)
  File "C:\Users\Tim\AppData\Local\Programs\Python\Python313\Lib\site-packages\aiogram\dispatcher\dispatcher.py", line 158, in feed_update
    response = await self.update.wrap_outer_middleware(
               ^^^^^^^^^^^^^^^^^^^^^^^^^^^^^^^^^^^^^^^^
    ...<7 lines>...
    )
    ^
  File "C:\Users\Tim\AppData\Local\Programs\Python\Python313\Lib\site-packages\aiogram\dispatcher\middlewares\error.py", line 25, in __call__
    return await handler(event, data)
           ^^^^^^^^^^^^^^^^^^^^^^^^^^
  File "C:\Users\Tim\AppData\Local\Programs\Python\Python313\Lib\site-packages\aiogram\dispatcher\middlewares\user_context.py", line 56, in __call__
    return await handler(event, data)
           ^^^^^^^^^^^^^^^^^^^^^^^^^^
  File "C:\Users\Tim\AppData\Local\Programs\Python\Python313\Lib\site-packages\aiogram\fsm\middleware.py", line 42, in __call__
    return await handler(event, data)
           ^^^^^^^^^^^^^^^^^^^^^^^^^^
  File "C:\Users\Tim\AppData\Local\Programs\Python\Python313\Lib\site-packages\aiogram\dispatcher\event\telegram.py", line 121, in trigger
    return await wrapped_inner(event, kwargs)
           ^^^^^^^^^^^^^^^^^^^^^^^^^^^^^^^^^^
  File "C:\Users\Tim\AppData\Local\Programs\Python\Python313\Lib\site-packages\aiogram\dispatcher\event\handler.py", line 43, in call
    return await wrapped()
           ^^^^^^^^^^^^^^^
  File "C:\Users\Tim\AppData\Local\Programs\Python\Python313\Lib\site-packages\aiogram\dispatcher\dispatcher.py", line 276, in _listen_update
    return await self.propagate_event(update_type=update_type, event=event, **kwargs)
           ^^^^^^^^^^^^^^^^^^^^^^^^^^^^^^^^^^^^^^^^^^^^^^^^^^^^^^^^^^^^^^^^^^^^^^^^^^
  File "C:\Users\Tim\AppData\Local\Programs\Python\Python313\Lib\site-packages\aiogram\dispatcher\router.py", line 146, in propagate_event
    return await observer.wrap_outer_middleware(_wrapped, event=event, data=kwargs)
           ^^^^^^^^^^^^^^^^^^^^^^^^^^^^^^^^^^^^^^^^^^^^^^^^^^^^^^^^^^^^^^^^^^^^^^^^
  File "C:\Users\Tim\AppData\Local\Programs\Python\Python313\Lib\site-packages\aiogram\dispatcher\router.py", line 141, in _wrapped
    return await self._propagate_event(
           ^^^^^^^^^^^^^^^^^^^^^^^^^^^^
        observer=observer, update_type=update_type, event=telegram_event, **data
        ^^^^^^^^^^^^^^^^^^^^^^^^^^^^^^^^^^^^^^^^^^^^^^^^^^^^^^^^^^^^^^^^^^^^^^^^
    )
    ^
  File "C:\Users\Tim\AppData\Local\Programs\Python\Python313\Lib\site-packages\aiogram\dispatcher\router.py", line 174, in _propagate_event
    response = await router.propagate_event(update_type=update_type, event=event, **kwargs)
               ^^^^^^^^^^^^^^^^^^^^^^^^^^^^^^^^^^^^^^^^^^^^^^^^^^^^^^^^^^^^^^^^^^^^^^^^^^^^
  File "C:\Users\Tim\AppData\Local\Programs\Python\Python313\Lib\site-packages\aiogram\dispatcher\router.py", line 146, in propagate_event
    return await observer.wrap_outer_middleware(_wrapped, event=event, data=kwargs)
           ^^^^^^^^^^^^^^^^^^^^^^^^^^^^^^^^^^^^^^^^^^^^^^^^^^^^^^^^^^^^^^^^^^^^^^^^
  File "C:\Users\Tim\AppData\Local\Programs\Python\Python313\Lib\site-packages\aiogram\dispatcher\router.py", line 141, in _wrapped
    return await self._propagate_event(
           ^^^^^^^^^^^^^^^^^^^^^^^^^^^^
        observer=observer, update_type=update_type, event=telegram_event, **data
        ^^^^^^^^^^^^^^^^^^^^^^^^^^^^^^^^^^^^^^^^^^^^^^^^^^^^^^^^^^^^^^^^^^^^^^^^
    )
    ^
  File "C:\Users\Tim\AppData\Local\Programs\Python\Python313\Lib\site-packages\aiogram\dispatcher\router.py", line 166, in _propagate_event
    response = await observer.trigger(event, **kwargs)
               ^^^^^^^^^^^^^^^^^^^^^^^^^^^^^^^^^^^^^^^
  File "C:\Users\Tim\AppData\Local\Programs\Python\Python313\Lib\site-packages\aiogram\dispatcher\event\telegram.py", line 121, in trigger
    return await wrapped_inner(event, kwargs)
           ^^^^^^^^^^^^^^^^^^^^^^^^^^^^^^^^^^
  File "C:\Users\Tim\AppData\Local\Programs\Python\Python313\Lib\site-packages\aiogram\dispatcher\event\handler.py", line 43, in call
    return await wrapped()
           ^^^^^^^^^^^^^^^
  File "C:\Users\Tim\Desktop\code-magnetism\handlers.py", line 405, in cb_progress
    rows = await fetch(
           ^^^^^^^^^^^^
    ...<2 lines>...
    )
    ^
  File "C:\Users\Tim\Desktop\code-magnetism\db.py", line 199, in fetch
    return await conn.fetch(query, *args)
           ^^^^^^^^^^^^^^^^^^^^^^^^^^^^^^
  File "C:\Users\Tim\AppData\Local\Programs\Python\Python313\Lib\site-packages\asyncpg\connection.py", line 690, in fetch
    return await self._execute(
           ^^^^^^^^^^^^^^^^^^^^
    ...<5 lines>...
    )
    ^
  File "C:\Users\Tim\AppData\Local\Programs\Python\Python313\Lib\site-packages\asyncpg\connection.py", line 1864, in _execute
    result, _ = await self.__execute(
                ^^^^^^^^^^^^^^^^^^^^^
    ...<7 lines>...
    )
    ^
  File "C:\Users\Tim\AppData\Local\Programs\Python\Python313\Lib\site-packages\asyncpg\connection.py", line 1961, in __execute
    result, stmt = await self._do_execute(
                   ^^^^^^^^^^^^^^^^^^^^^^^
    ...<5 lines>...
    )
    ^
  File "C:\Users\Tim\AppData\Local\Programs\Python\Python313\Lib\site-packages\asyncpg\connection.py", line 2012, in _do_execute
    stmt = await self._get_statement(
           ^^^^^^^^^^^^^^^^^^^^^^^^^^
    ...<4 lines>...
    )
    ^
  File "C:\Users\Tim\AppData\Local\Programs\Python\Python313\Lib\site-packages\asyncpg\connection.py", line 432, in _get_statement
    statement = await self._protocol.prepare(
                ^^^^^^^^^^^^^^^^^^^^^^^^^^^^^
    ...<5 lines>...
    )
    ^
  File "asyncpg\\protocol\\protocol.pyx", line 165, in prepare
asyncpg.exceptions.UndefinedColumnError: столбец "submitted_at" не существует
2025-09-09 19:28:42,348 | INFO | code-magnetism | Notification sent to admin 1648917869
2025-09-09 19:28:42,440 | INFO | uvicorn.access | 91.108.5.52:0 - "POST /telegram/webhook?secret=change_me HTTP/1.1" 200
2025-09-09 19:28:46,566 | INFO | code-magnetism | Incoming update 49515094
2025-09-09 19:28:46,695 | INFO | code-magnetism | Callback from 815370781 (@goldfinger_uk): menu:about
2025-09-09 19:28:47,469 | INFO | aiogram.event | Update id=49515094 is handled. Duration 595 ms by bot id=8095548345
2025-09-09 19:28:47,517 | INFO | code-magnetism | Update 49515094 processed successfully
2025-09-09 19:28:47,693 | INFO | uvicorn.access | 91.108.5.52:0 - "POST /telegram/webhook?secret=change_me HTTP/1.1" 200
2025-09-09 19:28:50,878 | INFO | code-magnetism | Incoming update 49515095
2025-09-09 19:28:50,944 | INFO | code-magnetism | Callback from 815370781 (@goldfinger_uk): menu:about
2025-09-09 19:28:51,414 | INFO | aiogram.event | Update id=49515095 is not handled. Duration 341 ms by bot id=8095548345
2025-09-09 19:28:51,484 | ERROR | code-magnetism | Ошибка обработки Telegram update 49515095: Telegram server says - Bad Request: message is not modified: specified new message content and reply markup are exactly the same as a current content and reply markup of the message
Traceback (most recent call last):
  File "C:\Users\Tim\Desktop\code-magnetism\app.py", line 495, in telegram_webhook
    await dp.feed_update(bot, update)
  File "C:\Users\Tim\AppData\Local\Programs\Python\Python313\Lib\site-packages\aiogram\dispatcher\dispatcher.py", line 158, in feed_update
    response = await self.update.wrap_outer_middleware(
               ^^^^^^^^^^^^^^^^^^^^^^^^^^^^^^^^^^^^^^^^
    ...<7 lines>...
    )
    ^
  File "C:\Users\Tim\AppData\Local\Programs\Python\Python313\Lib\site-packages\aiogram\dispatcher\middlewares\error.py", line 25, in __call__
    return await handler(event, data)
           ^^^^^^^^^^^^^^^^^^^^^^^^^^
  File "C:\Users\Tim\AppData\Local\Programs\Python\Python313\Lib\site-packages\aiogram\dispatcher\middlewares\user_context.py", line 56, in __call__
    return await handler(event, data)
           ^^^^^^^^^^^^^^^^^^^^^^^^^^
  File "C:\Users\Tim\AppData\Local\Programs\Python\Python313\Lib\site-packages\aiogram\fsm\middleware.py", line 42, in __call__
    return await handler(event, data)
           ^^^^^^^^^^^^^^^^^^^^^^^^^^
  File "C:\Users\Tim\AppData\Local\Programs\Python\Python313\Lib\site-packages\aiogram\dispatcher\event\telegram.py", line 121, in trigger
    return await wrapped_inner(event, kwargs)
           ^^^^^^^^^^^^^^^^^^^^^^^^^^^^^^^^^^
  File "C:\Users\Tim\AppData\Local\Programs\Python\Python313\Lib\site-packages\aiogram\dispatcher\event\handler.py", line 43, in call
    return await wrapped()
           ^^^^^^^^^^^^^^^
  File "C:\Users\Tim\AppData\Local\Programs\Python\Python313\Lib\site-packages\aiogram\dispatcher\dispatcher.py", line 276, in _listen_update
    return await self.propagate_event(update_type=update_type, event=event, **kwargs)
           ^^^^^^^^^^^^^^^^^^^^^^^^^^^^^^^^^^^^^^^^^^^^^^^^^^^^^^^^^^^^^^^^^^^^^^^^^^
  File "C:\Users\Tim\AppData\Local\Programs\Python\Python313\Lib\site-packages\aiogram\dispatcher\router.py", line 146, in propagate_event
    return await observer.wrap_outer_middleware(_wrapped, event=event, data=kwargs)
           ^^^^^^^^^^^^^^^^^^^^^^^^^^^^^^^^^^^^^^^^^^^^^^^^^^^^^^^^^^^^^^^^^^^^^^^^
  File "C:\Users\Tim\AppData\Local\Programs\Python\Python313\Lib\site-packages\aiogram\dispatcher\router.py", line 141, in _wrapped
    return await self._propagate_event(
           ^^^^^^^^^^^^^^^^^^^^^^^^^^^^
        observer=observer, update_type=update_type, event=telegram_event, **data
        ^^^^^^^^^^^^^^^^^^^^^^^^^^^^^^^^^^^^^^^^^^^^^^^^^^^^^^^^^^^^^^^^^^^^^^^^
    )
    ^
  File "C:\Users\Tim\AppData\Local\Programs\Python\Python313\Lib\site-packages\aiogram\dispatcher\router.py", line 174, in _propagate_event
    response = await router.propagate_event(update_type=update_type, event=event, **kwargs)
               ^^^^^^^^^^^^^^^^^^^^^^^^^^^^^^^^^^^^^^^^^^^^^^^^^^^^^^^^^^^^^^^^^^^^^^^^^^^^
  File "C:\Users\Tim\AppData\Local\Programs\Python\Python313\Lib\site-packages\aiogram\dispatcher\router.py", line 146, in propagate_event
    return await observer.wrap_outer_middleware(_wrapped, event=event, data=kwargs)
           ^^^^^^^^^^^^^^^^^^^^^^^^^^^^^^^^^^^^^^^^^^^^^^^^^^^^^^^^^^^^^^^^^^^^^^^^
  File "C:\Users\Tim\AppData\Local\Programs\Python\Python313\Lib\site-packages\aiogram\dispatcher\router.py", line 141, in _wrapped
    return await self._propagate_event(
           ^^^^^^^^^^^^^^^^^^^^^^^^^^^^
        observer=observer, update_type=update_type, event=telegram_event, **data
        ^^^^^^^^^^^^^^^^^^^^^^^^^^^^^^^^^^^^^^^^^^^^^^^^^^^^^^^^^^^^^^^^^^^^^^^^
    )
    ^
  File "C:\Users\Tim\AppData\Local\Programs\Python\Python313\Lib\site-packages\aiogram\dispatcher\router.py", line 166, in _propagate_event
    response = await observer.trigger(event, **kwargs)
               ^^^^^^^^^^^^^^^^^^^^^^^^^^^^^^^^^^^^^^^
  File "C:\Users\Tim\AppData\Local\Programs\Python\Python313\Lib\site-packages\aiogram\dispatcher\event\telegram.py", line 121, in trigger
    return await wrapped_inner(event, kwargs)
           ^^^^^^^^^^^^^^^^^^^^^^^^^^^^^^^^^^
  File "C:\Users\Tim\AppData\Local\Programs\Python\Python313\Lib\site-packages\aiogram\dispatcher\event\handler.py", line 43, in call
    return await wrapped()
           ^^^^^^^^^^^^^^^
  File "C:\Users\Tim\Desktop\code-magnetism\handlers.py", line 378, in cb_about
    await cb.message.edit_text(text, reply_markup=main_menu(await is_member(user), has_pay=bool(AT_PRODUCT_ID_CLUB)))
  File "C:\Users\Tim\AppData\Local\Programs\Python\Python313\Lib\site-packages\aiogram\methods\base.py", line 84, in emit
    return await bot(self)
           ^^^^^^^^^^^^^^^
  File "C:\Users\Tim\AppData\Local\Programs\Python\Python313\Lib\site-packages\aiogram\client\bot.py", line 485, in __call__
    return await self.session(self, method, timeout=request_timeout)
           ^^^^^^^^^^^^^^^^^^^^^^^^^^^^^^^^^^^^^^^^^^^^^^^^^^^^^^^^^
  File "C:\Users\Tim\AppData\Local\Programs\Python\Python313\Lib\site-packages\aiogram\client\session\base.py", line 254, in __call__
    return cast(TelegramType, await middleware(bot, method))
                              ^^^^^^^^^^^^^^^^^^^^^^^^^^^^^
  File "C:\Users\Tim\AppData\Local\Programs\Python\Python313\Lib\site-packages\aiogram\client\session\aiohttp.py", line 185, in make_request
    response = self.check_response(
        bot=bot, method=method, status_code=resp.status, content=raw_result
    )
  File "C:\Users\Tim\AppData\Local\Programs\Python\Python313\Lib\site-packages\aiogram\client\session\base.py", line 120, in check_response
    raise TelegramBadRequest(method=method, message=description)
aiogram.exceptions.TelegramBadRequest: Telegram server says - Bad Request: message is not modified: specified new message content and reply markup are exactly the same as a current content and reply markup of the message
2025-09-09 19:28:51,972 | INFO | code-magnetism | Notification sent to admin 1648917869
2025-09-09 19:28:51,980 | INFO | uvicorn.access | 91.108.5.52:0 - "POST /telegram/webhook?secret=change_me HTTP/1.1" 200
2025-09-09 19:28:55,531 | INFO | code-magnetism | Incoming update 49515096
2025-09-09 19:28:55,561 | INFO | code-magnetism | Callback from 815370781 (@goldfinger_uk): menu:progress
2025-09-09 19:28:55,582 | INFO | aiogram.event | Update id=49515096 is not handled. Duration 16 ms by bot id=8095548345
2025-09-09 19:28:55,593 | ERROR | code-magnetism | Ошибка обработки Telegram update 49515096: столбец "submitted_at" не существует
Traceback (most recent call last):
  File "C:\Users\Tim\Desktop\code-magnetism\app.py", line 495, in telegram_webhook
    await dp.feed_update(bot, update)
  File "C:\Users\Tim\AppData\Local\Programs\Python\Python313\Lib\site-packages\aiogram\dispatcher\dispatcher.py", line 158, in feed_update
    response = await self.update.wrap_outer_middleware(
               ^^^^^^^^^^^^^^^^^^^^^^^^^^^^^^^^^^^^^^^^
    ...<7 lines>...
    )
    ^
  File "C:\Users\Tim\AppData\Local\Programs\Python\Python313\Lib\site-packages\aiogram\dispatcher\middlewares\error.py", line 25, in __call__
    return await handler(event, data)
           ^^^^^^^^^^^^^^^^^^^^^^^^^^
  File "C:\Users\Tim\AppData\Local\Programs\Python\Python313\Lib\site-packages\aiogram\dispatcher\middlewares\user_context.py", line 56, in __call__
    return await handler(event, data)
           ^^^^^^^^^^^^^^^^^^^^^^^^^^
  File "C:\Users\Tim\AppData\Local\Programs\Python\Python313\Lib\site-packages\aiogram\fsm\middleware.py", line 42, in __call__
    return await handler(event, data)
           ^^^^^^^^^^^^^^^^^^^^^^^^^^
  File "C:\Users\Tim\AppData\Local\Programs\Python\Python313\Lib\site-packages\aiogram\dispatcher\event\telegram.py", line 121, in trigger
    return await wrapped_inner(event, kwargs)
           ^^^^^^^^^^^^^^^^^^^^^^^^^^^^^^^^^^
  File "C:\Users\Tim\AppData\Local\Programs\Python\Python313\Lib\site-packages\aiogram\dispatcher\event\handler.py", line 43, in call
    return await wrapped()
           ^^^^^^^^^^^^^^^
  File "C:\Users\Tim\AppData\Local\Programs\Python\Python313\Lib\site-packages\aiogram\dispatcher\dispatcher.py", line 276, in _listen_update
    return await self.propagate_event(update_type=update_type, event=event, **kwargs)
           ^^^^^^^^^^^^^^^^^^^^^^^^^^^^^^^^^^^^^^^^^^^^^^^^^^^^^^^^^^^^^^^^^^^^^^^^^^
  File "C:\Users\Tim\AppData\Local\Programs\Python\Python313\Lib\site-packages\aiogram\dispatcher\router.py", line 146, in propagate_event
    return await observer.wrap_outer_middleware(_wrapped, event=event, data=kwargs)
           ^^^^^^^^^^^^^^^^^^^^^^^^^^^^^^^^^^^^^^^^^^^^^^^^^^^^^^^^^^^^^^^^^^^^^^^^
  File "C:\Users\Tim\AppData\Local\Programs\Python\Python313\Lib\site-packages\aiogram\dispatcher\router.py", line 141, in _wrapped
    return await self._propagate_event(
           ^^^^^^^^^^^^^^^^^^^^^^^^^^^^
        observer=observer, update_type=update_type, event=telegram_event, **data
        ^^^^^^^^^^^^^^^^^^^^^^^^^^^^^^^^^^^^^^^^^^^^^^^^^^^^^^^^^^^^^^^^^^^^^^^^
    )
    ^
  File "C:\Users\Tim\AppData\Local\Programs\Python\Python313\Lib\site-packages\aiogram\dispatcher\router.py", line 174, in _propagate_event
    response = await router.propagate_event(update_type=update_type, event=event, **kwargs)
               ^^^^^^^^^^^^^^^^^^^^^^^^^^^^^^^^^^^^^^^^^^^^^^^^^^^^^^^^^^^^^^^^^^^^^^^^^^^^
  File "C:\Users\Tim\AppData\Local\Programs\Python\Python313\Lib\site-packages\aiogram\dispatcher\router.py", line 146, in propagate_event
    return await observer.wrap_outer_middleware(_wrapped, event=event, data=kwargs)
           ^^^^^^^^^^^^^^^^^^^^^^^^^^^^^^^^^^^^^^^^^^^^^^^^^^^^^^^^^^^^^^^^^^^^^^^^
  File "C:\Users\Tim\AppData\Local\Programs\Python\Python313\Lib\site-packages\aiogram\dispatcher\router.py", line 141, in _wrapped
    return await self._propagate_event(
           ^^^^^^^^^^^^^^^^^^^^^^^^^^^^
        observer=observer, update_type=update_type, event=telegram_event, **data
        ^^^^^^^^^^^^^^^^^^^^^^^^^^^^^^^^^^^^^^^^^^^^^^^^^^^^^^^^^^^^^^^^^^^^^^^^
    )
    ^
  File "C:\Users\Tim\AppData\Local\Programs\Python\Python313\Lib\site-packages\aiogram\dispatcher\router.py", line 166, in _propagate_event
    response = await observer.trigger(event, **kwargs)
               ^^^^^^^^^^^^^^^^^^^^^^^^^^^^^^^^^^^^^^^
  File "C:\Users\Tim\AppData\Local\Programs\Python\Python313\Lib\site-packages\aiogram\dispatcher\event\telegram.py", line 121, in trigger
    return await wrapped_inner(event, kwargs)
           ^^^^^^^^^^^^^^^^^^^^^^^^^^^^^^^^^^
  File "C:\Users\Tim\AppData\Local\Programs\Python\Python313\Lib\site-packages\aiogram\dispatcher\event\handler.py", line 43, in call
    return await wrapped()
           ^^^^^^^^^^^^^^^
  File "C:\Users\Tim\Desktop\code-magnetism\handlers.py", line 405, in cb_progress
    rows = await fetch(
           ^^^^^^^^^^^^
    ...<2 lines>...
    )
    ^
  File "C:\Users\Tim\Desktop\code-magnetism\db.py", line 199, in fetch
    return await conn.fetch(query, *args)
           ^^^^^^^^^^^^^^^^^^^^^^^^^^^^^^
  File "C:\Users\Tim\AppData\Local\Programs\Python\Python313\Lib\site-packages\asyncpg\connection.py", line 690, in fetch
    return await self._execute(
           ^^^^^^^^^^^^^^^^^^^^
    ...<5 lines>...
    )
    ^
  File "C:\Users\Tim\AppData\Local\Programs\Python\Python313\Lib\site-packages\asyncpg\connection.py", line 1864, in _execute
    result, _ = await self.__execute(
                ^^^^^^^^^^^^^^^^^^^^^
    ...<7 lines>...
    )
    ^
  File "C:\Users\Tim\AppData\Local\Programs\Python\Python313\Lib\site-packages\asyncpg\connection.py", line 1961, in __execute
    result, stmt = await self._do_execute(
                   ^^^^^^^^^^^^^^^^^^^^^^^
    ...<5 lines>...
    )
    ^
  File "C:\Users\Tim\AppData\Local\Programs\Python\Python313\Lib\site-packages\asyncpg\connection.py", line 2012, in _do_execute
    stmt = await self._get_statement(
           ^^^^^^^^^^^^^^^^^^^^^^^^^^
    ...<4 lines>...
    )
    ^
  File "C:\Users\Tim\AppData\Local\Programs\Python\Python313\Lib\site-packages\asyncpg\connection.py", line 432, in _get_statement
    statement = await self._protocol.prepare(
                ^^^^^^^^^^^^^^^^^^^^^^^^^^^^^
    ...<5 lines>...
    )
    ^
  File "asyncpg\\protocol\\protocol.pyx", line 165, in prepare
asyncpg.exceptions.UndefinedColumnError: столбец "submitted_at" не существует
2025-09-09 19:28:55,931 | INFO | code-magnetism | Notification sent to admin 1648917869
2025-09-09 19:28:55,994 | INFO | uvicorn.access | 91.108.5.52:0 - "POST /telegram/webhook?secret=change_me HTTP/1.1" 200
2025-09-09 19:28:59,131 | INFO | code-magnetism | Incoming update 49515097
2025-09-09 19:28:59,169 | INFO | code-magnetism | Callback from 815370781 (@goldfinger_uk): menu:progress
2025-09-09 19:28:59,198 | INFO | aiogram.event | Update id=49515097 is not handled. Duration 17 ms by bot id=8095548345
2025-09-09 19:28:59,223 | ERROR | code-magnetism | Ошибка обработки Telegram update 49515097: столбец "submitted_at" не существует
Traceback (most recent call last):
  File "C:\Users\Tim\Desktop\code-magnetism\app.py", line 495, in telegram_webhook
    await dp.feed_update(bot, update)
  File "C:\Users\Tim\AppData\Local\Programs\Python\Python313\Lib\site-packages\aiogram\dispatcher\dispatcher.py", line 158, in feed_update
    response = await self.update.wrap_outer_middleware(
               ^^^^^^^^^^^^^^^^^^^^^^^^^^^^^^^^^^^^^^^^
    ...<7 lines>...
    )
    ^
  File "C:\Users\Tim\AppData\Local\Programs\Python\Python313\Lib\site-packages\aiogram\dispatcher\middlewares\error.py", line 25, in __call__
    return await handler(event, data)
           ^^^^^^^^^^^^^^^^^^^^^^^^^^
  File "C:\Users\Tim\AppData\Local\Programs\Python\Python313\Lib\site-packages\aiogram\dispatcher\middlewares\user_context.py", line 56, in __call__
    return await handler(event, data)
           ^^^^^^^^^^^^^^^^^^^^^^^^^^
  File "C:\Users\Tim\AppData\Local\Programs\Python\Python313\Lib\site-packages\aiogram\fsm\middleware.py", line 42, in __call__
    return await handler(event, data)
           ^^^^^^^^^^^^^^^^^^^^^^^^^^
  File "C:\Users\Tim\AppData\Local\Programs\Python\Python313\Lib\site-packages\aiogram\dispatcher\event\telegram.py", line 121, in trigger
    return await wrapped_inner(event, kwargs)
           ^^^^^^^^^^^^^^^^^^^^^^^^^^^^^^^^^^
  File "C:\Users\Tim\AppData\Local\Programs\Python\Python313\Lib\site-packages\aiogram\dispatcher\event\handler.py", line 43, in call
    return await wrapped()
           ^^^^^^^^^^^^^^^
  File "C:\Users\Tim\AppData\Local\Programs\Python\Python313\Lib\site-packages\aiogram\dispatcher\dispatcher.py", line 276, in _listen_update
    return await self.propagate_event(update_type=update_type, event=event, **kwargs)
           ^^^^^^^^^^^^^^^^^^^^^^^^^^^^^^^^^^^^^^^^^^^^^^^^^^^^^^^^^^^^^^^^^^^^^^^^^^
  File "C:\Users\Tim\AppData\Local\Programs\Python\Python313\Lib\site-packages\aiogram\dispatcher\router.py", line 146, in propagate_event
    return await observer.wrap_outer_middleware(_wrapped, event=event, data=kwargs)
           ^^^^^^^^^^^^^^^^^^^^^^^^^^^^^^^^^^^^^^^^^^^^^^^^^^^^^^^^^^^^^^^^^^^^^^^^
  File "C:\Users\Tim\AppData\Local\Programs\Python\Python313\Lib\site-packages\aiogram\dispatcher\router.py", line 141, in _wrapped
    return await self._propagate_event(
           ^^^^^^^^^^^^^^^^^^^^^^^^^^^^
        observer=observer, update_type=update_type, event=telegram_event, **data
        ^^^^^^^^^^^^^^^^^^^^^^^^^^^^^^^^^^^^^^^^^^^^^^^^^^^^^^^^^^^^^^^^^^^^^^^^
    )
    ^
  File "C:\Users\Tim\AppData\Local\Programs\Python\Python313\Lib\site-packages\aiogram\dispatcher\router.py", line 174, in _propagate_event
    response = await router.propagate_event(update_type=update_type, event=event, **kwargs)
               ^^^^^^^^^^^^^^^^^^^^^^^^^^^^^^^^^^^^^^^^^^^^^^^^^^^^^^^^^^^^^^^^^^^^^^^^^^^^
  File "C:\Users\Tim\AppData\Local\Programs\Python\Python313\Lib\site-packages\aiogram\dispatcher\router.py", line 146, in propagate_event
    return await observer.wrap_outer_middleware(_wrapped, event=event, data=kwargs)
           ^^^^^^^^^^^^^^^^^^^^^^^^^^^^^^^^^^^^^^^^^^^^^^^^^^^^^^^^^^^^^^^^^^^^^^^^
  File "C:\Users\Tim\AppData\Local\Programs\Python\Python313\Lib\site-packages\aiogram\dispatcher\router.py", line 141, in _wrapped
    return await self._propagate_event(
           ^^^^^^^^^^^^^^^^^^^^^^^^^^^^
        observer=observer, update_type=update_type, event=telegram_event, **data
        ^^^^^^^^^^^^^^^^^^^^^^^^^^^^^^^^^^^^^^^^^^^^^^^^^^^^^^^^^^^^^^^^^^^^^^^^
    )
    ^
  File "C:\Users\Tim\AppData\Local\Programs\Python\Python313\Lib\site-packages\aiogram\dispatcher\router.py", line 166, in _propagate_event
    response = await observer.trigger(event, **kwargs)
               ^^^^^^^^^^^^^^^^^^^^^^^^^^^^^^^^^^^^^^^
  File "C:\Users\Tim\AppData\Local\Programs\Python\Python313\Lib\site-packages\aiogram\dispatcher\event\telegram.py", line 121, in trigger
    return await wrapped_inner(event, kwargs)
           ^^^^^^^^^^^^^^^^^^^^^^^^^^^^^^^^^^
  File "C:\Users\Tim\AppData\Local\Programs\Python\Python313\Lib\site-packages\aiogram\dispatcher\event\handler.py", line 43, in call
    return await wrapped()
           ^^^^^^^^^^^^^^^
  File "C:\Users\Tim\Desktop\code-magnetism\handlers.py", line 405, in cb_progress
    rows = await fetch(
           ^^^^^^^^^^^^
    ...<2 lines>...
    )
    ^
  File "C:\Users\Tim\Desktop\code-magnetism\db.py", line 199, in fetch
    return await conn.fetch(query, *args)
           ^^^^^^^^^^^^^^^^^^^^^^^^^^^^^^
  File "C:\Users\Tim\AppData\Local\Programs\Python\Python313\Lib\site-packages\asyncpg\connection.py", line 690, in fetch
    return await self._execute(
           ^^^^^^^^^^^^^^^^^^^^
    ...<5 lines>...
    )
    ^
  File "C:\Users\Tim\AppData\Local\Programs\Python\Python313\Lib\site-packages\asyncpg\connection.py", line 1864, in _execute
    result, _ = await self.__execute(
                ^^^^^^^^^^^^^^^^^^^^^
    ...<7 lines>...
    )
    ^
  File "C:\Users\Tim\AppData\Local\Programs\Python\Python313\Lib\site-packages\asyncpg\connection.py", line 1961, in __execute
    result, stmt = await self._do_execute(
                   ^^^^^^^^^^^^^^^^^^^^^^^
    ...<5 lines>...
    )
    ^
  File "C:\Users\Tim\AppData\Local\Programs\Python\Python313\Lib\site-packages\asyncpg\connection.py", line 2012, in _do_execute
    stmt = await self._get_statement(
           ^^^^^^^^^^^^^^^^^^^^^^^^^^
    ...<4 lines>...
    )
    ^
  File "C:\Users\Tim\AppData\Local\Programs\Python\Python313\Lib\site-packages\asyncpg\connection.py", line 432, in _get_statement
    statement = await self._protocol.prepare(
                ^^^^^^^^^^^^^^^^^^^^^^^^^^^^^
    ...<5 lines>...
    )
    ^
  File "asyncpg\\protocol\\protocol.pyx", line 165, in prepare
asyncpg.exceptions.UndefinedColumnError: столбец "submitted_at" не существует
2025-09-09 19:28:59,529 | INFO | code-magnetism | Notification sent to admin 1648917869
2025-09-09 19:28:59,531 | INFO | uvicorn.access | 91.108.5.52:0 - "POST /telegram/webhook?secret=change_me HTTP/1.1" 200
2025-09-09 19:29:00,014 | INFO | code-magnetism | Incoming update 49515098
2025-09-09 19:29:00,082 | INFO | code-magnetism | Callback from 815370781 (@goldfinger_uk): menu:progress
2025-09-09 19:29:00,138 | INFO | aiogram.event | Update id=49515098 is not handled. Duration 30 ms by bot id=8095548345
2025-09-09 19:29:00,277 | ERROR | code-magnetism | Ошибка обработки Telegram update 49515098: столбец "submitted_at" не существует
Traceback (most recent call last):
  File "C:\Users\Tim\Desktop\code-magnetism\app.py", line 495, in telegram_webhook
    await dp.feed_update(bot, update)
  File "C:\Users\Tim\AppData\Local\Programs\Python\Python313\Lib\site-packages\aiogram\dispatcher\dispatcher.py", line 158, in feed_update
    response = await self.update.wrap_outer_middleware(
               ^^^^^^^^^^^^^^^^^^^^^^^^^^^^^^^^^^^^^^^^
    ...<7 lines>...
    )
    ^
  File "C:\Users\Tim\AppData\Local\Programs\Python\Python313\Lib\site-packages\aiogram\dispatcher\middlewares\error.py", line 25, in __call__
    return await handler(event, data)
           ^^^^^^^^^^^^^^^^^^^^^^^^^^
  File "C:\Users\Tim\AppData\Local\Programs\Python\Python313\Lib\site-packages\aiogram\dispatcher\middlewares\user_context.py", line 56, in __call__
    return await handler(event, data)
           ^^^^^^^^^^^^^^^^^^^^^^^^^^
  File "C:\Users\Tim\AppData\Local\Programs\Python\Python313\Lib\site-packages\aiogram\fsm\middleware.py", line 42, in __call__
    return await handler(event, data)
           ^^^^^^^^^^^^^^^^^^^^^^^^^^
  File "C:\Users\Tim\AppData\Local\Programs\Python\Python313\Lib\site-packages\aiogram\dispatcher\event\telegram.py", line 121, in trigger
    return await wrapped_inner(event, kwargs)
           ^^^^^^^^^^^^^^^^^^^^^^^^^^^^^^^^^^
  File "C:\Users\Tim\AppData\Local\Programs\Python\Python313\Lib\site-packages\aiogram\dispatcher\event\handler.py", line 43, in call
    return await wrapped()
           ^^^^^^^^^^^^^^^
  File "C:\Users\Tim\AppData\Local\Programs\Python\Python313\Lib\site-packages\aiogram\dispatcher\dispatcher.py", line 276, in _listen_update
    return await self.propagate_event(update_type=update_type, event=event, **kwargs)
           ^^^^^^^^^^^^^^^^^^^^^^^^^^^^^^^^^^^^^^^^^^^^^^^^^^^^^^^^^^^^^^^^^^^^^^^^^^
  File "C:\Users\Tim\AppData\Local\Programs\Python\Python313\Lib\site-packages\aiogram\dispatcher\router.py", line 146, in propagate_event
    return await observer.wrap_outer_middleware(_wrapped, event=event, data=kwargs)
           ^^^^^^^^^^^^^^^^^^^^^^^^^^^^^^^^^^^^^^^^^^^^^^^^^^^^^^^^^^^^^^^^^^^^^^^^
  File "C:\Users\Tim\AppData\Local\Programs\Python\Python313\Lib\site-packages\aiogram\dispatcher\router.py", line 141, in _wrapped
    return await self._propagate_event(
           ^^^^^^^^^^^^^^^^^^^^^^^^^^^^
        observer=observer, update_type=update_type, event=telegram_event, **data
        ^^^^^^^^^^^^^^^^^^^^^^^^^^^^^^^^^^^^^^^^^^^^^^^^^^^^^^^^^^^^^^^^^^^^^^^^
    )
    ^
  File "C:\Users\Tim\AppData\Local\Programs\Python\Python313\Lib\site-packages\aiogram\dispatcher\router.py", line 174, in _propagate_event
    response = await router.propagate_event(update_type=update_type, event=event, **kwargs)
               ^^^^^^^^^^^^^^^^^^^^^^^^^^^^^^^^^^^^^^^^^^^^^^^^^^^^^^^^^^^^^^^^^^^^^^^^^^^^
  File "C:\Users\Tim\AppData\Local\Programs\Python\Python313\Lib\site-packages\aiogram\dispatcher\router.py", line 146, in propagate_event
    return await observer.wrap_outer_middleware(_wrapped, event=event, data=kwargs)
           ^^^^^^^^^^^^^^^^^^^^^^^^^^^^^^^^^^^^^^^^^^^^^^^^^^^^^^^^^^^^^^^^^^^^^^^^
  File "C:\Users\Tim\AppData\Local\Programs\Python\Python313\Lib\site-packages\aiogram\dispatcher\router.py", line 141, in _wrapped
    return await self._propagate_event(
           ^^^^^^^^^^^^^^^^^^^^^^^^^^^^
        observer=observer, update_type=update_type, event=telegram_event, **data
        ^^^^^^^^^^^^^^^^^^^^^^^^^^^^^^^^^^^^^^^^^^^^^^^^^^^^^^^^^^^^^^^^^^^^^^^^
    )
    ^
  File "C:\Users\Tim\AppData\Local\Programs\Python\Python313\Lib\site-packages\aiogram\dispatcher\router.py", line 166, in _propagate_event
    response = await observer.trigger(event, **kwargs)
               ^^^^^^^^^^^^^^^^^^^^^^^^^^^^^^^^^^^^^^^
  File "C:\Users\Tim\AppData\Local\Programs\Python\Python313\Lib\site-packages\aiogram\dispatcher\event\telegram.py", line 121, in trigger
    return await wrapped_inner(event, kwargs)
           ^^^^^^^^^^^^^^^^^^^^^^^^^^^^^^^^^^
  File "C:\Users\Tim\AppData\Local\Programs\Python\Python313\Lib\site-packages\aiogram\dispatcher\event\handler.py", line 43, in call
    return await wrapped()
           ^^^^^^^^^^^^^^^
  File "C:\Users\Tim\Desktop\code-magnetism\handlers.py", line 405, in cb_progress
    rows = await fetch(
           ^^^^^^^^^^^^
    ...<2 lines>...
    )
    ^
  File "C:\Users\Tim\Desktop\code-magnetism\db.py", line 199, in fetch
    return await conn.fetch(query, *args)
           ^^^^^^^^^^^^^^^^^^^^^^^^^^^^^^
  File "C:\Users\Tim\AppData\Local\Programs\Python\Python313\Lib\site-packages\asyncpg\connection.py", line 690, in fetch
    return await self._execute(
           ^^^^^^^^^^^^^^^^^^^^
    ...<5 lines>...
    )
    ^
  File "C:\Users\Tim\AppData\Local\Programs\Python\Python313\Lib\site-packages\asyncpg\connection.py", line 1864, in _execute
    result, _ = await self.__execute(
                ^^^^^^^^^^^^^^^^^^^^^
    ...<7 lines>...
    )
    ^
  File "C:\Users\Tim\AppData\Local\Programs\Python\Python313\Lib\site-packages\asyncpg\connection.py", line 1961, in __execute
    result, stmt = await self._do_execute(
                   ^^^^^^^^^^^^^^^^^^^^^^^
    ...<5 lines>...
    )
    ^
  File "C:\Users\Tim\AppData\Local\Programs\Python\Python313\Lib\site-packages\asyncpg\connection.py", line 2012, in _do_execute
    stmt = await self._get_statement(
           ^^^^^^^^^^^^^^^^^^^^^^^^^^
    ...<4 lines>...
    )
    ^
  File "C:\Users\Tim\AppData\Local\Programs\Python\Python313\Lib\site-packages\asyncpg\connection.py", line 432, in _get_statement
    statement = await self._protocol.prepare(
                ^^^^^^^^^^^^^^^^^^^^^^^^^^^^^
    ...<5 lines>...
    )
    ^
  File "asyncpg\\protocol\\protocol.pyx", line 165, in prepare
asyncpg.exceptions.UndefinedColumnError: столбец "submitted_at" не существует
2025-09-09 19:29:00,657 | INFO | code-magnetism | Notification sent to admin 1648917869
2025-09-09 19:29:00,692 | INFO | uvicorn.access | 91.108.5.52:0 - "POST /telegram/webhook?secret=change_me HTTP/1.1" 200
2025-09-09 19:29:01,046 | INFO | code-magnetism | Incoming update 49515099
2025-09-09 19:29:01,075 | INFO | code-magnetism | Callback from 815370781 (@goldfinger_uk): menu:progress
2025-09-09 19:29:01,121 | INFO | aiogram.event | Update id=49515099 is not handled. Duration 29 ms by bot id=8095548345
2025-09-09 19:29:01,167 | ERROR | code-magnetism | Ошибка обработки Telegram update 49515099: столбец "submitted_at" не существует
Traceback (most recent call last):
  File "C:\Users\Tim\Desktop\code-magnetism\app.py", line 495, in telegram_webhook
    await dp.feed_update(bot, update)
  File "C:\Users\Tim\AppData\Local\Programs\Python\Python313\Lib\site-packages\aiogram\dispatcher\dispatcher.py", line 158, in feed_update
    response = await self.update.wrap_outer_middleware(
               ^^^^^^^^^^^^^^^^^^^^^^^^^^^^^^^^^^^^^^^^
    ...<7 lines>...
    )
    ^
  File "C:\Users\Tim\AppData\Local\Programs\Python\Python313\Lib\site-packages\aiogram\dispatcher\middlewares\error.py", line 25, in __call__
    return await handler(event, data)
           ^^^^^^^^^^^^^^^^^^^^^^^^^^
  File "C:\Users\Tim\AppData\Local\Programs\Python\Python313\Lib\site-packages\aiogram\dispatcher\middlewares\user_context.py", line 56, in __call__
    return await handler(event, data)
           ^^^^^^^^^^^^^^^^^^^^^^^^^^
  File "C:\Users\Tim\AppData\Local\Programs\Python\Python313\Lib\site-packages\aiogram\fsm\middleware.py", line 42, in __call__
    return await handler(event, data)
           ^^^^^^^^^^^^^^^^^^^^^^^^^^
  File "C:\Users\Tim\AppData\Local\Programs\Python\Python313\Lib\site-packages\aiogram\dispatcher\event\telegram.py", line 121, in trigger
    return await wrapped_inner(event, kwargs)
           ^^^^^^^^^^^^^^^^^^^^^^^^^^^^^^^^^^
  File "C:\Users\Tim\AppData\Local\Programs\Python\Python313\Lib\site-packages\aiogram\dispatcher\event\handler.py", line 43, in call
    return await wrapped()
           ^^^^^^^^^^^^^^^
  File "C:\Users\Tim\AppData\Local\Programs\Python\Python313\Lib\site-packages\aiogram\dispatcher\dispatcher.py", line 276, in _listen_update
    return await self.propagate_event(update_type=update_type, event=event, **kwargs)
           ^^^^^^^^^^^^^^^^^^^^^^^^^^^^^^^^^^^^^^^^^^^^^^^^^^^^^^^^^^^^^^^^^^^^^^^^^^
  File "C:\Users\Tim\AppData\Local\Programs\Python\Python313\Lib\site-packages\aiogram\dispatcher\router.py", line 146, in propagate_event
    return await observer.wrap_outer_middleware(_wrapped, event=event, data=kwargs)
           ^^^^^^^^^^^^^^^^^^^^^^^^^^^^^^^^^^^^^^^^^^^^^^^^^^^^^^^^^^^^^^^^^^^^^^^^
  File "C:\Users\Tim\AppData\Local\Programs\Python\Python313\Lib\site-packages\aiogram\dispatcher\router.py", line 141, in _wrapped
    return await self._propagate_event(
           ^^^^^^^^^^^^^^^^^^^^^^^^^^^^
        observer=observer, update_type=update_type, event=telegram_event, **data
        ^^^^^^^^^^^^^^^^^^^^^^^^^^^^^^^^^^^^^^^^^^^^^^^^^^^^^^^^^^^^^^^^^^^^^^^^
    )
    ^
  File "C:\Users\Tim\AppData\Local\Programs\Python\Python313\Lib\site-packages\aiogram\dispatcher\router.py", line 174, in _propagate_event
    response = await router.propagate_event(update_type=update_type, event=event, **kwargs)
               ^^^^^^^^^^^^^^^^^^^^^^^^^^^^^^^^^^^^^^^^^^^^^^^^^^^^^^^^^^^^^^^^^^^^^^^^^^^^
  File "C:\Users\Tim\AppData\Local\Programs\Python\Python313\Lib\site-packages\aiogram\dispatcher\router.py", line 146, in propagate_event
    return await observer.wrap_outer_middleware(_wrapped, event=event, data=kwargs)
           ^^^^^^^^^^^^^^^^^^^^^^^^^^^^^^^^^^^^^^^^^^^^^^^^^^^^^^^^^^^^^^^^^^^^^^^^
  File "C:\Users\Tim\AppData\Local\Programs\Python\Python313\Lib\site-packages\aiogram\dispatcher\router.py", line 141, in _wrapped
    return await self._propagate_event(
           ^^^^^^^^^^^^^^^^^^^^^^^^^^^^
        observer=observer, update_type=update_type, event=telegram_event, **data
        ^^^^^^^^^^^^^^^^^^^^^^^^^^^^^^^^^^^^^^^^^^^^^^^^^^^^^^^^^^^^^^^^^^^^^^^^
    )
    ^
  File "C:\Users\Tim\AppData\Local\Programs\Python\Python313\Lib\site-packages\aiogram\dispatcher\router.py", line 166, in _propagate_event
    response = await observer.trigger(event, **kwargs)
               ^^^^^^^^^^^^^^^^^^^^^^^^^^^^^^^^^^^^^^^
  File "C:\Users\Tim\AppData\Local\Programs\Python\Python313\Lib\site-packages\aiogram\dispatcher\event\telegram.py", line 121, in trigger
    return await wrapped_inner(event, kwargs)
           ^^^^^^^^^^^^^^^^^^^^^^^^^^^^^^^^^^
  File "C:\Users\Tim\AppData\Local\Programs\Python\Python313\Lib\site-packages\aiogram\dispatcher\event\handler.py", line 43, in call
    return await wrapped()
           ^^^^^^^^^^^^^^^
  File "C:\Users\Tim\Desktop\code-magnetism\handlers.py", line 405, in cb_progress
    rows = await fetch(
           ^^^^^^^^^^^^
    ...<2 lines>...
    )
    ^
  File "C:\Users\Tim\Desktop\code-magnetism\db.py", line 199, in fetch
    return await conn.fetch(query, *args)
           ^^^^^^^^^^^^^^^^^^^^^^^^^^^^^^
  File "C:\Users\Tim\AppData\Local\Programs\Python\Python313\Lib\site-packages\asyncpg\connection.py", line 690, in fetch
    return await self._execute(
           ^^^^^^^^^^^^^^^^^^^^
    ...<5 lines>...
    )
    ^
  File "C:\Users\Tim\AppData\Local\Programs\Python\Python313\Lib\site-packages\asyncpg\connection.py", line 1864, in _execute
    result, _ = await self.__execute(
                ^^^^^^^^^^^^^^^^^^^^^
    ...<7 lines>...
    )
    ^
  File "C:\Users\Tim\AppData\Local\Programs\Python\Python313\Lib\site-packages\asyncpg\connection.py", line 1961, in __execute
    result, stmt = await self._do_execute(
                   ^^^^^^^^^^^^^^^^^^^^^^^
    ...<5 lines>...
    )
    ^
  File "C:\Users\Tim\AppData\Local\Programs\Python\Python313\Lib\site-packages\asyncpg\connection.py", line 2012, in _do_execute
    stmt = await self._get_statement(
           ^^^^^^^^^^^^^^^^^^^^^^^^^^
    ...<4 lines>...
    )
    ^
  File "C:\Users\Tim\AppData\Local\Programs\Python\Python313\Lib\site-packages\asyncpg\connection.py", line 432, in _get_statement
    statement = await self._protocol.prepare(
                ^^^^^^^^^^^^^^^^^^^^^^^^^^^^^
    ...<5 lines>...
    )
    ^
  File "asyncpg\\protocol\\protocol.pyx", line 165, in prepare
asyncpg.exceptions.UndefinedColumnError: столбец "submitted_at" не существует
2025-09-09 19:29:01,464 | INFO | code-magnetism | Notification sent to admin 1648917869
2025-09-09 19:29:01,505 | INFO | uvicorn.access | 91.108.5.52:0 - "POST /telegram/webhook?secret=change_me HTTP/1.1" 200
2025-09-09 19:29:01,886 | INFO | code-magnetism | Incoming update 49515100
2025-09-09 19:29:01,930 | INFO | code-magnetism | Callback from 815370781 (@goldfinger_uk): menu:progress
2025-09-09 19:29:01,954 | INFO | aiogram.event | Update id=49515100 is not handled. Duration 15 ms by bot id=8095548345
2025-09-09 19:29:01,959 | ERROR | code-magnetism | Ошибка обработки Telegram update 49515100: столбец "submitted_at" не существует
Traceback (most recent call last):
  File "C:\Users\Tim\Desktop\code-magnetism\app.py", line 495, in telegram_webhook
    await dp.feed_update(bot, update)
  File "C:\Users\Tim\AppData\Local\Programs\Python\Python313\Lib\site-packages\aiogram\dispatcher\dispatcher.py", line 158, in feed_update
    response = await self.update.wrap_outer_middleware(
               ^^^^^^^^^^^^^^^^^^^^^^^^^^^^^^^^^^^^^^^^
    ...<7 lines>...
    )
    ^
  File "C:\Users\Tim\AppData\Local\Programs\Python\Python313\Lib\site-packages\aiogram\dispatcher\middlewares\error.py", line 25, in __call__
    return await handler(event, data)
           ^^^^^^^^^^^^^^^^^^^^^^^^^^
  File "C:\Users\Tim\AppData\Local\Programs\Python\Python313\Lib\site-packages\aiogram\dispatcher\middlewares\user_context.py", line 56, in __call__
    return await handler(event, data)
           ^^^^^^^^^^^^^^^^^^^^^^^^^^
  File "C:\Users\Tim\AppData\Local\Programs\Python\Python313\Lib\site-packages\aiogram\fsm\middleware.py", line 42, in __call__
    return await handler(event, data)
           ^^^^^^^^^^^^^^^^^^^^^^^^^^
  File "C:\Users\Tim\AppData\Local\Programs\Python\Python313\Lib\site-packages\aiogram\dispatcher\event\telegram.py", line 121, in trigger
    return await wrapped_inner(event, kwargs)
           ^^^^^^^^^^^^^^^^^^^^^^^^^^^^^^^^^^
  File "C:\Users\Tim\AppData\Local\Programs\Python\Python313\Lib\site-packages\aiogram\dispatcher\event\handler.py", line 43, in call
    return await wrapped()
           ^^^^^^^^^^^^^^^
  File "C:\Users\Tim\AppData\Local\Programs\Python\Python313\Lib\site-packages\aiogram\dispatcher\dispatcher.py", line 276, in _listen_update
    return await self.propagate_event(update_type=update_type, event=event, **kwargs)
           ^^^^^^^^^^^^^^^^^^^^^^^^^^^^^^^^^^^^^^^^^^^^^^^^^^^^^^^^^^^^^^^^^^^^^^^^^^
  File "C:\Users\Tim\AppData\Local\Programs\Python\Python313\Lib\site-packages\aiogram\dispatcher\router.py", line 146, in propagate_event
    return await observer.wrap_outer_middleware(_wrapped, event=event, data=kwargs)
           ^^^^^^^^^^^^^^^^^^^^^^^^^^^^^^^^^^^^^^^^^^^^^^^^^^^^^^^^^^^^^^^^^^^^^^^^
  File "C:\Users\Tim\AppData\Local\Programs\Python\Python313\Lib\site-packages\aiogram\dispatcher\router.py", line 141, in _wrapped
    return await self._propagate_event(
           ^^^^^^^^^^^^^^^^^^^^^^^^^^^^
        observer=observer, update_type=update_type, event=telegram_event, **data
        ^^^^^^^^^^^^^^^^^^^^^^^^^^^^^^^^^^^^^^^^^^^^^^^^^^^^^^^^^^^^^^^^^^^^^^^^
    )
    ^
  File "C:\Users\Tim\AppData\Local\Programs\Python\Python313\Lib\site-packages\aiogram\dispatcher\router.py", line 174, in _propagate_event
    response = await router.propagate_event(update_type=update_type, event=event, **kwargs)
               ^^^^^^^^^^^^^^^^^^^^^^^^^^^^^^^^^^^^^^^^^^^^^^^^^^^^^^^^^^^^^^^^^^^^^^^^^^^^
  File "C:\Users\Tim\AppData\Local\Programs\Python\Python313\Lib\site-packages\aiogram\dispatcher\router.py", line 146, in propagate_event
    return await observer.wrap_outer_middleware(_wrapped, event=event, data=kwargs)
           ^^^^^^^^^^^^^^^^^^^^^^^^^^^^^^^^^^^^^^^^^^^^^^^^^^^^^^^^^^^^^^^^^^^^^^^^
  File "C:\Users\Tim\AppData\Local\Programs\Python\Python313\Lib\site-packages\aiogram\dispatcher\router.py", line 141, in _wrapped
    return await self._propagate_event(
           ^^^^^^^^^^^^^^^^^^^^^^^^^^^^
        observer=observer, update_type=update_type, event=telegram_event, **data
        ^^^^^^^^^^^^^^^^^^^^^^^^^^^^^^^^^^^^^^^^^^^^^^^^^^^^^^^^^^^^^^^^^^^^^^^^
    )
    ^
  File "C:\Users\Tim\AppData\Local\Programs\Python\Python313\Lib\site-packages\aiogram\dispatcher\router.py", line 166, in _propagate_event
    response = await observer.trigger(event, **kwargs)
               ^^^^^^^^^^^^^^^^^^^^^^^^^^^^^^^^^^^^^^^
  File "C:\Users\Tim\AppData\Local\Programs\Python\Python313\Lib\site-packages\aiogram\dispatcher\event\telegram.py", line 121, in trigger
    return await wrapped_inner(event, kwargs)
           ^^^^^^^^^^^^^^^^^^^^^^^^^^^^^^^^^^
  File "C:\Users\Tim\AppData\Local\Programs\Python\Python313\Lib\site-packages\aiogram\dispatcher\event\handler.py", line 43, in call
    return await wrapped()
           ^^^^^^^^^^^^^^^
  File "C:\Users\Tim\Desktop\code-magnetism\handlers.py", line 405, in cb_progress
    rows = await fetch(
           ^^^^^^^^^^^^
    ...<2 lines>...
    )
    ^
  File "C:\Users\Tim\Desktop\code-magnetism\db.py", line 199, in fetch
    return await conn.fetch(query, *args)
           ^^^^^^^^^^^^^^^^^^^^^^^^^^^^^^
  File "C:\Users\Tim\AppData\Local\Programs\Python\Python313\Lib\site-packages\asyncpg\connection.py", line 690, in fetch
    return await self._execute(
           ^^^^^^^^^^^^^^^^^^^^
    ...<5 lines>...
    )
    ^
  File "C:\Users\Tim\AppData\Local\Programs\Python\Python313\Lib\site-packages\asyncpg\connection.py", line 1864, in _execute
    result, _ = await self.__execute(
                ^^^^^^^^^^^^^^^^^^^^^
    ...<7 lines>...
    )
    ^
  File "C:\Users\Tim\AppData\Local\Programs\Python\Python313\Lib\site-packages\asyncpg\connection.py", line 1961, in __execute
    result, stmt = await self._do_execute(
                   ^^^^^^^^^^^^^^^^^^^^^^^
    ...<5 lines>...
    )
    ^
  File "C:\Users\Tim\AppData\Local\Programs\Python\Python313\Lib\site-packages\asyncpg\connection.py", line 2012, in _do_execute
    stmt = await self._get_statement(
           ^^^^^^^^^^^^^^^^^^^^^^^^^^
    ...<4 lines>...
    )
    ^
  File "C:\Users\Tim\AppData\Local\Programs\Python\Python313\Lib\site-packages\asyncpg\connection.py", line 432, in _get_statement
    statement = await self._protocol.prepare(
                ^^^^^^^^^^^^^^^^^^^^^^^^^^^^^
    ...<5 lines>...
    )
    ^
  File "asyncpg\\protocol\\protocol.pyx", line 165, in prepare
asyncpg.exceptions.UndefinedColumnError: столбец "submitted_at" не существует
2025-09-09 19:29:02,459 | INFO | code-magnetism | Notification sent to admin 1648917869
2025-09-09 19:29:02,511 | INFO | uvicorn.access | 91.108.5.52:0 - "POST /telegram/webhook?secret=change_me HTTP/1.1" 200
2025-09-09 19:29:05,178 | INFO | code-magnetism | Incoming update 49515101
2025-09-09 19:29:05,196 | INFO | code-magnetism | Callback from 815370781 (@goldfinger_uk): menu:about
2025-09-09 19:29:05,476 | INFO | aiogram.event | Update id=49515101 is not handled. Duration 260 ms by bot id=8095548345
2025-09-09 19:29:05,494 | ERROR | code-magnetism | Ошибка обработки Telegram update 49515101: Telegram server says - Bad Request: message is not modified: specified new message content and reply markup are exactly the same as a current content and reply markup of the message
Traceback (most recent call last):
  File "C:\Users\Tim\Desktop\code-magnetism\app.py", line 495, in telegram_webhook
    await dp.feed_update(bot, update)
  File "C:\Users\Tim\AppData\Local\Programs\Python\Python313\Lib\site-packages\aiogram\dispatcher\dispatcher.py", line 158, in feed_update
    response = await self.update.wrap_outer_middleware(
               ^^^^^^^^^^^^^^^^^^^^^^^^^^^^^^^^^^^^^^^^
    ...<7 lines>...
    )
    ^
  File "C:\Users\Tim\AppData\Local\Programs\Python\Python313\Lib\site-packages\aiogram\dispatcher\middlewares\error.py", line 25, in __call__
    return await handler(event, data)
           ^^^^^^^^^^^^^^^^^^^^^^^^^^
  File "C:\Users\Tim\AppData\Local\Programs\Python\Python313\Lib\site-packages\aiogram\dispatcher\middlewares\user_context.py", line 56, in __call__
    return await handler(event, data)
           ^^^^^^^^^^^^^^^^^^^^^^^^^^
  File "C:\Users\Tim\AppData\Local\Programs\Python\Python313\Lib\site-packages\aiogram\fsm\middleware.py", line 42, in __call__
    return await handler(event, data)
           ^^^^^^^^^^^^^^^^^^^^^^^^^^
  File "C:\Users\Tim\AppData\Local\Programs\Python\Python313\Lib\site-packages\aiogram\dispatcher\event\telegram.py", line 121, in trigger
    return await wrapped_inner(event, kwargs)
           ^^^^^^^^^^^^^^^^^^^^^^^^^^^^^^^^^^
  File "C:\Users\Tim\AppData\Local\Programs\Python\Python313\Lib\site-packages\aiogram\dispatcher\event\handler.py", line 43, in call
    return await wrapped()
           ^^^^^^^^^^^^^^^
  File "C:\Users\Tim\AppData\Local\Programs\Python\Python313\Lib\site-packages\aiogram\dispatcher\dispatcher.py", line 276, in _listen_update
    return await self.propagate_event(update_type=update_type, event=event, **kwargs)
           ^^^^^^^^^^^^^^^^^^^^^^^^^^^^^^^^^^^^^^^^^^^^^^^^^^^^^^^^^^^^^^^^^^^^^^^^^^
  File "C:\Users\Tim\AppData\Local\Programs\Python\Python313\Lib\site-packages\aiogram\dispatcher\router.py", line 146, in propagate_event
    return await observer.wrap_outer_middleware(_wrapped, event=event, data=kwargs)
           ^^^^^^^^^^^^^^^^^^^^^^^^^^^^^^^^^^^^^^^^^^^^^^^^^^^^^^^^^^^^^^^^^^^^^^^^
  File "C:\Users\Tim\AppData\Local\Programs\Python\Python313\Lib\site-packages\aiogram\dispatcher\router.py", line 141, in _wrapped
    return await self._propagate_event(
           ^^^^^^^^^^^^^^^^^^^^^^^^^^^^
        observer=observer, update_type=update_type, event=telegram_event, **data
        ^^^^^^^^^^^^^^^^^^^^^^^^^^^^^^^^^^^^^^^^^^^^^^^^^^^^^^^^^^^^^^^^^^^^^^^^
    )
    ^
  File "C:\Users\Tim\AppData\Local\Programs\Python\Python313\Lib\site-packages\aiogram\dispatcher\router.py", line 174, in _propagate_event
    response = await router.propagate_event(update_type=update_type, event=event, **kwargs)
               ^^^^^^^^^^^^^^^^^^^^^^^^^^^^^^^^^^^^^^^^^^^^^^^^^^^^^^^^^^^^^^^^^^^^^^^^^^^^
  File "C:\Users\Tim\AppData\Local\Programs\Python\Python313\Lib\site-packages\aiogram\dispatcher\router.py", line 146, in propagate_event
    return await observer.wrap_outer_middleware(_wrapped, event=event, data=kwargs)
           ^^^^^^^^^^^^^^^^^^^^^^^^^^^^^^^^^^^^^^^^^^^^^^^^^^^^^^^^^^^^^^^^^^^^^^^^
  File "C:\Users\Tim\AppData\Local\Programs\Python\Python313\Lib\site-packages\aiogram\dispatcher\router.py", line 141, in _wrapped
    return await self._propagate_event(
           ^^^^^^^^^^^^^^^^^^^^^^^^^^^^
        observer=observer, update_type=update_type, event=telegram_event, **data
        ^^^^^^^^^^^^^^^^^^^^^^^^^^^^^^^^^^^^^^^^^^^^^^^^^^^^^^^^^^^^^^^^^^^^^^^^
    )
    ^
  File "C:\Users\Tim\AppData\Local\Programs\Python\Python313\Lib\site-packages\aiogram\dispatcher\router.py", line 166, in _propagate_event
    response = await observer.trigger(event, **kwargs)
               ^^^^^^^^^^^^^^^^^^^^^^^^^^^^^^^^^^^^^^^
  File "C:\Users\Tim\AppData\Local\Programs\Python\Python313\Lib\site-packages\aiogram\dispatcher\event\telegram.py", line 121, in trigger
    return await wrapped_inner(event, kwargs)
           ^^^^^^^^^^^^^^^^^^^^^^^^^^^^^^^^^^
  File "C:\Users\Tim\AppData\Local\Programs\Python\Python313\Lib\site-packages\aiogram\dispatcher\event\handler.py", line 43, in call
    return await wrapped()
           ^^^^^^^^^^^^^^^
  File "C:\Users\Tim\Desktop\code-magnetism\handlers.py", line 378, in cb_about
    await cb.message.edit_text(text, reply_markup=main_menu(await is_member(user), has_pay=bool(AT_PRODUCT_ID_CLUB)))
  File "C:\Users\Tim\AppData\Local\Programs\Python\Python313\Lib\site-packages\aiogram\methods\base.py", line 84, in emit
    return await bot(self)
           ^^^^^^^^^^^^^^^
  File "C:\Users\Tim\AppData\Local\Programs\Python\Python313\Lib\site-packages\aiogram\client\bot.py", line 485, in __call__
    return await self.session(self, method, timeout=request_timeout)
           ^^^^^^^^^^^^^^^^^^^^^^^^^^^^^^^^^^^^^^^^^^^^^^^^^^^^^^^^^
  File "C:\Users\Tim\AppData\Local\Programs\Python\Python313\Lib\site-packages\aiogram\client\session\base.py", line 254, in __call__
    return cast(TelegramType, await middleware(bot, method))
                              ^^^^^^^^^^^^^^^^^^^^^^^^^^^^^
  File "C:\Users\Tim\AppData\Local\Programs\Python\Python313\Lib\site-packages\aiogram\client\session\aiohttp.py", line 185, in make_request
    response = self.check_response(
        bot=bot, method=method, status_code=resp.status, content=raw_result
    )
  File "C:\Users\Tim\AppData\Local\Programs\Python\Python313\Lib\site-packages\aiogram\client\session\base.py", line 120, in check_response
    raise TelegramBadRequest(method=method, message=description)
aiogram.exceptions.TelegramBadRequest: Telegram server says - Bad Request: message is not modified: specified new message content and reply markup are exactly the same as a current content and reply markup of the message
2025-09-09 19:29:05,828 | INFO | code-magnetism | Notification sent to admin 1648917869
2025-09-09 19:29:05,830 | INFO | uvicorn.access | 91.108.5.52:0 - "POST /telegram/webhook?secret=change_me HTTP/1.1" 200
2025-09-09 19:29:08,179 | INFO | code-magnetism | Incoming update 49515102
2025-09-09 19:29:08,246 | INFO | code-magnetism | Message from 815370781 (@goldfinger_uk): /start
2025-09-09 19:29:08,827 | INFO | aiogram.event | Update id=49515102 is handled. Duration 492 ms by bot id=8095548345
2025-09-09 19:29:08,861 | INFO | code-magnetism | Update 49515102 processed successfully
2025-09-09 19:29:08,865 | INFO | uvicorn.access | 91.108.5.52:0 - "POST /telegram/webhook?secret=change_me HTTP/1.1" 200
2025-09-09 19:29:10,641 | INFO | code-magnetism | Incoming update 49515103
2025-09-09 19:29:10,671 | INFO | code-magnetism | Message from 815370781 (@goldfinger_uk): /profile
2025-09-09 19:29:10,963 | INFO | aiogram.event | Update id=49515103 is handled. Duration 281 ms by bot id=8095548345
2025-09-09 19:29:11,064 | INFO | code-magnetism | Update 49515103 processed successfully
2025-09-09 19:29:11,256 | INFO | uvicorn.access | 91.108.5.52:0 - "POST /telegram/webhook?secret=change_me HTTP/1.1" 200
2025-09-09 19:29:13,695 | INFO | code-magnetism | Incoming update 49515104
2025-09-09 19:29:13,757 | INFO | code-magnetism | Callback from 815370781 (@goldfinger_uk): profile:email
2025-09-09 19:29:14,575 | INFO | aiogram.event | Update id=49515104 is handled. Duration 810 ms by bot id=8095548345
2025-09-09 19:29:14,668 | INFO | code-magnetism | Update 49515104 processed successfully
2025-09-09 19:29:14,713 | INFO | uvicorn.access | 91.108.5.52:0 - "POST /telegram/webhook?secret=change_me HTTP/1.1" 200
2025-09-09 19:29:26,039 | INFO | code-magnetism | Incoming update 49515105
2025-09-09 19:29:26,043 | INFO | code-magnetism | Message from 815370781 (@goldfinger_uk): test@mail.ru
2025-09-09 19:29:26,057 | INFO | aiogram.event | Update id=49515105 is handled. Duration 5 ms by bot id=8095548345
2025-09-09 19:29:26,060 | INFO | code-magnetism | Update 49515105 processed successfully
2025-09-09 19:29:26,063 | INFO | uvicorn.access | 91.108.5.52:0 - "POST /telegram/webhook?secret=change_me HTTP/1.1" 200
2025-09-09 19:29:47,392 | INFO | code-magnetism | Incoming update 49515106
2025-09-09 19:29:47,406 | INFO | code-magnetism | Callback from 815370781 (@goldfinger_uk): cancel
2025-09-09 19:29:48,490 | INFO | aiogram.event | Update id=49515106 is handled. Duration 1082 ms by bot id=8095548345
2025-09-09 19:29:48,639 | INFO | code-magnetism | Update 49515106 processed successfully
2025-09-09 19:29:48,645 | INFO | uvicorn.access | 91.108.5.52:0 - "POST /telegram/webhook?secret=change_me HTTP/1.1" 200
2025-09-09 19:29:49,011 | INFO | code-magnetism | Incoming update 49515107
2025-09-09 19:29:49,013 | INFO | code-magnetism | Callback from 815370781 (@goldfinger_uk): menu:back
2025-09-09 19:29:49,043 | INFO | aiogram.event | Update id=49515107 is not handled. Duration 20 ms by bot id=8095548345
2025-09-09 19:29:49,044 | INFO | code-magnetism | Update 49515107 processed successfully
2025-09-09 19:29:49,048 | INFO | uvicorn.access | 91.108.5.52:0 - "POST /telegram/webhook?secret=change_me HTTP/1.1" 200
2025-09-09 19:29:52,091 | INFO | code-magnetism | Incoming update 49515108
2025-09-09 19:29:52,096 | INFO | code-magnetism | Callback from 815370781 (@goldfinger_uk): menu:back
2025-09-09 19:29:52,155 | INFO | aiogram.event | Update id=49515108 is not handled. Duration 37 ms by bot id=8095548345
2025-09-09 19:29:52,159 | INFO | code-magnetism | Update 49515108 processed successfully
2025-09-09 19:29:52,163 | INFO | uvicorn.access | 91.108.5.52:0 - "POST /telegram/webhook?secret=change_me HTTP/1.1" 200
2025-09-09 19:29:53,245 | INFO | code-magnetism | Incoming update 49515109
2025-09-09 19:29:53,276 | INFO | code-magnetism | Callback from 815370781 (@goldfinger_uk): cancel
2025-09-09 19:29:53,369 | INFO | aiogram.event | Update id=49515109 is handled. Duration 35 ms by bot id=8095548345
2025-09-09 19:29:53,376 | INFO | code-magnetism | Update 49515109 processed successfully
2025-09-09 19:29:53,393 | INFO | uvicorn.access | 91.108.5.52:0 - "POST /telegram/webhook?secret=change_me HTTP/1.1" 200
2025-09-09 19:30:08,371 | INFO | code-magnetism | Incoming update 49515110
2025-09-09 19:30:08,372 | INFO | code-magnetism | Callback from 815370781 (@goldfinger_uk): menu:back
2025-09-09 19:30:08,395 | INFO | aiogram.event | Update id=49515110 is not handled. Duration 14 ms by bot id=8095548345
2025-09-09 19:30:08,396 | INFO | code-magnetism | Update 49515110 processed successfully
2025-09-09 19:30:08,403 | INFO | uvicorn.access | 91.108.5.52:0 - "POST /telegram/webhook?secret=change_me HTTP/1.1" 200
2025-09-09 19:30:12,023 | INFO | code-magnetism | Incoming update 49515111
2025-09-09 19:30:12,024 | INFO | code-magnetism | Callback from 815370781 (@goldfinger_uk): cancel
2025-09-09 19:30:12,041 | INFO | aiogram.event | Update id=49515111 is handled. Duration 9 ms by bot id=8095548345
2025-09-09 19:30:12,042 | INFO | code-magnetism | Update 49515111 processed successfully
2025-09-09 19:30:12,045 | INFO | uvicorn.access | 91.108.5.52:0 - "POST /telegram/webhook?secret=change_me HTTP/1.1" 200
2025-09-09 19:30:15,312 | INFO | code-magnetism | Incoming update 49515112
2025-09-09 19:30:15,313 | INFO | code-magnetism | Callback from 815370781 (@goldfinger_uk): cancel
2025-09-09 19:30:15,331 | INFO | aiogram.event | Update id=49515112 is handled. Duration 14 ms by bot id=8095548345
2025-09-09 19:30:15,332 | INFO | code-magnetism | Update 49515112 processed successfully
2025-09-09 19:30:15,334 | INFO | uvicorn.access | 91.108.5.52:0 - "POST /telegram/webhook?secret=change_me HTTP/1.1" 200
2025-09-09 19:30:15,630 | INFO | code-magnetism | Incoming update 49515113
2025-09-09 19:30:15,631 | INFO | code-magnetism | Callback from 815370781 (@goldfinger_uk): cancel
2025-09-09 19:30:15,650 | INFO | aiogram.event | Update id=49515113 is handled. Duration 10 ms by bot id=8095548345
2025-09-09 19:30:15,654 | INFO | code-magnetism | Update 49515113 processed successfully
2025-09-09 19:30:15,657 | INFO | uvicorn.access | 91.108.5.52:0 - "POST /telegram/webhook?secret=change_me HTTP/1.1" 200
2025-09-09 19:30:15,940 | INFO | code-magnetism | Incoming update 49515114
2025-09-09 19:30:15,941 | INFO | code-magnetism | Callback from 815370781 (@goldfinger_uk): cancel
2025-09-09 19:30:15,961 | INFO | aiogram.event | Update id=49515114 is handled. Duration 12 ms by bot id=8095548345
2025-09-09 19:30:15,962 | INFO | code-magnetism | Update 49515114 processed successfully
2025-09-09 19:30:16,028 | INFO | uvicorn.access | 91.108.5.52:0 - "POST /telegram/webhook?secret=change_me HTTP/1.1" 200
2025-09-09 19:30:17,392 | INFO | code-magnetism | Incoming update 49515115
2025-09-09 19:30:17,393 | INFO | code-magnetism | Callback from 815370781 (@goldfinger_uk): profile:email
2025-09-09 19:30:18,326 | INFO | aiogram.event | Update id=49515115 is handled. Duration 925 ms by bot id=8095548345
2025-09-09 19:30:18,328 | INFO | code-magnetism | Update 49515115 processed successfully
2025-09-09 19:30:18,334 | INFO | uvicorn.access | 91.108.5.52:0 - "POST /telegram/webhook?secret=change_me HTTP/1.1" 200
2025-09-09 19:30:19,688 | INFO | code-magnetism | Incoming update 49515116
2025-09-09 19:30:19,689 | INFO | code-magnetism | Callback from 815370781 (@goldfinger_uk): menu:funnel
2025-09-09 19:30:20,249 | INFO | aiogram.event | Update id=49515116 is handled. Duration 553 ms by bot id=8095548345
2025-09-09 19:30:20,250 | INFO | code-magnetism | Update 49515116 processed successfully
2025-09-09 19:30:20,257 | INFO | uvicorn.access | 91.108.5.52:0 - "POST /telegram/webhook?secret=change_me HTTP/1.1" 200
2025-09-09 19:30:22,341 | INFO | code-magnetism | Incoming update 49515117
2025-09-09 19:30:22,342 | INFO | code-magnetism | Callback from 815370781 (@goldfinger_uk): menu:funnel
2025-09-09 19:30:22,661 | INFO | aiogram.event | Update id=49515117 is not handled. Duration 311 ms by bot id=8095548345
2025-09-09 19:30:22,662 | ERROR | code-magnetism | Ошибка обработки Telegram update 49515117: Telegram server says - Bad Request: message is not modified: specified new message content and reply markup are exactly the same as a current content and reply markup of the message
Traceback (most recent call last):
  File "C:\Users\Tim\Desktop\code-magnetism\app.py", line 495, in telegram_webhook
    await dp.feed_update(bot, update)
  File "C:\Users\Tim\AppData\Local\Programs\Python\Python313\Lib\site-packages\aiogram\dispatcher\dispatcher.py", line 158, in feed_update
    response = await self.update.wrap_outer_middleware(
               ^^^^^^^^^^^^^^^^^^^^^^^^^^^^^^^^^^^^^^^^
    ...<7 lines>...
    )
    ^
  File "C:\Users\Tim\AppData\Local\Programs\Python\Python313\Lib\site-packages\aiogram\dispatcher\middlewares\error.py", line 25, in __call__
    return await handler(event, data)
           ^^^^^^^^^^^^^^^^^^^^^^^^^^
  File "C:\Users\Tim\AppData\Local\Programs\Python\Python313\Lib\site-packages\aiogram\dispatcher\middlewares\user_context.py", line 56, in __call__
    return await handler(event, data)
           ^^^^^^^^^^^^^^^^^^^^^^^^^^
  File "C:\Users\Tim\AppData\Local\Programs\Python\Python313\Lib\site-packages\aiogram\fsm\middleware.py", line 42, in __call__
    return await handler(event, data)
           ^^^^^^^^^^^^^^^^^^^^^^^^^^
  File "C:\Users\Tim\AppData\Local\Programs\Python\Python313\Lib\site-packages\aiogram\dispatcher\event\telegram.py", line 121, in trigger
    return await wrapped_inner(event, kwargs)
           ^^^^^^^^^^^^^^^^^^^^^^^^^^^^^^^^^^
  File "C:\Users\Tim\AppData\Local\Programs\Python\Python313\Lib\site-packages\aiogram\dispatcher\event\handler.py", line 43, in call
    return await wrapped()
           ^^^^^^^^^^^^^^^
  File "C:\Users\Tim\AppData\Local\Programs\Python\Python313\Lib\site-packages\aiogram\dispatcher\dispatcher.py", line 276, in _listen_update
    return await self.propagate_event(update_type=update_type, event=event, **kwargs)
           ^^^^^^^^^^^^^^^^^^^^^^^^^^^^^^^^^^^^^^^^^^^^^^^^^^^^^^^^^^^^^^^^^^^^^^^^^^
  File "C:\Users\Tim\AppData\Local\Programs\Python\Python313\Lib\site-packages\aiogram\dispatcher\router.py", line 146, in propagate_event
    return await observer.wrap_outer_middleware(_wrapped, event=event, data=kwargs)
           ^^^^^^^^^^^^^^^^^^^^^^^^^^^^^^^^^^^^^^^^^^^^^^^^^^^^^^^^^^^^^^^^^^^^^^^^
  File "C:\Users\Tim\AppData\Local\Programs\Python\Python313\Lib\site-packages\aiogram\dispatcher\router.py", line 141, in _wrapped
    return await self._propagate_event(
           ^^^^^^^^^^^^^^^^^^^^^^^^^^^^
        observer=observer, update_type=update_type, event=telegram_event, **data
        ^^^^^^^^^^^^^^^^^^^^^^^^^^^^^^^^^^^^^^^^^^^^^^^^^^^^^^^^^^^^^^^^^^^^^^^^
    )
    ^
  File "C:\Users\Tim\AppData\Local\Programs\Python\Python313\Lib\site-packages\aiogram\dispatcher\router.py", line 174, in _propagate_event
    response = await router.propagate_event(update_type=update_type, event=event, **kwargs)
               ^^^^^^^^^^^^^^^^^^^^^^^^^^^^^^^^^^^^^^^^^^^^^^^^^^^^^^^^^^^^^^^^^^^^^^^^^^^^
  File "C:\Users\Tim\AppData\Local\Programs\Python\Python313\Lib\site-packages\aiogram\dispatcher\router.py", line 146, in propagate_event
    return await observer.wrap_outer_middleware(_wrapped, event=event, data=kwargs)
           ^^^^^^^^^^^^^^^^^^^^^^^^^^^^^^^^^^^^^^^^^^^^^^^^^^^^^^^^^^^^^^^^^^^^^^^^
  File "C:\Users\Tim\AppData\Local\Programs\Python\Python313\Lib\site-packages\aiogram\dispatcher\router.py", line 141, in _wrapped
    return await self._propagate_event(
           ^^^^^^^^^^^^^^^^^^^^^^^^^^^^
        observer=observer, update_type=update_type, event=telegram_event, **data
        ^^^^^^^^^^^^^^^^^^^^^^^^^^^^^^^^^^^^^^^^^^^^^^^^^^^^^^^^^^^^^^^^^^^^^^^^
    )
    ^
  File "C:\Users\Tim\AppData\Local\Programs\Python\Python313\Lib\site-packages\aiogram\dispatcher\router.py", line 166, in _propagate_event
    response = await observer.trigger(event, **kwargs)
               ^^^^^^^^^^^^^^^^^^^^^^^^^^^^^^^^^^^^^^^
  File "C:\Users\Tim\AppData\Local\Programs\Python\Python313\Lib\site-packages\aiogram\dispatcher\event\telegram.py", line 121, in trigger
    return await wrapped_inner(event, kwargs)
           ^^^^^^^^^^^^^^^^^^^^^^^^^^^^^^^^^^
  File "C:\Users\Tim\AppData\Local\Programs\Python\Python313\Lib\site-packages\aiogram\dispatcher\event\handler.py", line 43, in call
    return await wrapped()
           ^^^^^^^^^^^^^^^
  File "C:\Users\Tim\Desktop\code-magnetism\handlers.py", line 437, in cb_funnel
    await cb.message.edit_text(text, reply_markup=main_menu(await is_member(user), has_pay=bool(AT_PRODUCT_ID_CLUB)))
  File "C:\Users\Tim\AppData\Local\Programs\Python\Python313\Lib\site-packages\aiogram\methods\base.py", line 84, in emit
    return await bot(self)
           ^^^^^^^^^^^^^^^
  File "C:\Users\Tim\AppData\Local\Programs\Python\Python313\Lib\site-packages\aiogram\client\bot.py", line 485, in __call__
    return await self.session(self, method, timeout=request_timeout)
           ^^^^^^^^^^^^^^^^^^^^^^^^^^^^^^^^^^^^^^^^^^^^^^^^^^^^^^^^^
  File "C:\Users\Tim\AppData\Local\Programs\Python\Python313\Lib\site-packages\aiogram\client\session\base.py", line 254, in __call__
    return cast(TelegramType, await middleware(bot, method))
                              ^^^^^^^^^^^^^^^^^^^^^^^^^^^^^
  File "C:\Users\Tim\AppData\Local\Programs\Python\Python313\Lib\site-packages\aiogram\client\session\aiohttp.py", line 185, in make_request
    response = self.check_response(
        bot=bot, method=method, status_code=resp.status, content=raw_result
    )
  File "C:\Users\Tim\AppData\Local\Programs\Python\Python313\Lib\site-packages\aiogram\client\session\base.py", line 120, in check_response
    raise TelegramBadRequest(method=method, message=description)
aiogram.exceptions.TelegramBadRequest: Telegram server says - Bad Request: message is not modified: specified new message content and reply markup are exactly the same as a current content and reply markup of the message
2025-09-09 19:30:23,000 | INFO | code-magnetism | Notification sent to admin 1648917869
2025-09-09 19:30:23,002 | INFO | uvicorn.access | 91.108.5.52:0 - "POST /telegram/webhook?secret=change_me HTTP/1.1" 200
2025-09-09 19:30:25,802 | INFO | code-magnetism | Incoming update 49515118
2025-09-09 19:30:25,803 | INFO | code-magnetism | Callback from 815370781 (@goldfinger_uk): cancel
2025-09-09 19:30:26,276 | INFO | aiogram.event | Update id=49515118 is handled. Duration 466 ms by bot id=8095548345
2025-09-09 19:30:26,277 | INFO | code-magnetism | Update 49515118 processed successfully
2025-09-09 19:30:26,342 | INFO | uvicorn.access | 91.108.5.52:0 - "POST /telegram/webhook?secret=change_me HTTP/1.1" 200
2025-09-09 19:30:32,424 | INFO | code-magnetism | Incoming update 49515119
2025-09-09 19:30:32,424 | INFO | code-magnetism | Message from 815370781 (@goldfinger_uk): /start
2025-09-09 19:30:33,589 | INFO | aiogram.event | Update id=49515119 is handled. Duration 1155 ms by bot id=8095548345
2025-09-09 19:30:33,590 | INFO | code-magnetism | Update 49515119 processed successfully
2025-09-09 19:30:33,596 | INFO | uvicorn.access | 91.108.5.52:0 - "POST /telegram/webhook?secret=change_me HTTP/1.1" 200
2025-09-09 19:30:35,476 | INFO | code-magnetism | Incoming update 49515120
2025-09-09 19:30:35,477 | INFO | code-magnetism | Callback from 815370781 (@goldfinger_uk): menu:about
2025-09-09 19:30:36,041 | INFO | aiogram.event | Update id=49515120 is handled. Duration 555 ms by bot id=8095548345
2025-09-09 19:30:36,042 | INFO | code-magnetism | Update 49515120 processed successfully
2025-09-09 19:30:36,050 | INFO | uvicorn.access | 91.108.5.52:0 - "POST /telegram/webhook?secret=change_me HTTP/1.1" 200
2025-09-09 19:30:37,768 | INFO | code-magnetism | Incoming update 49515121
2025-09-09 19:30:37,769 | INFO | code-magnetism | Callback from 815370781 (@goldfinger_uk): menu:about
2025-09-09 19:30:38,055 | INFO | aiogram.event | Update id=49515121 is not handled. Duration 279 ms by bot id=8095548345
2025-09-09 19:30:38,056 | ERROR | code-magnetism | Ошибка обработки Telegram update 49515121: Telegram server says - Bad Request: message is not modified: specified new message content and reply markup are exactly the same as a current content and reply markup of the message
Traceback (most recent call last):
  File "C:\Users\Tim\Desktop\code-magnetism\app.py", line 495, in telegram_webhook
    await dp.feed_update(bot, update)
  File "C:\Users\Tim\AppData\Local\Programs\Python\Python313\Lib\site-packages\aiogram\dispatcher\dispatcher.py", line 158, in feed_update
    response = await self.update.wrap_outer_middleware(
               ^^^^^^^^^^^^^^^^^^^^^^^^^^^^^^^^^^^^^^^^
    ...<7 lines>...
    )
    ^
  File "C:\Users\Tim\AppData\Local\Programs\Python\Python313\Lib\site-packages\aiogram\dispatcher\middlewares\error.py", line 25, in __call__
    return await handler(event, data)
           ^^^^^^^^^^^^^^^^^^^^^^^^^^
  File "C:\Users\Tim\AppData\Local\Programs\Python\Python313\Lib\site-packages\aiogram\dispatcher\middlewares\user_context.py", line 56, in __call__
    return await handler(event, data)
           ^^^^^^^^^^^^^^^^^^^^^^^^^^
  File "C:\Users\Tim\AppData\Local\Programs\Python\Python313\Lib\site-packages\aiogram\fsm\middleware.py", line 42, in __call__
    return await handler(event, data)
           ^^^^^^^^^^^^^^^^^^^^^^^^^^
  File "C:\Users\Tim\AppData\Local\Programs\Python\Python313\Lib\site-packages\aiogram\dispatcher\event\telegram.py", line 121, in trigger
    return await wrapped_inner(event, kwargs)
           ^^^^^^^^^^^^^^^^^^^^^^^^^^^^^^^^^^
  File "C:\Users\Tim\AppData\Local\Programs\Python\Python313\Lib\site-packages\aiogram\dispatcher\event\handler.py", line 43, in call
    return await wrapped()
           ^^^^^^^^^^^^^^^
  File "C:\Users\Tim\AppData\Local\Programs\Python\Python313\Lib\site-packages\aiogram\dispatcher\dispatcher.py", line 276, in _listen_update
    return await self.propagate_event(update_type=update_type, event=event, **kwargs)
           ^^^^^^^^^^^^^^^^^^^^^^^^^^^^^^^^^^^^^^^^^^^^^^^^^^^^^^^^^^^^^^^^^^^^^^^^^^
  File "C:\Users\Tim\AppData\Local\Programs\Python\Python313\Lib\site-packages\aiogram\dispatcher\router.py", line 146, in propagate_event
    return await observer.wrap_outer_middleware(_wrapped, event=event, data=kwargs)
           ^^^^^^^^^^^^^^^^^^^^^^^^^^^^^^^^^^^^^^^^^^^^^^^^^^^^^^^^^^^^^^^^^^^^^^^^
  File "C:\Users\Tim\AppData\Local\Programs\Python\Python313\Lib\site-packages\aiogram\dispatcher\router.py", line 141, in _wrapped
    return await self._propagate_event(
           ^^^^^^^^^^^^^^^^^^^^^^^^^^^^
        observer=observer, update_type=update_type, event=telegram_event, **data
        ^^^^^^^^^^^^^^^^^^^^^^^^^^^^^^^^^^^^^^^^^^^^^^^^^^^^^^^^^^^^^^^^^^^^^^^^
    )
    ^
  File "C:\Users\Tim\AppData\Local\Programs\Python\Python313\Lib\site-packages\aiogram\dispatcher\router.py", line 174, in _propagate_event
    response = await router.propagate_event(update_type=update_type, event=event, **kwargs)
               ^^^^^^^^^^^^^^^^^^^^^^^^^^^^^^^^^^^^^^^^^^^^^^^^^^^^^^^^^^^^^^^^^^^^^^^^^^^^
  File "C:\Users\Tim\AppData\Local\Programs\Python\Python313\Lib\site-packages\aiogram\dispatcher\router.py", line 146, in propagate_event
    return await observer.wrap_outer_middleware(_wrapped, event=event, data=kwargs)
           ^^^^^^^^^^^^^^^^^^^^^^^^^^^^^^^^^^^^^^^^^^^^^^^^^^^^^^^^^^^^^^^^^^^^^^^^
  File "C:\Users\Tim\AppData\Local\Programs\Python\Python313\Lib\site-packages\aiogram\dispatcher\router.py", line 141, in _wrapped
    return await self._propagate_event(
           ^^^^^^^^^^^^^^^^^^^^^^^^^^^^
        observer=observer, update_type=update_type, event=telegram_event, **data
        ^^^^^^^^^^^^^^^^^^^^^^^^^^^^^^^^^^^^^^^^^^^^^^^^^^^^^^^^^^^^^^^^^^^^^^^^
    )
    ^
  File "C:\Users\Tim\AppData\Local\Programs\Python\Python313\Lib\site-packages\aiogram\dispatcher\router.py", line 166, in _propagate_event
    response = await observer.trigger(event, **kwargs)
               ^^^^^^^^^^^^^^^^^^^^^^^^^^^^^^^^^^^^^^^
  File "C:\Users\Tim\AppData\Local\Programs\Python\Python313\Lib\site-packages\aiogram\dispatcher\event\telegram.py", line 121, in trigger
    return await wrapped_inner(event, kwargs)
           ^^^^^^^^^^^^^^^^^^^^^^^^^^^^^^^^^^
  File "C:\Users\Tim\AppData\Local\Programs\Python\Python313\Lib\site-packages\aiogram\dispatcher\event\handler.py", line 43, in call
    return await wrapped()
           ^^^^^^^^^^^^^^^
  File "C:\Users\Tim\Desktop\code-magnetism\handlers.py", line 378, in cb_about
    await cb.message.edit_text(text, reply_markup=main_menu(await is_member(user), has_pay=bool(AT_PRODUCT_ID_CLUB)))
  File "C:\Users\Tim\AppData\Local\Programs\Python\Python313\Lib\site-packages\aiogram\methods\base.py", line 84, in emit
    return await bot(self)
           ^^^^^^^^^^^^^^^
  File "C:\Users\Tim\AppData\Local\Programs\Python\Python313\Lib\site-packages\aiogram\client\bot.py", line 485, in __call__
    return await self.session(self, method, timeout=request_timeout)
           ^^^^^^^^^^^^^^^^^^^^^^^^^^^^^^^^^^^^^^^^^^^^^^^^^^^^^^^^^
  File "C:\Users\Tim\AppData\Local\Programs\Python\Python313\Lib\site-packages\aiogram\client\session\base.py", line 254, in __call__
    return cast(TelegramType, await middleware(bot, method))
                              ^^^^^^^^^^^^^^^^^^^^^^^^^^^^^
  File "C:\Users\Tim\AppData\Local\Programs\Python\Python313\Lib\site-packages\aiogram\client\session\aiohttp.py", line 185, in make_request
    response = self.check_response(
        bot=bot, method=method, status_code=resp.status, content=raw_result
    )
  File "C:\Users\Tim\AppData\Local\Programs\Python\Python313\Lib\site-packages\aiogram\client\session\base.py", line 120, in check_response
    raise TelegramBadRequest(method=method, message=description)
aiogram.exceptions.TelegramBadRequest: Telegram server says - Bad Request: message is not modified: specified new message content and reply markup are exactly the same as a current content and reply markup of the message
2025-09-09 19:30:38,362 | INFO | code-magnetism | Notification sent to admin 1648917869
2025-09-09 19:30:38,364 | INFO | uvicorn.access | 91.108.5.52:0 - "POST /telegram/webhook?secret=change_me HTTP/1.1" 200
2025-09-09 19:30:40,891 | INFO | code-magnetism | Incoming update 49515122
2025-09-09 19:30:40,892 | INFO | code-magnetism | Callback from 815370781 (@goldfinger_uk): menu:funnel
2025-09-09 19:30:41,438 | INFO | aiogram.event | Update id=49515122 is handled. Duration 539 ms by bot id=8095548345
2025-09-09 19:30:41,439 | INFO | code-magnetism | Update 49515122 processed successfully
2025-09-09 19:30:41,450 | INFO | uvicorn.access | 91.108.5.52:0 - "POST /telegram/webhook?secret=change_me HTTP/1.1" 200
2025-09-09 19:30:42,686 | INFO | code-magnetism | Incoming update 49515123
2025-09-09 19:30:42,687 | INFO | code-magnetism | Callback from 815370781 (@goldfinger_uk): menu:funnel
2025-09-09 19:30:42,996 | INFO | aiogram.event | Update id=49515123 is not handled. Duration 301 ms by bot id=8095548345
2025-09-09 19:30:42,997 | ERROR | code-magnetism | Ошибка обработки Telegram update 49515123: Telegram server says - Bad Request: message is not modified: specified new message content and reply markup are exactly the same as a current content and reply markup of the message
Traceback (most recent call last):
  File "C:\Users\Tim\Desktop\code-magnetism\app.py", line 495, in telegram_webhook
    await dp.feed_update(bot, update)
  File "C:\Users\Tim\AppData\Local\Programs\Python\Python313\Lib\site-packages\aiogram\dispatcher\dispatcher.py", line 158, in feed_update
    response = await self.update.wrap_outer_middleware(
               ^^^^^^^^^^^^^^^^^^^^^^^^^^^^^^^^^^^^^^^^
    ...<7 lines>...
    )
    ^
  File "C:\Users\Tim\AppData\Local\Programs\Python\Python313\Lib\site-packages\aiogram\dispatcher\middlewares\error.py", line 25, in __call__
    return await handler(event, data)
           ^^^^^^^^^^^^^^^^^^^^^^^^^^
  File "C:\Users\Tim\AppData\Local\Programs\Python\Python313\Lib\site-packages\aiogram\dispatcher\middlewares\user_context.py", line 56, in __call__
    return await handler(event, data)
           ^^^^^^^^^^^^^^^^^^^^^^^^^^
  File "C:\Users\Tim\AppData\Local\Programs\Python\Python313\Lib\site-packages\aiogram\fsm\middleware.py", line 42, in __call__
    return await handler(event, data)
           ^^^^^^^^^^^^^^^^^^^^^^^^^^
  File "C:\Users\Tim\AppData\Local\Programs\Python\Python313\Lib\site-packages\aiogram\dispatcher\event\telegram.py", line 121, in trigger
    return await wrapped_inner(event, kwargs)
           ^^^^^^^^^^^^^^^^^^^^^^^^^^^^^^^^^^
  File "C:\Users\Tim\AppData\Local\Programs\Python\Python313\Lib\site-packages\aiogram\dispatcher\event\handler.py", line 43, in call
    return await wrapped()
           ^^^^^^^^^^^^^^^
  File "C:\Users\Tim\AppData\Local\Programs\Python\Python313\Lib\site-packages\aiogram\dispatcher\dispatcher.py", line 276, in _listen_update
    return await self.propagate_event(update_type=update_type, event=event, **kwargs)
           ^^^^^^^^^^^^^^^^^^^^^^^^^^^^^^^^^^^^^^^^^^^^^^^^^^^^^^^^^^^^^^^^^^^^^^^^^^
  File "C:\Users\Tim\AppData\Local\Programs\Python\Python313\Lib\site-packages\aiogram\dispatcher\router.py", line 146, in propagate_event
    return await observer.wrap_outer_middleware(_wrapped, event=event, data=kwargs)
           ^^^^^^^^^^^^^^^^^^^^^^^^^^^^^^^^^^^^^^^^^^^^^^^^^^^^^^^^^^^^^^^^^^^^^^^^
  File "C:\Users\Tim\AppData\Local\Programs\Python\Python313\Lib\site-packages\aiogram\dispatcher\router.py", line 141, in _wrapped
    return await self._propagate_event(
           ^^^^^^^^^^^^^^^^^^^^^^^^^^^^
        observer=observer, update_type=update_type, event=telegram_event, **data
        ^^^^^^^^^^^^^^^^^^^^^^^^^^^^^^^^^^^^^^^^^^^^^^^^^^^^^^^^^^^^^^^^^^^^^^^^
    )
    ^
  File "C:\Users\Tim\AppData\Local\Programs\Python\Python313\Lib\site-packages\aiogram\dispatcher\router.py", line 174, in _propagate_event
    response = await router.propagate_event(update_type=update_type, event=event, **kwargs)
               ^^^^^^^^^^^^^^^^^^^^^^^^^^^^^^^^^^^^^^^^^^^^^^^^^^^^^^^^^^^^^^^^^^^^^^^^^^^^
  File "C:\Users\Tim\AppData\Local\Programs\Python\Python313\Lib\site-packages\aiogram\dispatcher\router.py", line 146, in propagate_event
    return await observer.wrap_outer_middleware(_wrapped, event=event, data=kwargs)
           ^^^^^^^^^^^^^^^^^^^^^^^^^^^^^^^^^^^^^^^^^^^^^^^^^^^^^^^^^^^^^^^^^^^^^^^^
  File "C:\Users\Tim\AppData\Local\Programs\Python\Python313\Lib\site-packages\aiogram\dispatcher\router.py", line 141, in _wrapped
    return await self._propagate_event(
           ^^^^^^^^^^^^^^^^^^^^^^^^^^^^
        observer=observer, update_type=update_type, event=telegram_event, **data
        ^^^^^^^^^^^^^^^^^^^^^^^^^^^^^^^^^^^^^^^^^^^^^^^^^^^^^^^^^^^^^^^^^^^^^^^^
    )
    ^
  File "C:\Users\Tim\AppData\Local\Programs\Python\Python313\Lib\site-packages\aiogram\dispatcher\router.py", line 166, in _propagate_event
    response = await observer.trigger(event, **kwargs)
               ^^^^^^^^^^^^^^^^^^^^^^^^^^^^^^^^^^^^^^^
  File "C:\Users\Tim\AppData\Local\Programs\Python\Python313\Lib\site-packages\aiogram\dispatcher\event\telegram.py", line 121, in trigger
    return await wrapped_inner(event, kwargs)
           ^^^^^^^^^^^^^^^^^^^^^^^^^^^^^^^^^^
  File "C:\Users\Tim\AppData\Local\Programs\Python\Python313\Lib\site-packages\aiogram\dispatcher\event\handler.py", line 43, in call
    return await wrapped()
           ^^^^^^^^^^^^^^^
  File "C:\Users\Tim\Desktop\code-magnetism\handlers.py", line 437, in cb_funnel
    await cb.message.edit_text(text, reply_markup=main_menu(await is_member(user), has_pay=bool(AT_PRODUCT_ID_CLUB)))
  File "C:\Users\Tim\AppData\Local\Programs\Python\Python313\Lib\site-packages\aiogram\methods\base.py", line 84, in emit
    return await bot(self)
           ^^^^^^^^^^^^^^^
  File "C:\Users\Tim\AppData\Local\Programs\Python\Python313\Lib\site-packages\aiogram\client\bot.py", line 485, in __call__
    return await self.session(self, method, timeout=request_timeout)
           ^^^^^^^^^^^^^^^^^^^^^^^^^^^^^^^^^^^^^^^^^^^^^^^^^^^^^^^^^
  File "C:\Users\Tim\AppData\Local\Programs\Python\Python313\Lib\site-packages\aiogram\client\session\base.py", line 254, in __call__
    return cast(TelegramType, await middleware(bot, method))
                              ^^^^^^^^^^^^^^^^^^^^^^^^^^^^^
  File "C:\Users\Tim\AppData\Local\Programs\Python\Python313\Lib\site-packages\aiogram\client\session\aiohttp.py", line 185, in make_request
    response = self.check_response(
        bot=bot, method=method, status_code=resp.status, content=raw_result
    )
  File "C:\Users\Tim\AppData\Local\Programs\Python\Python313\Lib\site-packages\aiogram\client\session\base.py", line 120, in check_response
    raise TelegramBadRequest(method=method, message=description)
aiogram.exceptions.TelegramBadRequest: Telegram server says - Bad Request: message is not modified: specified new message content and reply markup are exactly the same as a current content and reply markup of the message
2025-09-09 19:30:43,287 | INFO | code-magnetism | Notification sent to admin 1648917869
2025-09-09 19:30:43,288 | INFO | uvicorn.access | 91.108.5.52:0 - "POST /telegram/webhook?secret=change_me HTTP/1.1" 200
2025-09-09 19:30:50,794 | INFO | code-magnetism | Incoming update 49515124
2025-09-09 19:30:50,794 | INFO | code-magnetism | Callback from 815370781 (@goldfinger_uk): menu:funnel
2025-09-09 19:30:51,056 | INFO | aiogram.event | Update id=49515124 is not handled. Duration 253 ms by bot id=8095548345
2025-09-09 19:30:51,057 | ERROR | code-magnetism | Ошибка обработки Telegram update 49515124: Telegram server says - Bad Request: message is not modified: specified new message content and reply markup are exactly the same as a current content and reply markup of the message
Traceback (most recent call last):
  File "C:\Users\Tim\Desktop\code-magnetism\app.py", line 495, in telegram_webhook
    await dp.feed_update(bot, update)
  File "C:\Users\Tim\AppData\Local\Programs\Python\Python313\Lib\site-packages\aiogram\dispatcher\dispatcher.py", line 158, in feed_update
    response = await self.update.wrap_outer_middleware(
               ^^^^^^^^^^^^^^^^^^^^^^^^^^^^^^^^^^^^^^^^
    ...<7 lines>...
    )
    ^
  File "C:\Users\Tim\AppData\Local\Programs\Python\Python313\Lib\site-packages\aiogram\dispatcher\middlewares\error.py", line 25, in __call__
    return await handler(event, data)
           ^^^^^^^^^^^^^^^^^^^^^^^^^^
  File "C:\Users\Tim\AppData\Local\Programs\Python\Python313\Lib\site-packages\aiogram\dispatcher\middlewares\user_context.py", line 56, in __call__
    return await handler(event, data)
           ^^^^^^^^^^^^^^^^^^^^^^^^^^
  File "C:\Users\Tim\AppData\Local\Programs\Python\Python313\Lib\site-packages\aiogram\fsm\middleware.py", line 42, in __call__
    return await handler(event, data)
           ^^^^^^^^^^^^^^^^^^^^^^^^^^
  File "C:\Users\Tim\AppData\Local\Programs\Python\Python313\Lib\site-packages\aiogram\dispatcher\event\telegram.py", line 121, in trigger
    return await wrapped_inner(event, kwargs)
           ^^^^^^^^^^^^^^^^^^^^^^^^^^^^^^^^^^
  File "C:\Users\Tim\AppData\Local\Programs\Python\Python313\Lib\site-packages\aiogram\dispatcher\event\handler.py", line 43, in call
    return await wrapped()
           ^^^^^^^^^^^^^^^
  File "C:\Users\Tim\AppData\Local\Programs\Python\Python313\Lib\site-packages\aiogram\dispatcher\dispatcher.py", line 276, in _listen_update
    return await self.propagate_event(update_type=update_type, event=event, **kwargs)
           ^^^^^^^^^^^^^^^^^^^^^^^^^^^^^^^^^^^^^^^^^^^^^^^^^^^^^^^^^^^^^^^^^^^^^^^^^^
  File "C:\Users\Tim\AppData\Local\Programs\Python\Python313\Lib\site-packages\aiogram\dispatcher\router.py", line 146, in propagate_event
    return await observer.wrap_outer_middleware(_wrapped, event=event, data=kwargs)
           ^^^^^^^^^^^^^^^^^^^^^^^^^^^^^^^^^^^^^^^^^^^^^^^^^^^^^^^^^^^^^^^^^^^^^^^^
  File "C:\Users\Tim\AppData\Local\Programs\Python\Python313\Lib\site-packages\aiogram\dispatcher\router.py", line 141, in _wrapped
    return await self._propagate_event(
           ^^^^^^^^^^^^^^^^^^^^^^^^^^^^
        observer=observer, update_type=update_type, event=telegram_event, **data
        ^^^^^^^^^^^^^^^^^^^^^^^^^^^^^^^^^^^^^^^^^^^^^^^^^^^^^^^^^^^^^^^^^^^^^^^^
    )
    ^
  File "C:\Users\Tim\AppData\Local\Programs\Python\Python313\Lib\site-packages\aiogram\dispatcher\router.py", line 174, in _propagate_event
    response = await router.propagate_event(update_type=update_type, event=event, **kwargs)
               ^^^^^^^^^^^^^^^^^^^^^^^^^^^^^^^^^^^^^^^^^^^^^^^^^^^^^^^^^^^^^^^^^^^^^^^^^^^^
  File "C:\Users\Tim\AppData\Local\Programs\Python\Python313\Lib\site-packages\aiogram\dispatcher\router.py", line 146, in propagate_event
    return await observer.wrap_outer_middleware(_wrapped, event=event, data=kwargs)
           ^^^^^^^^^^^^^^^^^^^^^^^^^^^^^^^^^^^^^^^^^^^^^^^^^^^^^^^^^^^^^^^^^^^^^^^^
  File "C:\Users\Tim\AppData\Local\Programs\Python\Python313\Lib\site-packages\aiogram\dispatcher\router.py", line 141, in _wrapped
    return await self._propagate_event(
           ^^^^^^^^^^^^^^^^^^^^^^^^^^^^
        observer=observer, update_type=update_type, event=telegram_event, **data
        ^^^^^^^^^^^^^^^^^^^^^^^^^^^^^^^^^^^^^^^^^^^^^^^^^^^^^^^^^^^^^^^^^^^^^^^^
    )
    ^
  File "C:\Users\Tim\AppData\Local\Programs\Python\Python313\Lib\site-packages\aiogram\dispatcher\router.py", line 166, in _propagate_event
    response = await observer.trigger(event, **kwargs)
               ^^^^^^^^^^^^^^^^^^^^^^^^^^^^^^^^^^^^^^^
  File "C:\Users\Tim\AppData\Local\Programs\Python\Python313\Lib\site-packages\aiogram\dispatcher\event\telegram.py", line 121, in trigger
    return await wrapped_inner(event, kwargs)
           ^^^^^^^^^^^^^^^^^^^^^^^^^^^^^^^^^^
  File "C:\Users\Tim\AppData\Local\Programs\Python\Python313\Lib\site-packages\aiogram\dispatcher\event\handler.py", line 43, in call
    return await wrapped()
           ^^^^^^^^^^^^^^^
  File "C:\Users\Tim\Desktop\code-magnetism\handlers.py", line 437, in cb_funnel
    await cb.message.edit_text(text, reply_markup=main_menu(await is_member(user), has_pay=bool(AT_PRODUCT_ID_CLUB)))
  File "C:\Users\Tim\AppData\Local\Programs\Python\Python313\Lib\site-packages\aiogram\methods\base.py", line 84, in emit
    return await bot(self)
           ^^^^^^^^^^^^^^^
  File "C:\Users\Tim\AppData\Local\Programs\Python\Python313\Lib\site-packages\aiogram\client\bot.py", line 485, in __call__
    return await self.session(self, method, timeout=request_timeout)
           ^^^^^^^^^^^^^^^^^^^^^^^^^^^^^^^^^^^^^^^^^^^^^^^^^^^^^^^^^
  File "C:\Users\Tim\AppData\Local\Programs\Python\Python313\Lib\site-packages\aiogram\client\session\base.py", line 254, in __call__
    return cast(TelegramType, await middleware(bot, method))
                              ^^^^^^^^^^^^^^^^^^^^^^^^^^^^^
  File "C:\Users\Tim\AppData\Local\Programs\Python\Python313\Lib\site-packages\aiogram\client\session\aiohttp.py", line 185, in make_request
    response = self.check_response(
        bot=bot, method=method, status_code=resp.status, content=raw_result
    )
  File "C:\Users\Tim\AppData\Local\Programs\Python\Python313\Lib\site-packages\aiogram\client\session\base.py", line 120, in check_response
    raise TelegramBadRequest(method=method, message=description)
aiogram.exceptions.TelegramBadRequest: Telegram server says - Bad Request: message is not modified: specified new message content and reply markup are exactly the same as a current content and reply markup of the message
2025-09-09 19:30:51,370 | INFO | code-magnetism | Notification sent to admin 1648917869
2025-09-09 19:30:51,371 | INFO | uvicorn.access | 91.108.5.52:0 - "POST /telegram/webhook?secret=change_me HTTP/1.1" 200
2025-09-09 19:30:53,310 | INFO | code-magnetism | Incoming update 49515125
2025-09-09 19:30:53,311 | INFO | code-magnetism | Callback from 815370781 (@goldfinger_uk): menu:progress
2025-09-09 19:30:53,329 | INFO | aiogram.event | Update id=49515125 is not handled. Duration 10 ms by bot id=8095548345
2025-09-09 19:30:53,330 | ERROR | code-magnetism | Ошибка обработки Telegram update 49515125: столбец "submitted_at" не существует
Traceback (most recent call last):
  File "C:\Users\Tim\Desktop\code-magnetism\app.py", line 495, in telegram_webhook
    await dp.feed_update(bot, update)
  File "C:\Users\Tim\AppData\Local\Programs\Python\Python313\Lib\site-packages\aiogram\dispatcher\dispatcher.py", line 158, in feed_update
    response = await self.update.wrap_outer_middleware(
               ^^^^^^^^^^^^^^^^^^^^^^^^^^^^^^^^^^^^^^^^
    ...<7 lines>...
    )
    ^
  File "C:\Users\Tim\AppData\Local\Programs\Python\Python313\Lib\site-packages\aiogram\dispatcher\middlewares\error.py", line 25, in __call__
    return await handler(event, data)
           ^^^^^^^^^^^^^^^^^^^^^^^^^^
  File "C:\Users\Tim\AppData\Local\Programs\Python\Python313\Lib\site-packages\aiogram\dispatcher\middlewares\user_context.py", line 56, in __call__
    return await handler(event, data)
           ^^^^^^^^^^^^^^^^^^^^^^^^^^
  File "C:\Users\Tim\AppData\Local\Programs\Python\Python313\Lib\site-packages\aiogram\fsm\middleware.py", line 42, in __call__
    return await handler(event, data)
           ^^^^^^^^^^^^^^^^^^^^^^^^^^
  File "C:\Users\Tim\AppData\Local\Programs\Python\Python313\Lib\site-packages\aiogram\dispatcher\event\telegram.py", line 121, in trigger
    return await wrapped_inner(event, kwargs)
           ^^^^^^^^^^^^^^^^^^^^^^^^^^^^^^^^^^
  File "C:\Users\Tim\AppData\Local\Programs\Python\Python313\Lib\site-packages\aiogram\dispatcher\event\handler.py", line 43, in call
    return await wrapped()
           ^^^^^^^^^^^^^^^
  File "C:\Users\Tim\AppData\Local\Programs\Python\Python313\Lib\site-packages\aiogram\dispatcher\dispatcher.py", line 276, in _listen_update
    return await self.propagate_event(update_type=update_type, event=event, **kwargs)
           ^^^^^^^^^^^^^^^^^^^^^^^^^^^^^^^^^^^^^^^^^^^^^^^^^^^^^^^^^^^^^^^^^^^^^^^^^^
  File "C:\Users\Tim\AppData\Local\Programs\Python\Python313\Lib\site-packages\aiogram\dispatcher\router.py", line 146, in propagate_event
    return await observer.wrap_outer_middleware(_wrapped, event=event, data=kwargs)
           ^^^^^^^^^^^^^^^^^^^^^^^^^^^^^^^^^^^^^^^^^^^^^^^^^^^^^^^^^^^^^^^^^^^^^^^^
  File "C:\Users\Tim\AppData\Local\Programs\Python\Python313\Lib\site-packages\aiogram\dispatcher\router.py", line 141, in _wrapped
    return await self._propagate_event(
           ^^^^^^^^^^^^^^^^^^^^^^^^^^^^
        observer=observer, update_type=update_type, event=telegram_event, **data
        ^^^^^^^^^^^^^^^^^^^^^^^^^^^^^^^^^^^^^^^^^^^^^^^^^^^^^^^^^^^^^^^^^^^^^^^^
    )
    ^
  File "C:\Users\Tim\AppData\Local\Programs\Python\Python313\Lib\site-packages\aiogram\dispatcher\router.py", line 174, in _propagate_event
    response = await router.propagate_event(update_type=update_type, event=event, **kwargs)
               ^^^^^^^^^^^^^^^^^^^^^^^^^^^^^^^^^^^^^^^^^^^^^^^^^^^^^^^^^^^^^^^^^^^^^^^^^^^^
  File "C:\Users\Tim\AppData\Local\Programs\Python\Python313\Lib\site-packages\aiogram\dispatcher\router.py", line 146, in propagate_event
    return await observer.wrap_outer_middleware(_wrapped, event=event, data=kwargs)
           ^^^^^^^^^^^^^^^^^^^^^^^^^^^^^^^^^^^^^^^^^^^^^^^^^^^^^^^^^^^^^^^^^^^^^^^^
  File "C:\Users\Tim\AppData\Local\Programs\Python\Python313\Lib\site-packages\aiogram\dispatcher\router.py", line 141, in _wrapped
    return await self._propagate_event(
           ^^^^^^^^^^^^^^^^^^^^^^^^^^^^
        observer=observer, update_type=update_type, event=telegram_event, **data
        ^^^^^^^^^^^^^^^^^^^^^^^^^^^^^^^^^^^^^^^^^^^^^^^^^^^^^^^^^^^^^^^^^^^^^^^^
    )
    ^
  File "C:\Users\Tim\AppData\Local\Programs\Python\Python313\Lib\site-packages\aiogram\dispatcher\router.py", line 166, in _propagate_event
    response = await observer.trigger(event, **kwargs)
               ^^^^^^^^^^^^^^^^^^^^^^^^^^^^^^^^^^^^^^^
  File "C:\Users\Tim\AppData\Local\Programs\Python\Python313\Lib\site-packages\aiogram\dispatcher\event\telegram.py", line 121, in trigger
    return await wrapped_inner(event, kwargs)
           ^^^^^^^^^^^^^^^^^^^^^^^^^^^^^^^^^^
  File "C:\Users\Tim\AppData\Local\Programs\Python\Python313\Lib\site-packages\aiogram\dispatcher\event\handler.py", line 43, in call
    return await wrapped()
           ^^^^^^^^^^^^^^^
  File "C:\Users\Tim\Desktop\code-magnetism\handlers.py", line 405, in cb_progress
    rows = await fetch(
           ^^^^^^^^^^^^
    ...<2 lines>...
    )
    ^
  File "C:\Users\Tim\Desktop\code-magnetism\db.py", line 199, in fetch
    return await conn.fetch(query, *args)
           ^^^^^^^^^^^^^^^^^^^^^^^^^^^^^^
  File "C:\Users\Tim\AppData\Local\Programs\Python\Python313\Lib\site-packages\asyncpg\connection.py", line 690, in fetch
    return await self._execute(
           ^^^^^^^^^^^^^^^^^^^^
    ...<5 lines>...
    )
    ^
  File "C:\Users\Tim\AppData\Local\Programs\Python\Python313\Lib\site-packages\asyncpg\connection.py", line 1864, in _execute
    result, _ = await self.__execute(
                ^^^^^^^^^^^^^^^^^^^^^
    ...<7 lines>...
    )
    ^
  File "C:\Users\Tim\AppData\Local\Programs\Python\Python313\Lib\site-packages\asyncpg\connection.py", line 1961, in __execute
    result, stmt = await self._do_execute(
                   ^^^^^^^^^^^^^^^^^^^^^^^
    ...<5 lines>...
    )
    ^
  File "C:\Users\Tim\AppData\Local\Programs\Python\Python313\Lib\site-packages\asyncpg\connection.py", line 2012, in _do_execute
    stmt = await self._get_statement(
           ^^^^^^^^^^^^^^^^^^^^^^^^^^
    ...<4 lines>...
    )
    ^
  File "C:\Users\Tim\AppData\Local\Programs\Python\Python313\Lib\site-packages\asyncpg\connection.py", line 432, in _get_statement
    statement = await self._protocol.prepare(
                ^^^^^^^^^^^^^^^^^^^^^^^^^^^^^
    ...<5 lines>...
    )
    ^
  File "asyncpg\\protocol\\protocol.pyx", line 165, in prepare
asyncpg.exceptions.UndefinedColumnError: столбец "submitted_at" не существует
2025-09-09 19:30:53,591 | INFO | code-magnetism | Notification sent to admin 1648917869
2025-09-09 19:30:53,593 | INFO | uvicorn.access | 91.108.5.52:0 - "POST /telegram/webhook?secret=change_me HTTP/1.1" 200
2025-09-09 19:30:54,714 | INFO | code-magnetism | Incoming update 49515126
2025-09-09 19:30:54,715 | INFO | code-magnetism | Callback from 815370781 (@goldfinger_uk): menu:progress
2025-09-09 19:30:54,735 | INFO | aiogram.event | Update id=49515126 is not handled. Duration 12 ms by bot id=8095548345
2025-09-09 19:30:54,736 | ERROR | code-magnetism | Ошибка обработки Telegram update 49515126: столбец "submitted_at" не существует
Traceback (most recent call last):
  File "C:\Users\Tim\Desktop\code-magnetism\app.py", line 495, in telegram_webhook
    await dp.feed_update(bot, update)
  File "C:\Users\Tim\AppData\Local\Programs\Python\Python313\Lib\site-packages\aiogram\dispatcher\dispatcher.py", line 158, in feed_update
    response = await self.update.wrap_outer_middleware(
               ^^^^^^^^^^^^^^^^^^^^^^^^^^^^^^^^^^^^^^^^
    ...<7 lines>...
    )
    ^
  File "C:\Users\Tim\AppData\Local\Programs\Python\Python313\Lib\site-packages\aiogram\dispatcher\middlewares\error.py", line 25, in __call__
    return await handler(event, data)
           ^^^^^^^^^^^^^^^^^^^^^^^^^^
  File "C:\Users\Tim\AppData\Local\Programs\Python\Python313\Lib\site-packages\aiogram\dispatcher\middlewares\user_context.py", line 56, in __call__
    return await handler(event, data)
           ^^^^^^^^^^^^^^^^^^^^^^^^^^
  File "C:\Users\Tim\AppData\Local\Programs\Python\Python313\Lib\site-packages\aiogram\fsm\middleware.py", line 42, in __call__
    return await handler(event, data)
           ^^^^^^^^^^^^^^^^^^^^^^^^^^
  File "C:\Users\Tim\AppData\Local\Programs\Python\Python313\Lib\site-packages\aiogram\dispatcher\event\telegram.py", line 121, in trigger
    return await wrapped_inner(event, kwargs)
           ^^^^^^^^^^^^^^^^^^^^^^^^^^^^^^^^^^
  File "C:\Users\Tim\AppData\Local\Programs\Python\Python313\Lib\site-packages\aiogram\dispatcher\event\handler.py", line 43, in call
    return await wrapped()
           ^^^^^^^^^^^^^^^
  File "C:\Users\Tim\AppData\Local\Programs\Python\Python313\Lib\site-packages\aiogram\dispatcher\dispatcher.py", line 276, in _listen_update
    return await self.propagate_event(update_type=update_type, event=event, **kwargs)
           ^^^^^^^^^^^^^^^^^^^^^^^^^^^^^^^^^^^^^^^^^^^^^^^^^^^^^^^^^^^^^^^^^^^^^^^^^^
  File "C:\Users\Tim\AppData\Local\Programs\Python\Python313\Lib\site-packages\aiogram\dispatcher\router.py", line 146, in propagate_event
    return await observer.wrap_outer_middleware(_wrapped, event=event, data=kwargs)
           ^^^^^^^^^^^^^^^^^^^^^^^^^^^^^^^^^^^^^^^^^^^^^^^^^^^^^^^^^^^^^^^^^^^^^^^^
  File "C:\Users\Tim\AppData\Local\Programs\Python\Python313\Lib\site-packages\aiogram\dispatcher\router.py", line 141, in _wrapped
    return await self._propagate_event(
           ^^^^^^^^^^^^^^^^^^^^^^^^^^^^
        observer=observer, update_type=update_type, event=telegram_event, **data
        ^^^^^^^^^^^^^^^^^^^^^^^^^^^^^^^^^^^^^^^^^^^^^^^^^^^^^^^^^^^^^^^^^^^^^^^^
    )
    ^
  File "C:\Users\Tim\AppData\Local\Programs\Python\Python313\Lib\site-packages\aiogram\dispatcher\router.py", line 174, in _propagate_event
    response = await router.propagate_event(update_type=update_type, event=event, **kwargs)
               ^^^^^^^^^^^^^^^^^^^^^^^^^^^^^^^^^^^^^^^^^^^^^^^^^^^^^^^^^^^^^^^^^^^^^^^^^^^^
  File "C:\Users\Tim\AppData\Local\Programs\Python\Python313\Lib\site-packages\aiogram\dispatcher\router.py", line 146, in propagate_event
    return await observer.wrap_outer_middleware(_wrapped, event=event, data=kwargs)
           ^^^^^^^^^^^^^^^^^^^^^^^^^^^^^^^^^^^^^^^^^^^^^^^^^^^^^^^^^^^^^^^^^^^^^^^^
  File "C:\Users\Tim\AppData\Local\Programs\Python\Python313\Lib\site-packages\aiogram\dispatcher\router.py", line 141, in _wrapped
    return await self._propagate_event(
           ^^^^^^^^^^^^^^^^^^^^^^^^^^^^
        observer=observer, update_type=update_type, event=telegram_event, **data
        ^^^^^^^^^^^^^^^^^^^^^^^^^^^^^^^^^^^^^^^^^^^^^^^^^^^^^^^^^^^^^^^^^^^^^^^^
    )
    ^
  File "C:\Users\Tim\AppData\Local\Programs\Python\Python313\Lib\site-packages\aiogram\dispatcher\router.py", line 166, in _propagate_event
    response = await observer.trigger(event, **kwargs)
               ^^^^^^^^^^^^^^^^^^^^^^^^^^^^^^^^^^^^^^^
  File "C:\Users\Tim\AppData\Local\Programs\Python\Python313\Lib\site-packages\aiogram\dispatcher\event\telegram.py", line 121, in trigger
    return await wrapped_inner(event, kwargs)
           ^^^^^^^^^^^^^^^^^^^^^^^^^^^^^^^^^^
  File "C:\Users\Tim\AppData\Local\Programs\Python\Python313\Lib\site-packages\aiogram\dispatcher\event\handler.py", line 43, in call
    return await wrapped()
           ^^^^^^^^^^^^^^^
  File "C:\Users\Tim\Desktop\code-magnetism\handlers.py", line 405, in cb_progress
    rows = await fetch(
           ^^^^^^^^^^^^
    ...<2 lines>...
    )
    ^
  File "C:\Users\Tim\Desktop\code-magnetism\db.py", line 199, in fetch
    return await conn.fetch(query, *args)
           ^^^^^^^^^^^^^^^^^^^^^^^^^^^^^^
  File "C:\Users\Tim\AppData\Local\Programs\Python\Python313\Lib\site-packages\asyncpg\connection.py", line 690, in fetch
    return await self._execute(
           ^^^^^^^^^^^^^^^^^^^^
    ...<5 lines>...
    )
    ^
  File "C:\Users\Tim\AppData\Local\Programs\Python\Python313\Lib\site-packages\asyncpg\connection.py", line 1864, in _execute
    result, _ = await self.__execute(
                ^^^^^^^^^^^^^^^^^^^^^
    ...<7 lines>...
    )
    ^
  File "C:\Users\Tim\AppData\Local\Programs\Python\Python313\Lib\site-packages\asyncpg\connection.py", line 1961, in __execute
    result, stmt = await self._do_execute(
                   ^^^^^^^^^^^^^^^^^^^^^^^
    ...<5 lines>...
    )
    ^
  File "C:\Users\Tim\AppData\Local\Programs\Python\Python313\Lib\site-packages\asyncpg\connection.py", line 2012, in _do_execute
    stmt = await self._get_statement(
           ^^^^^^^^^^^^^^^^^^^^^^^^^^
    ...<4 lines>...
    )
    ^
  File "C:\Users\Tim\AppData\Local\Programs\Python\Python313\Lib\site-packages\asyncpg\connection.py", line 432, in _get_statement
    statement = await self._protocol.prepare(
                ^^^^^^^^^^^^^^^^^^^^^^^^^^^^^
    ...<5 lines>...
    )
    ^
  File "asyncpg\\protocol\\protocol.pyx", line 165, in prepare
asyncpg.exceptions.UndefinedColumnError: столбец "submitted_at" не существует
2025-09-09 19:30:55,023 | INFO | code-magnetism | Notification sent to admin 1648917869
2025-09-09 19:30:55,024 | INFO | uvicorn.access | 91.108.5.52:0 - "POST /telegram/webhook?secret=change_me HTTP/1.1" 200
2025-09-09 19:31:41,160 | INFO | uvicorn.error | Shutting down
2025-09-09 19:31:41,322 | INFO | uvicorn.error | Waiting for application shutdown.
2025-09-09 19:31:41,336 | INFO | code-magnetism | Shutdown: останавливаем планировщик/закрываем БД...
2025-09-09 19:31:41,362 | INFO | scheduler | APScheduler shut down
2025-09-09 19:31:41,384 | INFO | code-magnetism | Scheduler stopped successfully
2025-09-09 19:31:41,390 | INFO | apscheduler.scheduler | Scheduler has been shut down
2025-09-09 19:31:41,466 | INFO | db | PostgreSQL pool closed
2025-09-09 19:31:41,466 | INFO | code-magnetism | Database closed successfully
2025-09-09 19:31:41,472 | INFO | code-magnetism | Shutdown завершён.
2025-09-09 19:31:41,475 | INFO | uvicorn.error | Application shutdown complete.
2025-09-09 19:31:41,477 | INFO | uvicorn.error | Finished server process [4296]
2025-09-09 20:19:32,323 | INFO | code-magnetism | Routers attached: ['main-router']
2025-09-09 20:19:34,296 | INFO | uvicorn.error | Started server process [8228]
2025-09-09 20:19:34,298 | INFO | uvicorn.error | Waiting for application startup.
2025-09-09 20:19:34,365 | INFO | code-magnetism | Startup: инициализация БД/планировщика/вебхука...
2025-09-09 20:19:34,371 | INFO | db | Connecting PostgreSQL: postgresql://magnet:***@localhost:5432/magnetism
2025-09-09 20:19:35,675 | INFO | db | PostgreSQL pool created
2025-09-09 20:19:36,857 | INFO | db | Schema applied from C:\Users\Tim\Desktop\code-magnetism\schema.sql
2025-09-09 20:19:36,858 | INFO | code-magnetism | Database initialized successfully
2025-09-09 20:19:37,114 | INFO | apscheduler.scheduler | Adding job tentatively -- it will be properly scheduled when the scheduler starts
2025-09-09 20:19:37,117 | INFO | apscheduler.scheduler | Adding job tentatively -- it will be properly scheduled when the scheduler starts
2025-09-09 20:19:37,123 | INFO | apscheduler.scheduler | Adding job tentatively -- it will be properly scheduled when the scheduler starts
2025-09-09 20:19:37,140 | INFO | apscheduler.scheduler | Added job "job_daily_lessons" to job store "default"
2025-09-09 20:19:37,142 | INFO | apscheduler.scheduler | Added job "job_soft_reminders" to job store "default"
2025-09-09 20:19:37,144 | INFO | apscheduler.scheduler | Added job "job_access_expiry_reminders" to job store "default"
2025-09-09 20:19:37,147 | INFO | apscheduler.scheduler | Scheduler started
2025-09-09 20:19:37,153 | INFO | scheduler | APScheduler started with timezone=Europe/Moscow; lessons at 10:00
2025-09-09 20:19:37,163 | INFO | code-magnetism | Scheduler initialized successfully
2025-09-09 20:19:37,168 | INFO | code-magnetism | Setting Telegram webhook to: https://f8ddf30705a7.ngrok-free.app/telegram/webhook?secret=change_me
2025-09-09 20:19:38,217 | INFO | code-magnetism | Old webhook deleted
2025-09-09 20:19:38,430 | INFO | code-magnetism | Telegram webhook установлен: https://f8ddf30705a7.ngrok-free.app/telegram/webhook?secret=change_me
2025-09-09 20:19:38,431 | INFO | code-magnetism | Startup завершён.
2025-09-09 20:19:38,434 | INFO | uvicorn.error | Application startup complete.
2025-09-09 20:19:38,438 | INFO | uvicorn.error | Uvicorn running on http://0.0.0.0:8000 (Press CTRL+C to quit)
2025-09-09 20:19:48,541 | INFO | code-magnetism | Incoming update 49515127
2025-09-09 20:19:48,550 | INFO | code-magnetism | Message from 815370781 (@goldfinger_uk): /start
2025-09-09 20:19:50,744 | INFO | aiogram.event | Update id=49515127 is handled. Duration 2114 ms by bot id=8095548345
2025-09-09 20:19:50,744 | INFO | code-magnetism | Update 49515127 processed successfully
2025-09-09 20:19:50,751 | INFO | uvicorn.access | 91.108.5.52:0 - "POST /telegram/webhook?secret=change_me HTTP/1.1" 200
2025-09-09 20:19:56,558 | INFO | code-magnetism | Incoming update 49515128
2025-09-09 20:19:56,559 | INFO | code-magnetism | Callback from 815370781 (@goldfinger_uk): menu:about
2025-09-09 20:19:57,202 | INFO | aiogram.event | Update id=49515128 is handled. Duration 624 ms by bot id=8095548345
2025-09-09 20:19:57,203 | INFO | code-magnetism | Update 49515128 processed successfully
2025-09-09 20:19:57,208 | INFO | uvicorn.access | 91.108.5.52:0 - "POST /telegram/webhook?secret=change_me HTTP/1.1" 200
2025-09-09 20:19:58,520 | INFO | code-magnetism | Incoming update 49515129
2025-09-09 20:19:58,521 | INFO | code-magnetism | Callback from 815370781 (@goldfinger_uk): menu:about
2025-09-09 20:19:59,001 | INFO | aiogram.event | Update id=49515129 is handled. Duration 474 ms by bot id=8095548345
2025-09-09 20:19:59,002 | INFO | code-magnetism | Update 49515129 processed successfully
2025-09-09 20:19:59,007 | INFO | uvicorn.access | 91.108.5.52:0 - "POST /telegram/webhook?secret=change_me HTTP/1.1" 200
2025-09-09 20:20:00,593 | INFO | code-magnetism | Incoming update 49515130
2025-09-09 20:20:00,594 | INFO | code-magnetism | Callback from 815370781 (@goldfinger_uk): menu:funnel
2025-09-09 20:20:01,242 | INFO | aiogram.event | Update id=49515130 is handled. Duration 641 ms by bot id=8095548345
2025-09-09 20:20:01,243 | INFO | code-magnetism | Update 49515130 processed successfully
2025-09-09 20:20:01,249 | INFO | uvicorn.access | 91.108.5.52:0 - "POST /telegram/webhook?secret=change_me HTTP/1.1" 200
2025-09-09 20:20:02,960 | INFO | code-magnetism | Incoming update 49515131
2025-09-09 20:20:02,961 | INFO | code-magnetism | Callback from 815370781 (@goldfinger_uk): menu:funnel
2025-09-09 20:20:03,608 | INFO | aiogram.event | Update id=49515131 is handled. Duration 640 ms by bot id=8095548345
2025-09-09 20:20:03,608 | INFO | code-magnetism | Update 49515131 processed successfully
2025-09-09 20:20:03,613 | INFO | uvicorn.access | 91.108.5.52:0 - "POST /telegram/webhook?secret=change_me HTTP/1.1" 200
2025-09-09 20:20:04,683 | INFO | code-magnetism | Incoming update 49515132
2025-09-09 20:20:04,684 | INFO | code-magnetism | Callback from 815370781 (@goldfinger_uk): menu:funnel
2025-09-09 20:20:05,225 | INFO | aiogram.event | Update id=49515132 is handled. Duration 534 ms by bot id=8095548345
2025-09-09 20:20:05,226 | INFO | code-magnetism | Update 49515132 processed successfully
2025-09-09 20:20:05,230 | INFO | uvicorn.access | 91.108.5.52:0 - "POST /telegram/webhook?secret=change_me HTTP/1.1" 200
2025-09-09 20:20:07,228 | INFO | code-magnetism | Incoming update 49515133
2025-09-09 20:20:07,229 | INFO | code-magnetism | Callback from 815370781 (@goldfinger_uk): menu:faq
2025-09-09 20:20:07,763 | INFO | aiogram.event | Update id=49515133 is handled. Duration 526 ms by bot id=8095548345
2025-09-09 20:20:07,764 | INFO | code-magnetism | Update 49515133 processed successfully
2025-09-09 20:20:07,770 | INFO | uvicorn.access | 91.108.5.52:0 - "POST /telegram/webhook?secret=change_me HTTP/1.1" 200
2025-09-09 20:20:24,522 | INFO | code-magnetism | Incoming update 49515134
2025-09-09 20:20:24,523 | INFO | code-magnetism | Callback from 815370781 (@goldfinger_uk): menu:progress
2025-09-09 20:20:25,505 | INFO | aiogram.event | Update id=49515134 is handled. Duration 976 ms by bot id=8095548345
2025-09-09 20:20:25,506 | INFO | code-magnetism | Update 49515134 processed successfully
2025-09-09 20:20:25,511 | INFO | uvicorn.access | 91.108.5.52:0 - "POST /telegram/webhook?secret=change_me HTTP/1.1" 200
2025-09-09 20:20:31,063 | INFO | code-magnetism | Incoming update 49515135
2025-09-09 20:20:31,064 | INFO | code-magnetism | Callback from 815370781 (@goldfinger_uk): menu:funnel
2025-09-09 20:20:31,571 | INFO | aiogram.event | Update id=49515135 is handled. Duration 498 ms by bot id=8095548345
2025-09-09 20:20:31,572 | INFO | code-magnetism | Update 49515135 processed successfully
2025-09-09 20:20:31,577 | INFO | uvicorn.access | 91.108.5.52:0 - "POST /telegram/webhook?secret=change_me HTTP/1.1" 200
2025-09-09 20:20:32,908 | INFO | code-magnetism | Incoming update 49515136
2025-09-09 20:20:32,909 | INFO | code-magnetism | Callback from 815370781 (@goldfinger_uk): menu:funnel
2025-09-09 20:20:33,387 | INFO | aiogram.event | Update id=49515136 is handled. Duration 471 ms by bot id=8095548345
2025-09-09 20:20:33,388 | INFO | code-magnetism | Update 49515136 processed successfully
2025-09-09 20:20:33,394 | INFO | uvicorn.access | 91.108.5.52:0 - "POST /telegram/webhook?secret=change_me HTTP/1.1" 200
2025-09-09 20:20:36,496 | INFO | code-magnetism | Incoming update 49515137
2025-09-09 20:20:36,497 | INFO | code-magnetism | Callback from 815370781 (@goldfinger_uk): menu:about
2025-09-09 20:20:36,972 | INFO | aiogram.event | Update id=49515137 is handled. Duration 467 ms by bot id=8095548345
2025-09-09 20:20:36,973 | INFO | code-magnetism | Update 49515137 processed successfully
2025-09-09 20:20:36,978 | INFO | uvicorn.access | 91.108.5.52:0 - "POST /telegram/webhook?secret=change_me HTTP/1.1" 200
2025-09-09 20:20:42,847 | INFO | code-magnetism | Incoming update 49515138
2025-09-09 20:20:42,848 | INFO | code-magnetism | Callback from 815370781 (@goldfinger_uk): menu:about
2025-09-09 20:20:43,365 | INFO | aiogram.event | Update id=49515138 is handled. Duration 509 ms by bot id=8095548345
2025-09-09 20:20:43,366 | INFO | code-magnetism | Update 49515138 processed successfully
2025-09-09 20:20:43,371 | INFO | uvicorn.access | 91.108.5.52:0 - "POST /telegram/webhook?secret=change_me HTTP/1.1" 200
2025-09-09 20:20:50,161 | INFO | code-magnetism | Incoming update 49515139
2025-09-09 20:20:50,162 | INFO | code-magnetism | Callback from 815370781 (@goldfinger_uk): menu:funnel
2025-09-09 20:20:50,672 | INFO | aiogram.event | Update id=49515139 is handled. Duration 503 ms by bot id=8095548345
2025-09-09 20:20:50,673 | INFO | code-magnetism | Update 49515139 processed successfully
2025-09-09 20:20:50,678 | INFO | uvicorn.access | 91.108.5.52:0 - "POST /telegram/webhook?secret=change_me HTTP/1.1" 200
2025-09-09 20:20:52,053 | INFO | code-magnetism | Incoming update 49515140
2025-09-09 20:20:52,054 | INFO | code-magnetism | Callback from 815370781 (@goldfinger_uk): menu:about
2025-09-09 20:20:52,547 | INFO | aiogram.event | Update id=49515140 is handled. Duration 477 ms by bot id=8095548345
2025-09-09 20:20:52,548 | INFO | code-magnetism | Update 49515140 processed successfully
2025-09-09 20:20:52,553 | INFO | uvicorn.access | 91.108.5.52:0 - "POST /telegram/webhook?secret=change_me HTTP/1.1" 200
2025-09-09 20:23:07,692 | INFO | code-magnetism | Incoming update 49515141
2025-09-09 20:23:07,696 | INFO | code-magnetism | Callback from 815370781 (@goldfinger_uk): menu:funnel
2025-09-09 20:23:08,755 | INFO | aiogram.event | Update id=49515141 is handled. Duration 1052 ms by bot id=8095548345
2025-09-09 20:23:08,756 | INFO | code-magnetism | Update 49515141 processed successfully
2025-09-09 20:23:08,768 | INFO | uvicorn.access | 91.108.5.52:0 - "POST /telegram/webhook?secret=change_me HTTP/1.1" 200
2025-09-09 20:23:38,658 | INFO | code-magnetism | Incoming update 49515142
2025-09-09 20:23:38,666 | INFO | code-magnetism | Callback from 815370781 (@goldfinger_uk): menu:progress
2025-09-09 20:23:39,632 | INFO | aiogram.event | Update id=49515142 is handled. Duration 959 ms by bot id=8095548345
2025-09-09 20:23:39,636 | INFO | code-magnetism | Update 49515142 processed successfully
2025-09-09 20:23:39,640 | INFO | uvicorn.access | 91.108.5.52:0 - "POST /telegram/webhook?secret=change_me HTTP/1.1" 200
2025-09-09 20:24:08,368 | INFO | code-magnetism | Incoming update 49515143
2025-09-09 20:24:08,382 | INFO | code-magnetism | Callback from 815370781 (@goldfinger_uk): menu:funnel
2025-09-09 20:24:09,457 | INFO | aiogram.event | Update id=49515143 is handled. Duration 1072 ms by bot id=8095548345
2025-09-09 20:24:09,461 | INFO | code-magnetism | Update 49515143 processed successfully
2025-09-09 20:24:09,466 | INFO | uvicorn.access | 91.108.5.52:0 - "POST /telegram/webhook?secret=change_me HTTP/1.1" 200
2025-09-09 20:24:23,451 | INFO | code-magnetism | Incoming update 49515144
2025-09-09 20:24:23,451 | INFO | code-magnetism | Callback from 815370781 (@goldfinger_uk): menu:progress
2025-09-09 20:24:23,997 | INFO | aiogram.event | Update id=49515144 is handled. Duration 536 ms by bot id=8095548345
2025-09-09 20:24:23,998 | INFO | code-magnetism | Update 49515144 processed successfully
2025-09-09 20:24:24,003 | INFO | uvicorn.access | 91.108.5.52:0 - "POST /telegram/webhook?secret=change_me HTTP/1.1" 200
2025-09-09 20:27:54,217 | INFO | code-magnetism | Incoming update 49515145
2025-09-09 20:27:54,218 | INFO | code-magnetism | Message from 815370781 (@goldfinger_uk): /start
2025-09-09 20:27:55,237 | INFO | aiogram.event | Update id=49515145 is handled. Duration 1013 ms by bot id=8095548345
2025-09-09 20:27:55,239 | INFO | code-magnetism | Update 49515145 processed successfully
2025-09-09 20:27:55,245 | INFO | uvicorn.access | 91.108.5.52:0 - "POST /telegram/webhook?secret=change_me HTTP/1.1" 200
2025-09-09 20:27:58,789 | INFO | code-magnetism | Incoming update 49515146
2025-09-09 20:27:58,790 | INFO | code-magnetism | Callback from 815370781 (@goldfinger_uk): menu:about
2025-09-09 20:27:59,292 | INFO | aiogram.event | Update id=49515146 is handled. Duration 495 ms by bot id=8095548345
2025-09-09 20:27:59,293 | INFO | code-magnetism | Update 49515146 processed successfully
2025-09-09 20:27:59,299 | INFO | uvicorn.access | 91.108.5.52:0 - "POST /telegram/webhook?secret=change_me HTTP/1.1" 200
2025-09-09 20:28:03,996 | INFO | uvicorn.error | Shutting down
2025-09-09 20:28:04,109 | INFO | uvicorn.error | Waiting for application shutdown.
2025-09-09 20:28:04,117 | INFO | code-magnetism | Shutdown: останавливаем планировщик/закрываем БД...
2025-09-09 20:28:04,121 | INFO | scheduler | APScheduler shut down
2025-09-09 20:28:04,126 | INFO | code-magnetism | Scheduler stopped successfully
2025-09-09 20:28:04,133 | INFO | apscheduler.scheduler | Scheduler has been shut down
2025-09-09 20:28:04,146 | INFO | db | PostgreSQL pool closed
2025-09-09 20:28:04,148 | INFO | code-magnetism | Database closed successfully
2025-09-09 20:28:04,150 | INFO | code-magnetism | Shutdown завершён.
2025-09-09 20:28:04,153 | INFO | uvicorn.error | Application shutdown complete.
2025-09-09 20:28:04,158 | INFO | uvicorn.error | Finished server process [8228]
2025-09-09 20:28:41,488 | INFO | code-magnetism | Routers attached: ['main-router']
2025-09-09 20:28:43,005 | INFO | uvicorn.error | Started server process [6836]
2025-09-09 20:28:43,007 | INFO | uvicorn.error | Waiting for application startup.
2025-09-09 20:28:43,013 | INFO | code-magnetism | Startup: инициализация БД/планировщика/вебхука...
2025-09-09 20:28:43,018 | INFO | db | Connecting PostgreSQL: postgresql://magnet:***@localhost:5432/magnetism
2025-09-09 20:28:43,862 | INFO | db | PostgreSQL pool created
2025-09-09 20:28:43,992 | INFO | db | Schema applied from C:\Users\Tim\Desktop\code-magnetism\schema.sql
2025-09-09 20:28:43,993 | INFO | code-magnetism | Database initialized successfully
2025-09-09 20:28:44,107 | INFO | apscheduler.scheduler | Adding job tentatively -- it will be properly scheduled when the scheduler starts
2025-09-09 20:28:44,109 | INFO | apscheduler.scheduler | Adding job tentatively -- it will be properly scheduled when the scheduler starts
2025-09-09 20:28:44,115 | INFO | apscheduler.scheduler | Adding job tentatively -- it will be properly scheduled when the scheduler starts
2025-09-09 20:28:44,138 | INFO | apscheduler.scheduler | Added job "job_daily_lessons" to job store "default"
2025-09-09 20:28:44,140 | INFO | apscheduler.scheduler | Added job "job_soft_reminders" to job store "default"
2025-09-09 20:28:44,142 | INFO | apscheduler.scheduler | Added job "job_access_expiry_reminders" to job store "default"
2025-09-09 20:28:44,145 | INFO | apscheduler.scheduler | Scheduler started
2025-09-09 20:28:44,148 | INFO | scheduler | APScheduler started with timezone=Europe/Moscow; lessons at 10:00
2025-09-09 20:28:44,151 | INFO | code-magnetism | Scheduler initialized successfully
2025-09-09 20:28:44,155 | INFO | code-magnetism | Setting Telegram webhook to: https://f8ddf30705a7.ngrok-free.app/telegram/webhook?secret=change_me
2025-09-09 20:28:44,844 | INFO | code-magnetism | Old webhook deleted
2025-09-09 20:28:45,062 | INFO | code-magnetism | Telegram webhook установлен: https://f8ddf30705a7.ngrok-free.app/telegram/webhook?secret=change_me
2025-09-09 20:28:45,063 | INFO | code-magnetism | Startup завершён.
2025-09-09 20:28:45,068 | INFO | uvicorn.error | Application startup complete.
2025-09-09 20:28:45,072 | INFO | uvicorn.error | Uvicorn running on http://0.0.0.0:8000 (Press CTRL+C to quit)
2025-09-09 20:28:48,225 | INFO | code-magnetism | Incoming update 49515147
2025-09-09 20:28:48,226 | INFO | code-magnetism | Message from 815370781 (@goldfinger_uk): /start
2025-09-09 20:28:49,227 | INFO | aiogram.event | Update id=49515147 is handled. Duration 994 ms by bot id=8095548345
2025-09-09 20:28:49,228 | INFO | code-magnetism | Update 49515147 processed successfully
2025-09-09 20:28:49,234 | INFO | uvicorn.access | 91.108.5.52:0 - "POST /telegram/webhook?secret=change_me HTTP/1.1" 200
2025-09-09 20:28:54,110 | INFO | code-magnetism | Incoming update 49515148
2025-09-09 20:28:54,111 | INFO | code-magnetism | Callback from 815370781 (@goldfinger_uk): menu:about
2025-09-09 20:28:54,643 | INFO | aiogram.event | Update id=49515148 is handled. Duration 525 ms by bot id=8095548345
2025-09-09 20:28:54,644 | INFO | code-magnetism | Update 49515148 processed successfully
2025-09-09 20:28:54,650 | INFO | uvicorn.access | 91.108.5.52:0 - "POST /telegram/webhook?secret=change_me HTTP/1.1" 200
2025-09-09 20:29:00,575 | INFO | code-magnetism | Incoming update 49515149
2025-09-09 20:29:00,577 | INFO | code-magnetism | Callback from 815370781 (@goldfinger_uk): menu:faq
2025-09-09 20:29:01,139 | INFO | aiogram.event | Update id=49515149 is handled. Duration 555 ms by bot id=8095548345
2025-09-09 20:29:01,140 | INFO | code-magnetism | Update 49515149 processed successfully
2025-09-09 20:29:01,146 | INFO | uvicorn.access | 91.108.5.52:0 - "POST /telegram/webhook?secret=change_me HTTP/1.1" 200
2025-09-09 20:29:07,047 | INFO | code-magnetism | Incoming update 49515150
2025-09-09 20:29:07,048 | INFO | code-magnetism | Callback from 815370781 (@goldfinger_uk): menu:funnel
2025-09-09 20:29:07,565 | INFO | aiogram.event | Update id=49515150 is handled. Duration 511 ms by bot id=8095548345
2025-09-09 20:29:07,566 | INFO | code-magnetism | Update 49515150 processed successfully
2025-09-09 20:29:07,571 | INFO | uvicorn.access | 91.108.5.52:0 - "POST /telegram/webhook?secret=change_me HTTP/1.1" 200
2025-09-09 20:29:17,837 | INFO | code-magnetism | Incoming update 49515151
2025-09-09 20:29:17,838 | INFO | code-magnetism | Callback from 815370781 (@goldfinger_uk): menu:progress
2025-09-09 20:29:18,390 | INFO | aiogram.event | Update id=49515151 is handled. Duration 545 ms by bot id=8095548345
2025-09-09 20:29:18,391 | INFO | code-magnetism | Update 49515151 processed successfully
2025-09-09 20:29:18,396 | INFO | uvicorn.access | 91.108.5.52:0 - "POST /telegram/webhook?secret=change_me HTTP/1.1" 200
2025-09-09 20:29:22,490 | INFO | code-magnetism | Incoming update 49515152
2025-09-09 20:29:22,491 | INFO | code-magnetism | Callback from 815370781 (@goldfinger_uk): menu:support
2025-09-09 20:29:23,009 | INFO | aiogram.event | Update id=49515152 is handled. Duration 513 ms by bot id=8095548345
2025-09-09 20:29:23,010 | INFO | code-magnetism | Update 49515152 processed successfully
2025-09-09 20:29:23,015 | INFO | uvicorn.access | 91.108.5.52:0 - "POST /telegram/webhook?secret=change_me HTTP/1.1" 200
2025-09-09 20:55:35,124 | INFO | uvicorn.error | Shutting down
2025-09-09 20:55:35,337 | INFO | uvicorn.error | Finished server process [6836]
2025-09-09 20:55:35,380 | INFO | code-magnetism | Shutdown: останавливаем планировщик/закрываем БД...
2025-09-09 20:55:35,389 | INFO | scheduler | APScheduler shut down
2025-09-09 20:55:35,395 | INFO | code-magnetism | Scheduler stopped successfully
2025-09-09 20:56:14,464 | INFO | code-magnetism | Routers attached: ['main-router']
2025-09-09 20:56:16,611 | INFO | uvicorn.error | Started server process [8772]
2025-09-09 20:56:16,612 | INFO | uvicorn.error | Waiting for application startup.
2025-09-09 20:56:16,619 | INFO | code-magnetism | Startup: инициализация БД/планировщика/вебхука...
2025-09-09 20:56:16,625 | INFO | db | Connecting PostgreSQL: postgresql://magnet:***@localhost:5432/magnetism
2025-09-09 20:56:17,972 | INFO | db | PostgreSQL pool created
2025-09-09 20:56:19,244 | ERROR | db | Schema statement failed: -- =========================
-- Конец schema.sql v2
-- =========================
Traceback (most recent call last):
  File "C:\Users\Tim\Desktop\code-magnetism\db.py", line 178, in _run_schema
    await conn.execute(stmt)
  File "C:\Users\Tim\AppData\Local\Programs\Python\Python313\Lib\site-packages\asyncpg\connection.py", line 349, in execute
    result = await self._protocol.query(query, timeout)
             ^^^^^^^^^^^^^^^^^^^^^^^^^^^^^^^^^^^^^^^^^^
  File "asyncpg\\protocol\\protocol.pyx", line 375, in query
  File "asyncpg\\protocol\\protocol.pyx", line 888, in asyncpg.protocol.protocol.BaseProtocol._dispatch_result
  File "asyncpg\\protocol\\protocol.pyx", line 815, in asyncpg.protocol.protocol.BaseProtocol._on_result__simple_query
AttributeError: 'NoneType' object has no attribute 'decode'
2025-09-09 20:56:19,486 | ERROR | code-magnetism | Failed to initialize database: 'NoneType' object has no attribute 'decode'
2025-09-09 20:56:20,432 | INFO | code-magnetism | Notification sent to admin 1648917869
2025-09-09 20:56:20,541 | ERROR | uvicorn.error | Traceback (most recent call last):
  File "C:\Users\Tim\AppData\Local\Programs\Python\Python313\Lib\site-packages\starlette\routing.py", line 694, in lifespan
    async with self.lifespan_context(app) as maybe_state:
               ~~~~~~~~~~~~~~~~~~~~~^^^^^
  File "C:\Users\Tim\AppData\Local\Programs\Python\Python313\Lib\contextlib.py", line 214, in __aenter__
    return await anext(self.gen)
           ^^^^^^^^^^^^^^^^^^^^^
  File "C:\Users\Tim\Desktop\code-magnetism\app.py", line 218, in lifespan
    await init_db(DB_DSN)
  File "C:\Users\Tim\Desktop\code-magnetism\db.py", line 150, in init_db
    await _run_schema(schema_file)
  File "C:\Users\Tim\Desktop\code-magnetism\db.py", line 178, in _run_schema
    await conn.execute(stmt)
  File "C:\Users\Tim\AppData\Local\Programs\Python\Python313\Lib\site-packages\asyncpg\connection.py", line 349, in execute
    result = await self._protocol.query(query, timeout)
             ^^^^^^^^^^^^^^^^^^^^^^^^^^^^^^^^^^^^^^^^^^
  File "asyncpg\\protocol\\protocol.pyx", line 375, in query
  File "asyncpg\\protocol\\protocol.pyx", line 888, in asyncpg.protocol.protocol.BaseProtocol._dispatch_result
  File "asyncpg\\protocol\\protocol.pyx", line 815, in asyncpg.protocol.protocol.BaseProtocol._on_result__simple_query
AttributeError: 'NoneType' object has no attribute 'decode'

2025-09-09 20:56:20,544 | ERROR | uvicorn.error | Application startup failed. Exiting.
2025-09-09 21:55:17,896 | INFO | code-magnetism | Routers attached: ['main-router']
2025-09-09 21:55:19,486 | INFO | uvicorn.error | Started server process [6064]
2025-09-09 21:55:19,492 | INFO | uvicorn.error | Waiting for application startup.
2025-09-09 21:55:19,520 | INFO | code-magnetism | Startup: инициализация БД/планировщика/вебхука...
2025-09-09 21:55:19,521 | INFO | db | Connecting PostgreSQL: postgresql://magnet:***@localhost:5432/magnetism
2025-09-09 21:55:20,852 | INFO | db | PostgreSQL pool created
2025-09-09 21:55:21,717 | ERROR | db | Schema statement failed: -- =========================
-- Конец schema.sql v2
-- =========================
Traceback (most recent call last):
  File "C:\Users\Tim\Desktop\code-magnetism\db.py", line 178, in _run_schema
    await conn.execute(stmt)
  File "C:\Users\Tim\AppData\Local\Programs\Python\Python313\Lib\site-packages\asyncpg\connection.py", line 349, in execute
    result = await self._protocol.query(query, timeout)
             ^^^^^^^^^^^^^^^^^^^^^^^^^^^^^^^^^^^^^^^^^^
  File "asyncpg\\protocol\\protocol.pyx", line 375, in query
  File "asyncpg\\protocol\\protocol.pyx", line 888, in asyncpg.protocol.protocol.BaseProtocol._dispatch_result
  File "asyncpg\\protocol\\protocol.pyx", line 815, in asyncpg.protocol.protocol.BaseProtocol._on_result__simple_query
AttributeError: 'NoneType' object has no attribute 'decode'
2025-09-09 21:55:21,925 | ERROR | code-magnetism | Failed to initialize database: 'NoneType' object has no attribute 'decode'
2025-09-09 21:55:23,018 | INFO | code-magnetism | Notification sent to admin 1648917869
2025-09-09 21:55:23,088 | ERROR | uvicorn.error | Traceback (most recent call last):
  File "C:\Users\Tim\AppData\Local\Programs\Python\Python313\Lib\site-packages\starlette\routing.py", line 694, in lifespan
    async with self.lifespan_context(app) as maybe_state:
               ~~~~~~~~~~~~~~~~~~~~~^^^^^
  File "C:\Users\Tim\AppData\Local\Programs\Python\Python313\Lib\contextlib.py", line 214, in __aenter__
    return await anext(self.gen)
           ^^^^^^^^^^^^^^^^^^^^^
  File "C:\Users\Tim\Desktop\code-magnetism\app.py", line 218, in lifespan
    await init_db(DB_DSN)
  File "C:\Users\Tim\Desktop\code-magnetism\db.py", line 150, in init_db
    await _run_schema(schema_file)
  File "C:\Users\Tim\Desktop\code-magnetism\db.py", line 178, in _run_schema
    await conn.execute(stmt)
  File "C:\Users\Tim\AppData\Local\Programs\Python\Python313\Lib\site-packages\asyncpg\connection.py", line 349, in execute
    result = await self._protocol.query(query, timeout)
             ^^^^^^^^^^^^^^^^^^^^^^^^^^^^^^^^^^^^^^^^^^
  File "asyncpg\\protocol\\protocol.pyx", line 375, in query
  File "asyncpg\\protocol\\protocol.pyx", line 888, in asyncpg.protocol.protocol.BaseProtocol._dispatch_result
  File "asyncpg\\protocol\\protocol.pyx", line 815, in asyncpg.protocol.protocol.BaseProtocol._on_result__simple_query
AttributeError: 'NoneType' object has no attribute 'decode'

2025-09-09 21:55:23,092 | ERROR | uvicorn.error | Application startup failed. Exiting.
2025-09-09 22:05:50,554 | INFO | code-magnetism | Routers attached: ['main-router']
2025-09-09 22:05:51,747 | INFO | uvicorn.error | Started server process [756]
2025-09-09 22:05:51,748 | INFO | uvicorn.error | Waiting for application startup.
2025-09-09 22:05:51,750 | INFO | code-magnetism | Startup: инициализация БД/планировщика/вебхука...
2025-09-09 22:05:51,751 | INFO | db | Connecting PostgreSQL: postgresql://magnet:***@localhost:5432/magnetism
2025-09-09 22:05:52,820 | INFO | db | PostgreSQL pool created
2025-09-09 22:05:53,351 | ERROR | db | Schema statement failed: -- =========================
-- Конец schema.sql v2
-- =========================
Traceback (most recent call last):
  File "C:\Users\Tim\Desktop\code-magnetism\db.py", line 178, in _run_schema
    await conn.execute(stmt)
  File "C:\Users\Tim\AppData\Local\Programs\Python\Python313\Lib\site-packages\asyncpg\connection.py", line 349, in execute
    result = await self._protocol.query(query, timeout)
             ^^^^^^^^^^^^^^^^^^^^^^^^^^^^^^^^^^^^^^^^^^
  File "asyncpg\\protocol\\protocol.pyx", line 375, in query
  File "asyncpg\\protocol\\protocol.pyx", line 888, in asyncpg.protocol.protocol.BaseProtocol._dispatch_result
  File "asyncpg\\protocol\\protocol.pyx", line 815, in asyncpg.protocol.protocol.BaseProtocol._on_result__simple_query
AttributeError: 'NoneType' object has no attribute 'decode'
2025-09-09 22:05:53,430 | ERROR | code-magnetism | Failed to initialize database: 'NoneType' object has no attribute 'decode'
2025-09-09 22:05:54,314 | INFO | code-magnetism | Notification sent to admin 1648917869
2025-09-09 22:05:54,378 | ERROR | uvicorn.error | Traceback (most recent call last):
  File "C:\Users\Tim\AppData\Local\Programs\Python\Python313\Lib\site-packages\starlette\routing.py", line 694, in lifespan
    async with self.lifespan_context(app) as maybe_state:
               ~~~~~~~~~~~~~~~~~~~~~^^^^^
  File "C:\Users\Tim\AppData\Local\Programs\Python\Python313\Lib\contextlib.py", line 214, in __aenter__
    return await anext(self.gen)
           ^^^^^^^^^^^^^^^^^^^^^
  File "C:\Users\Tim\Desktop\code-magnetism\app.py", line 218, in lifespan
    await init_db(DB_DSN)
  File "C:\Users\Tim\Desktop\code-magnetism\db.py", line 150, in init_db
    await _run_schema(schema_file)
  File "C:\Users\Tim\Desktop\code-magnetism\db.py", line 178, in _run_schema
    await conn.execute(stmt)
  File "C:\Users\Tim\AppData\Local\Programs\Python\Python313\Lib\site-packages\asyncpg\connection.py", line 349, in execute
    result = await self._protocol.query(query, timeout)
             ^^^^^^^^^^^^^^^^^^^^^^^^^^^^^^^^^^^^^^^^^^
  File "asyncpg\\protocol\\protocol.pyx", line 375, in query
  File "asyncpg\\protocol\\protocol.pyx", line 888, in asyncpg.protocol.protocol.BaseProtocol._dispatch_result
  File "asyncpg\\protocol\\protocol.pyx", line 815, in asyncpg.protocol.protocol.BaseProtocol._on_result__simple_query
AttributeError: 'NoneType' object has no attribute 'decode'

2025-09-09 22:05:54,401 | ERROR | uvicorn.error | Application startup failed. Exiting.
2025-09-09 22:21:57,980 | INFO | code-magnetism | Routers attached: ['main-router']
2025-09-09 22:21:59,448 | INFO | uvicorn.error | Started server process [1452]
2025-09-09 22:21:59,450 | INFO | uvicorn.error | Waiting for application startup.
2025-09-09 22:21:59,484 | INFO | code-magnetism | Startup: инициализация БД/планировщика/вебхука...
2025-09-09 22:21:59,485 | INFO | db | Connecting PostgreSQL: postgresql://magnet:***@localhost:5432/magnetism
2025-09-09 22:22:00,850 | INFO | db | PostgreSQL pool created
2025-09-09 22:22:00,852 | INFO | db | Applying schema from: C:\Users\Tim\Desktop\code-magnetism\schema.sql
2025-09-09 22:22:00,871 | ERROR | code-magnetism | Failed to initialize database: name '_POOL' is not defined
2025-09-09 22:22:02,147 | INFO | code-magnetism | Notification sent to admin 1648917869
2025-09-09 22:22:02,234 | ERROR | uvicorn.error | Traceback (most recent call last):
  File "C:\Users\Tim\AppData\Local\Programs\Python\Python313\Lib\site-packages\starlette\routing.py", line 694, in lifespan
    async with self.lifespan_context(app) as maybe_state:
               ~~~~~~~~~~~~~~~~~~~~~^^^^^
  File "C:\Users\Tim\AppData\Local\Programs\Python\Python313\Lib\contextlib.py", line 214, in __aenter__
    return await anext(self.gen)
           ^^^^^^^^^^^^^^^^^^^^^
  File "C:\Users\Tim\Desktop\code-magnetism\app.py", line 218, in lifespan
    await init_db(DB_DSN)
  File "C:\Users\Tim\Desktop\code-magnetism\db.py", line 161, in init_db
    await _run_schema(schema_file)
  File "C:\Users\Tim\Desktop\code-magnetism\db.py", line 187, in _run_schema
    async with _POOL.acquire() as conn:
               ^^^^^
NameError: name '_POOL' is not defined. Did you mean: '_pool'?

2025-09-09 22:22:02,236 | ERROR | uvicorn.error | Application startup failed. Exiting.
2025-09-09 22:27:29,204 | INFO | code-magnetism | Routers attached: ['main-router']
2025-09-09 22:27:30,751 | INFO | uvicorn.error | Started server process [8564]
2025-09-09 22:27:30,754 | INFO | uvicorn.error | Waiting for application startup.
2025-09-09 22:27:30,798 | INFO | code-magnetism | Startup: инициализация БД/планировщика/вебхука...
2025-09-09 22:27:30,801 | INFO | db | Connecting PostgreSQL: postgresql://magnet:***@localhost:5432/magnetism
2025-09-09 22:27:31,967 | INFO | db | PostgreSQL pool created
2025-09-09 22:27:31,968 | INFO | db | Applying schema from: C:\Users\Tim\Desktop\code-magnetism\schema.sql
2025-09-09 22:27:32,733 | INFO | db | Schema applied successfully.
2025-09-09 22:27:32,734 | INFO | db | Schema applied from C:\Users\Tim\Desktop\code-magnetism\schema.sql
2025-09-09 22:27:32,740 | INFO | code-magnetism | Database initialized successfully
2025-09-09 22:27:32,914 | INFO | apscheduler.scheduler | Adding job tentatively -- it will be properly scheduled when the scheduler starts
2025-09-09 22:27:32,916 | INFO | apscheduler.scheduler | Adding job tentatively -- it will be properly scheduled when the scheduler starts
2025-09-09 22:27:32,922 | INFO | apscheduler.scheduler | Adding job tentatively -- it will be properly scheduled when the scheduler starts
2025-09-09 22:27:32,937 | INFO | apscheduler.scheduler | Added job "job_daily_lessons" to job store "default"
2025-09-09 22:27:32,943 | INFO | apscheduler.scheduler | Added job "job_soft_reminders" to job store "default"
2025-09-09 22:27:32,947 | INFO | apscheduler.scheduler | Added job "job_access_expiry_reminders" to job store "default"
2025-09-09 22:27:32,950 | INFO | apscheduler.scheduler | Scheduler started
2025-09-09 22:27:32,953 | INFO | scheduler | APScheduler started with timezone=Europe/Moscow; lessons at 10:00
2025-09-09 22:27:32,960 | INFO | code-magnetism | Scheduler initialized successfully
2025-09-09 22:27:32,982 | INFO | code-magnetism | Setting Telegram webhook to: https://f8ddf30705a7.ngrok-free.app/telegram/webhook?secret=change_me
2025-09-09 22:27:33,915 | INFO | code-magnetism | Old webhook deleted
2025-09-09 22:27:34,154 | INFO | code-magnetism | Telegram webhook установлен: https://f8ddf30705a7.ngrok-free.app/telegram/webhook?secret=change_me
2025-09-09 22:27:34,155 | INFO | code-magnetism | Startup завершён.
2025-09-09 22:27:34,161 | INFO | uvicorn.error | Application startup complete.
2025-09-09 22:27:34,163 | INFO | uvicorn.error | Uvicorn running on http://0.0.0.0:8000 (Press CTRL+C to quit)
2025-09-09 22:27:45,618 | INFO | code-magnetism | Incoming update 49515153
2025-09-09 22:27:45,619 | INFO | code-magnetism | Message from 815370781 (@goldfinger_uk): /start
2025-09-09 22:27:47,092 | INFO | aiogram.event | Update id=49515153 is handled. Duration 1397 ms by bot id=8095548345
2025-09-09 22:27:47,093 | INFO | code-magnetism | Update 49515153 processed successfully
2025-09-09 22:27:47,100 | INFO | uvicorn.access | 91.108.5.52:0 - "POST /telegram/webhook?secret=change_me HTTP/1.1" 200
2025-09-09 22:27:52,967 | INFO | code-magnetism | Incoming update 49515154
2025-09-09 22:27:52,968 | INFO | code-magnetism | Message from 815370781 (@goldfinger_uk): /profile
2025-09-09 22:27:53,239 | INFO | aiogram.event | Update id=49515154 is handled. Duration 265 ms by bot id=8095548345
2025-09-09 22:27:53,240 | INFO | code-magnetism | Update 49515154 processed successfully
2025-09-09 22:27:53,245 | INFO | uvicorn.access | 91.108.5.52:0 - "POST /telegram/webhook?secret=change_me HTTP/1.1" 200
2025-09-09 22:27:56,474 | INFO | code-magnetism | Incoming update 49515155
2025-09-09 22:27:56,475 | INFO | code-magnetism | Callback from 815370781 (@goldfinger_uk): profile:email
2025-09-09 22:27:57,025 | INFO | aiogram.event | Update id=49515155 is handled. Duration 502 ms by bot id=8095548345
2025-09-09 22:27:57,025 | INFO | code-magnetism | Update 49515155 processed successfully
2025-09-09 22:27:57,030 | INFO | uvicorn.access | 91.108.5.52:0 - "POST /telegram/webhook?secret=change_me HTTP/1.1" 200
2025-09-09 22:28:07,025 | INFO | code-magnetism | Incoming update 49515156
2025-09-09 22:28:07,026 | INFO | code-magnetism | Message from 815370781 (@goldfinger_uk): test@gmail.ru
2025-09-09 22:28:07,054 | INFO | aiogram.event | Update id=49515156 is handled. Duration 2 ms by bot id=8095548345
2025-09-09 22:28:07,055 | INFO | code-magnetism | Update 49515156 processed successfully
2025-09-09 22:28:07,057 | INFO | uvicorn.access | 91.108.5.52:0 - "POST /telegram/webhook?secret=change_me HTTP/1.1" 200
2025-09-09 22:28:17,111 | INFO | code-magnetism | Incoming update 49515157
2025-09-09 22:28:17,112 | INFO | code-magnetism | Callback from 815370781 (@goldfinger_uk): menu:back
2025-09-09 22:28:18,104 | INFO | aiogram.event | Update id=49515157 is handled. Duration 986 ms by bot id=8095548345
2025-09-09 22:28:18,105 | INFO | code-magnetism | Update 49515157 processed successfully
2025-09-09 22:28:18,110 | INFO | uvicorn.access | 91.108.5.52:0 - "POST /telegram/webhook?secret=change_me HTTP/1.1" 200
2025-09-09 22:28:21,256 | INFO | code-magnetism | Incoming update 49515158
2025-09-09 22:28:21,257 | INFO | code-magnetism | Callback from 815370781 (@goldfinger_uk): menu:about
2025-09-09 22:28:21,871 | INFO | aiogram.event | Update id=49515158 is handled. Duration 606 ms by bot id=8095548345
2025-09-09 22:28:21,872 | INFO | code-magnetism | Update 49515158 processed successfully
2025-09-09 22:28:21,877 | INFO | uvicorn.access | 91.108.5.52:0 - "POST /telegram/webhook?secret=change_me HTTP/1.1" 200
2025-09-09 22:28:29,420 | INFO | code-magnetism | Incoming update 49515159
2025-09-09 22:28:29,421 | INFO | code-magnetism | Callback from 815370781 (@goldfinger_uk): menu:funnel
2025-09-09 22:28:30,035 | INFO | aiogram.event | Update id=49515159 is handled. Duration 606 ms by bot id=8095548345
2025-09-09 22:28:30,035 | INFO | code-magnetism | Update 49515159 processed successfully
2025-09-09 22:28:30,040 | INFO | uvicorn.access | 91.108.5.52:0 - "POST /telegram/webhook?secret=change_me HTTP/1.1" 200
2025-09-09 22:28:36,762 | INFO | code-magnetism | Incoming update 49515160
2025-09-09 22:28:36,763 | INFO | code-magnetism | Message from 815370781 (@goldfinger_uk): /start
2025-09-09 22:28:37,756 | INFO | aiogram.event | Update id=49515160 is handled. Duration 986 ms by bot id=8095548345
2025-09-09 22:28:37,758 | INFO | code-magnetism | Update 49515160 processed successfully
2025-09-09 22:28:37,763 | INFO | uvicorn.access | 91.108.5.52:0 - "POST /telegram/webhook?secret=change_me HTTP/1.1" 200
2025-09-09 22:28:39,977 | INFO | code-magnetism | Incoming update 49515161
2025-09-09 22:28:39,978 | INFO | code-magnetism | Callback from 815370781 (@goldfinger_uk): menu:funnel
2025-09-09 22:28:40,512 | INFO | aiogram.event | Update id=49515161 is handled. Duration 526 ms by bot id=8095548345
2025-09-09 22:28:40,513 | INFO | code-magnetism | Update 49515161 processed successfully
2025-09-09 22:28:40,519 | INFO | uvicorn.access | 91.108.5.52:0 - "POST /telegram/webhook?secret=change_me HTTP/1.1" 200
2025-09-09 22:28:43,004 | INFO | code-magnetism | Incoming update 49515162
2025-09-09 22:28:43,006 | INFO | code-magnetism | Callback from 815370781 (@goldfinger_uk): menu:funnel
2025-09-09 22:28:43,542 | INFO | aiogram.event | Update id=49515162 is handled. Duration 529 ms by bot id=8095548345
2025-09-09 22:28:43,543 | INFO | code-magnetism | Update 49515162 processed successfully
2025-09-09 22:28:43,548 | INFO | uvicorn.access | 91.108.5.52:0 - "POST /telegram/webhook?secret=change_me HTTP/1.1" 200
2025-09-09 22:28:45,505 | INFO | code-magnetism | Incoming update 49515163
2025-09-09 22:28:45,506 | INFO | code-magnetism | Callback from 815370781 (@goldfinger_uk): menu:funnel
2025-09-09 22:28:46,036 | INFO | aiogram.event | Update id=49515163 is handled. Duration 524 ms by bot id=8095548345
2025-09-09 22:28:46,037 | INFO | code-magnetism | Update 49515163 processed successfully
2025-09-09 22:28:46,046 | INFO | uvicorn.access | 91.108.5.52:0 - "POST /telegram/webhook?secret=change_me HTTP/1.1" 200
2025-09-09 22:28:47,076 | INFO | code-magnetism | Incoming update 49515164
2025-09-09 22:28:47,077 | INFO | code-magnetism | Callback from 815370781 (@goldfinger_uk): menu:profile
2025-09-09 22:28:47,659 | INFO | aiogram.event | Update id=49515164 is handled. Duration 575 ms by bot id=8095548345
2025-09-09 22:28:47,660 | INFO | code-magnetism | Update 49515164 processed successfully
2025-09-09 22:28:47,666 | INFO | uvicorn.access | 91.108.5.52:0 - "POST /telegram/webhook?secret=change_me HTTP/1.1" 200
2025-09-09 22:28:49,859 | INFO | code-magnetism | Incoming update 49515165
2025-09-09 22:28:49,859 | INFO | code-magnetism | Callback from 815370781 (@goldfinger_uk): menu:main
2025-09-09 22:28:50,393 | INFO | aiogram.event | Update id=49515165 is handled. Duration 527 ms by bot id=8095548345
2025-09-09 22:28:50,394 | INFO | code-magnetism | Update 49515165 processed successfully
2025-09-09 22:28:50,399 | INFO | uvicorn.access | 91.108.5.52:0 - "POST /telegram/webhook?secret=change_me HTTP/1.1" 200
2025-09-09 22:28:53,318 | INFO | code-magnetism | Incoming update 49515166
2025-09-09 22:28:53,319 | INFO | code-magnetism | Callback from 815370781 (@goldfinger_uk): menu:progress
2025-09-09 22:28:53,876 | INFO | aiogram.event | Update id=49515166 is handled. Duration 550 ms by bot id=8095548345
2025-09-09 22:28:53,878 | INFO | code-magnetism | Update 49515166 processed successfully
2025-09-09 22:28:53,883 | INFO | uvicorn.access | 91.108.5.52:0 - "POST /telegram/webhook?secret=change_me HTTP/1.1" 200
2025-09-09 22:28:55,155 | INFO | code-magnetism | Incoming update 49515167
2025-09-09 22:28:55,156 | INFO | code-magnetism | Callback from 815370781 (@goldfinger_uk): menu:faq
2025-09-09 22:28:55,720 | INFO | aiogram.event | Update id=49515167 is handled. Duration 557 ms by bot id=8095548345
2025-09-09 22:28:55,721 | INFO | code-magnetism | Update 49515167 processed successfully
2025-09-09 22:28:55,726 | INFO | uvicorn.access | 91.108.5.52:0 - "POST /telegram/webhook?secret=change_me HTTP/1.1" 200
2025-09-09 22:28:58,453 | INFO | code-magnetism | Incoming update 49515168
2025-09-09 22:28:58,454 | INFO | code-magnetism | Callback from 815370781 (@goldfinger_uk): menu:about
2025-09-09 22:28:59,004 | INFO | aiogram.event | Update id=49515168 is handled. Duration 543 ms by bot id=8095548345
2025-09-09 22:28:59,005 | INFO | code-magnetism | Update 49515168 processed successfully
2025-09-09 22:28:59,011 | INFO | uvicorn.access | 91.108.5.52:0 - "POST /telegram/webhook?secret=change_me HTTP/1.1" 200
2025-09-09 22:30:22,151 | INFO | code-magnetism | Incoming update 49515169
2025-09-09 22:30:22,152 | INFO | code-magnetism | Callback from 815370781 (@goldfinger_uk): menu:about
2025-09-09 22:30:23,112 | INFO | aiogram.event | Update id=49515169 is handled. Duration 941 ms by bot id=8095548345
2025-09-09 22:30:23,123 | INFO | code-magnetism | Update 49515169 processed successfully
2025-09-09 22:30:23,131 | INFO | uvicorn.access | 91.108.5.52:0 - "POST /telegram/webhook?secret=change_me HTTP/1.1" 200
2025-09-09 22:30:25,105 | INFO | code-magnetism | Incoming update 49515170
2025-09-09 22:30:25,109 | INFO | code-magnetism | Callback from 815370781 (@goldfinger_uk): menu:funnel
2025-09-09 22:30:25,678 | INFO | aiogram.event | Update id=49515170 is handled. Duration 563 ms by bot id=8095548345
2025-09-09 22:30:25,679 | INFO | code-magnetism | Update 49515170 processed successfully
2025-09-09 22:30:25,685 | INFO | uvicorn.access | 91.108.5.52:0 - "POST /telegram/webhook?secret=change_me HTTP/1.1" 200
2025-09-09 22:30:32,773 | INFO | code-magnetism | Incoming update 49515171
2025-09-09 22:30:32,774 | INFO | code-magnetism | Callback from 815370781 (@goldfinger_uk): menu:faq
2025-09-09 22:30:33,293 | INFO | aiogram.event | Update id=49515171 is handled. Duration 513 ms by bot id=8095548345
2025-09-09 22:30:33,295 | INFO | code-magnetism | Update 49515171 processed successfully
2025-09-09 22:30:33,300 | INFO | uvicorn.access | 91.108.5.52:0 - "POST /telegram/webhook?secret=change_me HTTP/1.1" 200
2025-09-09 22:30:34,638 | INFO | code-magnetism | Incoming update 49515172
2025-09-09 22:30:34,640 | INFO | code-magnetism | Callback from 815370781 (@goldfinger_uk): menu:profile
2025-09-09 22:30:35,143 | INFO | aiogram.event | Update id=49515172 is handled. Duration 496 ms by bot id=8095548345
2025-09-09 22:30:35,144 | INFO | code-magnetism | Update 49515172 processed successfully
2025-09-09 22:30:35,148 | INFO | uvicorn.access | 91.108.5.52:0 - "POST /telegram/webhook?secret=change_me HTTP/1.1" 200
2025-09-09 22:31:46,380 | INFO | code-magnetism | Incoming update 49515173
2025-09-09 22:31:46,381 | INFO | code-magnetism | Callback from 815370781 (@goldfinger_uk): menu:main
2025-09-09 22:31:47,443 | INFO | aiogram.event | Update id=49515173 is handled. Duration 1055 ms by bot id=8095548345
2025-09-09 22:31:47,450 | INFO | code-magnetism | Update 49515173 processed successfully
2025-09-09 22:31:47,453 | INFO | uvicorn.access | 91.108.5.52:0 - "POST /telegram/webhook?secret=change_me HTTP/1.1" 200
2025-09-09 22:31:48,464 | INFO | code-magnetism | Incoming update 49515174
2025-09-09 22:31:48,470 | INFO | code-magnetism | Callback from 815370781 (@goldfinger_uk): menu:funnel
2025-09-09 22:31:49,071 | INFO | aiogram.event | Update id=49515174 is handled. Duration 595 ms by bot id=8095548345
2025-09-09 22:31:49,073 | INFO | code-magnetism | Update 49515174 processed successfully
2025-09-09 22:31:49,075 | INFO | uvicorn.access | 91.108.5.52:0 - "POST /telegram/webhook?secret=change_me HTTP/1.1" 200
2025-09-09 22:32:37,986 | INFO | code-magnetism | Incoming update 49515175
2025-09-09 22:32:37,988 | INFO | code-magnetism | Callback from 815370781 (@goldfinger_uk): menu:progress
2025-09-09 22:32:38,938 | INFO | aiogram.event | Update id=49515175 is handled. Duration 942 ms by bot id=8095548345
2025-09-09 22:32:38,942 | INFO | code-magnetism | Update 49515175 processed successfully
2025-09-09 22:32:38,947 | INFO | uvicorn.access | 91.108.5.52:0 - "POST /telegram/webhook?secret=change_me HTTP/1.1" 200
2025-09-09 22:38:58,732 | INFO | uvicorn.error | Shutting down
2025-09-09 22:38:58,834 | INFO | uvicorn.error | Waiting for application shutdown.
2025-09-09 22:38:58,835 | INFO | code-magnetism | Shutdown: останавливаем планировщик/закрываем БД...
2025-09-09 22:38:58,842 | INFO | scheduler | APScheduler shut down
2025-09-09 22:38:58,843 | INFO | code-magnetism | Scheduler stopped successfully
2025-09-09 22:38:58,846 | INFO | apscheduler.scheduler | Scheduler has been shut down
2025-09-09 22:38:58,848 | INFO | db | PostgreSQL pool closed
2025-09-09 22:38:58,849 | INFO | code-magnetism | Database closed successfully
2025-09-09 22:38:58,851 | INFO | code-magnetism | Shutdown завершён.
2025-09-09 22:38:58,862 | INFO | uvicorn.error | Application shutdown complete.
2025-09-09 22:38:58,863 | INFO | uvicorn.error | Finished server process [8564]
2025-09-09 22:39:34,822 | INFO | code-magnetism | Routers attached: ['main-router']
2025-09-09 22:39:36,089 | INFO | uvicorn.error | Started server process [7456]
2025-09-09 22:39:36,090 | INFO | uvicorn.error | Waiting for application startup.
2025-09-09 22:39:36,097 | INFO | code-magnetism | Startup: инициализация БД/планировщика/вебхука...
2025-09-09 22:39:36,098 | INFO | db | Connecting PostgreSQL: postgresql://magnet:***@localhost:5432/magnetism
2025-09-09 22:39:36,868 | INFO | db | PostgreSQL pool created
2025-09-09 22:39:36,869 | INFO | db | Applying schema from: C:\Users\Tim\Desktop\code-magnetism\schema.sql
2025-09-09 22:39:36,999 | INFO | db | Schema applied successfully.
2025-09-09 22:39:37,000 | INFO | db | Schema applied from C:\Users\Tim\Desktop\code-magnetism\schema.sql
2025-09-09 22:39:37,021 | INFO | code-magnetism | Database initialized successfully
2025-09-09 22:39:37,064 | INFO | apscheduler.scheduler | Adding job tentatively -- it will be properly scheduled when the scheduler starts
2025-09-09 22:39:37,066 | INFO | apscheduler.scheduler | Adding job tentatively -- it will be properly scheduled when the scheduler starts
2025-09-09 22:39:37,070 | INFO | apscheduler.scheduler | Adding job tentatively -- it will be properly scheduled when the scheduler starts
2025-09-09 22:39:37,086 | INFO | apscheduler.scheduler | Added job "job_daily_lessons" to job store "default"
2025-09-09 22:39:37,089 | INFO | apscheduler.scheduler | Added job "job_soft_reminders" to job store "default"
2025-09-09 22:39:37,094 | INFO | apscheduler.scheduler | Added job "job_access_expiry_reminders" to job store "default"
2025-09-09 22:39:37,098 | INFO | apscheduler.scheduler | Scheduler started
2025-09-09 22:39:37,102 | INFO | scheduler | APScheduler started with timezone=Europe/Moscow; lessons at 10:00
2025-09-09 22:39:37,109 | INFO | code-magnetism | Scheduler initialized successfully
2025-09-09 22:39:37,114 | INFO | code-magnetism | Setting Telegram webhook to: https://f8ddf30705a7.ngrok-free.app/telegram/webhook?secret=change_me
2025-09-09 22:39:38,097 | INFO | code-magnetism | Old webhook deleted
2025-09-09 22:39:38,333 | INFO | code-magnetism | Telegram webhook установлен: https://f8ddf30705a7.ngrok-free.app/telegram/webhook?secret=change_me
2025-09-09 22:39:38,334 | INFO | code-magnetism | Startup завершён.
2025-09-09 22:39:38,339 | INFO | uvicorn.error | Application startup complete.
2025-09-09 22:39:38,343 | INFO | uvicorn.error | Uvicorn running on http://0.0.0.0:8000 (Press CTRL+C to quit)
2025-09-09 22:39:46,701 | INFO | code-magnetism | Incoming update 49515176
2025-09-09 22:39:46,702 | INFO | code-magnetism | Message from 815370781 (@goldfinger_uk): /start
2025-09-09 22:39:47,005 | INFO | aiogram.event | Update id=49515176 is handled. Duration 297 ms by bot id=8095548345
2025-09-09 22:39:47,007 | INFO | code-magnetism | Update 49515176 processed successfully
2025-09-09 22:39:47,012 | INFO | uvicorn.access | 91.108.5.52:0 - "POST /telegram/webhook?secret=change_me HTTP/1.1" 200
2025-09-09 22:39:51,804 | INFO | code-magnetism | Incoming update 49515177
2025-09-09 22:39:51,804 | INFO | code-magnetism | Callback from 815370781 (@goldfinger_uk): menu:back
2025-09-09 22:39:52,451 | INFO | aiogram.event | Update id=49515177 is handled. Duration 639 ms by bot id=8095548345
2025-09-09 22:39:52,452 | INFO | code-magnetism | Update 49515177 processed successfully
2025-09-09 22:39:52,456 | INFO | uvicorn.access | 91.108.5.52:0 - "POST /telegram/webhook?secret=change_me HTTP/1.1" 200
2025-09-09 22:39:57,034 | INFO | code-magnetism | Incoming update 49515178
2025-09-09 22:39:57,035 | INFO | code-magnetism | Callback from 815370781 (@goldfinger_uk): menu:profile
2025-09-09 22:39:57,536 | INFO | aiogram.event | Update id=49515178 is handled. Duration 493 ms by bot id=8095548345
2025-09-09 22:39:57,537 | INFO | code-magnetism | Update 49515178 processed successfully
2025-09-09 22:39:57,542 | INFO | uvicorn.access | 91.108.5.52:0 - "POST /telegram/webhook?secret=change_me HTTP/1.1" 200
2025-09-09 22:40:00,177 | INFO | code-magnetism | Incoming update 49515179
2025-09-09 22:40:00,178 | INFO | code-magnetism | Callback from 815370781 (@goldfinger_uk): profile:email
2025-09-09 22:40:00,703 | INFO | aiogram.event | Update id=49515179 is handled. Duration 518 ms by bot id=8095548345
2025-09-09 22:40:00,704 | INFO | code-magnetism | Update 49515179 processed successfully
2025-09-09 22:40:00,709 | INFO | uvicorn.access | 91.108.5.52:0 - "POST /telegram/webhook?secret=change_me HTTP/1.1" 200
2025-09-09 22:40:03,735 | INFO | code-magnetism | Incoming update 49515180
2025-09-09 22:40:03,736 | INFO | code-magnetism | Callback from 815370781 (@goldfinger_uk): menu:back
2025-09-09 22:40:04,233 | INFO | aiogram.event | Update id=49515180 is handled. Duration 490 ms by bot id=8095548345
2025-09-09 22:40:04,234 | INFO | code-magnetism | Update 49515180 processed successfully
2025-09-09 22:40:04,239 | INFO | uvicorn.access | 91.108.5.52:0 - "POST /telegram/webhook?secret=change_me HTTP/1.1" 200
2025-09-09 22:40:22,146 | INFO | code-magnetism | Incoming update 49515181
2025-09-09 22:40:22,147 | INFO | code-magnetism | Message from 815370781 (@goldfinger_uk): /start
2025-09-09 22:40:22,997 | INFO | aiogram.event | Update id=49515181 is handled. Duration 844 ms by bot id=8095548345
2025-09-09 22:40:22,998 | INFO | code-magnetism | Update 49515181 processed successfully
2025-09-09 22:40:23,005 | INFO | uvicorn.access | 91.108.5.52:0 - "POST /telegram/webhook?secret=change_me HTTP/1.1" 200
2025-09-09 22:40:26,378 | INFO | code-magnetism | Incoming update 49515182
2025-09-09 22:40:26,379 | INFO | code-magnetism | Message from 815370781 (@goldfinger_uk): Tim
2025-09-09 22:40:26,517 | INFO | aiogram.event | Update id=49515182 is not handled. Duration 131 ms by bot id=8095548345
2025-09-09 22:40:26,518 | ERROR | code-magnetism | Ошибка обработки Telegram update 49515182: столбец "name" в таблице "users" не существует
Traceback (most recent call last):
  File "C:\Users\Tim\Desktop\code-magnetism\app.py", line 495, in telegram_webhook
    await dp.feed_update(bot, update)
  File "C:\Users\Tim\AppData\Local\Programs\Python\Python313\Lib\site-packages\aiogram\dispatcher\dispatcher.py", line 158, in feed_update
    response = await self.update.wrap_outer_middleware(
               ^^^^^^^^^^^^^^^^^^^^^^^^^^^^^^^^^^^^^^^^
    ...<7 lines>...
    )
    ^
  File "C:\Users\Tim\AppData\Local\Programs\Python\Python313\Lib\site-packages\aiogram\dispatcher\middlewares\error.py", line 25, in __call__
    return await handler(event, data)
           ^^^^^^^^^^^^^^^^^^^^^^^^^^
  File "C:\Users\Tim\AppData\Local\Programs\Python\Python313\Lib\site-packages\aiogram\dispatcher\middlewares\user_context.py", line 56, in __call__
    return await handler(event, data)
           ^^^^^^^^^^^^^^^^^^^^^^^^^^
  File "C:\Users\Tim\AppData\Local\Programs\Python\Python313\Lib\site-packages\aiogram\fsm\middleware.py", line 42, in __call__
    return await handler(event, data)
           ^^^^^^^^^^^^^^^^^^^^^^^^^^
  File "C:\Users\Tim\AppData\Local\Programs\Python\Python313\Lib\site-packages\aiogram\dispatcher\event\telegram.py", line 121, in trigger
    return await wrapped_inner(event, kwargs)
           ^^^^^^^^^^^^^^^^^^^^^^^^^^^^^^^^^^
  File "C:\Users\Tim\AppData\Local\Programs\Python\Python313\Lib\site-packages\aiogram\dispatcher\event\handler.py", line 43, in call
    return await wrapped()
           ^^^^^^^^^^^^^^^
  File "C:\Users\Tim\AppData\Local\Programs\Python\Python313\Lib\site-packages\aiogram\dispatcher\dispatcher.py", line 276, in _listen_update
    return await self.propagate_event(update_type=update_type, event=event, **kwargs)
           ^^^^^^^^^^^^^^^^^^^^^^^^^^^^^^^^^^^^^^^^^^^^^^^^^^^^^^^^^^^^^^^^^^^^^^^^^^
  File "C:\Users\Tim\AppData\Local\Programs\Python\Python313\Lib\site-packages\aiogram\dispatcher\router.py", line 146, in propagate_event
    return await observer.wrap_outer_middleware(_wrapped, event=event, data=kwargs)
           ^^^^^^^^^^^^^^^^^^^^^^^^^^^^^^^^^^^^^^^^^^^^^^^^^^^^^^^^^^^^^^^^^^^^^^^^
  File "C:\Users\Tim\AppData\Local\Programs\Python\Python313\Lib\site-packages\aiogram\dispatcher\router.py", line 141, in _wrapped
    return await self._propagate_event(
           ^^^^^^^^^^^^^^^^^^^^^^^^^^^^
        observer=observer, update_type=update_type, event=telegram_event, **data
        ^^^^^^^^^^^^^^^^^^^^^^^^^^^^^^^^^^^^^^^^^^^^^^^^^^^^^^^^^^^^^^^^^^^^^^^^
    )
    ^
  File "C:\Users\Tim\AppData\Local\Programs\Python\Python313\Lib\site-packages\aiogram\dispatcher\router.py", line 174, in _propagate_event
    response = await router.propagate_event(update_type=update_type, event=event, **kwargs)
               ^^^^^^^^^^^^^^^^^^^^^^^^^^^^^^^^^^^^^^^^^^^^^^^^^^^^^^^^^^^^^^^^^^^^^^^^^^^^
  File "C:\Users\Tim\AppData\Local\Programs\Python\Python313\Lib\site-packages\aiogram\dispatcher\router.py", line 146, in propagate_event
    return await observer.wrap_outer_middleware(_wrapped, event=event, data=kwargs)
           ^^^^^^^^^^^^^^^^^^^^^^^^^^^^^^^^^^^^^^^^^^^^^^^^^^^^^^^^^^^^^^^^^^^^^^^^
  File "C:\Users\Tim\AppData\Local\Programs\Python\Python313\Lib\site-packages\aiogram\dispatcher\router.py", line 141, in _wrapped
    return await self._propagate_event(
           ^^^^^^^^^^^^^^^^^^^^^^^^^^^^
        observer=observer, update_type=update_type, event=telegram_event, **data
        ^^^^^^^^^^^^^^^^^^^^^^^^^^^^^^^^^^^^^^^^^^^^^^^^^^^^^^^^^^^^^^^^^^^^^^^^
    )
    ^
  File "C:\Users\Tim\AppData\Local\Programs\Python\Python313\Lib\site-packages\aiogram\dispatcher\router.py", line 166, in _propagate_event
    response = await observer.trigger(event, **kwargs)
               ^^^^^^^^^^^^^^^^^^^^^^^^^^^^^^^^^^^^^^^
  File "C:\Users\Tim\AppData\Local\Programs\Python\Python313\Lib\site-packages\aiogram\dispatcher\event\telegram.py", line 121, in trigger
    return await wrapped_inner(event, kwargs)
           ^^^^^^^^^^^^^^^^^^^^^^^^^^^^^^^^^^
  File "C:\Users\Tim\AppData\Local\Programs\Python\Python313\Lib\site-packages\aiogram\dispatcher\event\handler.py", line 43, in call
    return await wrapped()
           ^^^^^^^^^^^^^^^
  File "C:\Users\Tim\Desktop\code-magnetism\handlers.py", line 580, in registration_receive_name
    await execute("UPDATE users SET name=$2, updated_at=NOW() WHERE tg_user_id=$1", message.from_user.id, name)
  File "C:\Users\Tim\Desktop\code-magnetism\db.py", line 242, in execute
    return await conn.execute(query, *args)
           ^^^^^^^^^^^^^^^^^^^^^^^^^^^^^^^^
  File "C:\Users\Tim\AppData\Local\Programs\Python\Python313\Lib\site-packages\asyncpg\connection.py", line 352, in execute
    _, status, _ = await self._execute(
                   ^^^^^^^^^^^^^^^^^^^^
    ...<5 lines>...
    )
    ^
  File "C:\Users\Tim\AppData\Local\Programs\Python\Python313\Lib\site-packages\asyncpg\connection.py", line 1864, in _execute
    result, _ = await self.__execute(
                ^^^^^^^^^^^^^^^^^^^^^
    ...<7 lines>...
    )
    ^
  File "C:\Users\Tim\AppData\Local\Programs\Python\Python313\Lib\site-packages\asyncpg\connection.py", line 1961, in __execute
    result, stmt = await self._do_execute(
                   ^^^^^^^^^^^^^^^^^^^^^^^
    ...<5 lines>...
    )
    ^
  File "C:\Users\Tim\AppData\Local\Programs\Python\Python313\Lib\site-packages\asyncpg\connection.py", line 2012, in _do_execute
    stmt = await self._get_statement(
           ^^^^^^^^^^^^^^^^^^^^^^^^^^
    ...<4 lines>...
    )
    ^
  File "C:\Users\Tim\AppData\Local\Programs\Python\Python313\Lib\site-packages\asyncpg\connection.py", line 432, in _get_statement
    statement = await self._protocol.prepare(
                ^^^^^^^^^^^^^^^^^^^^^^^^^^^^^
    ...<5 lines>...
    )
    ^
  File "asyncpg\\protocol\\protocol.pyx", line 165, in prepare
asyncpg.exceptions.UndefinedColumnError: столбец "name" в таблице "users" не существует
2025-09-09 22:40:27,021 | INFO | code-magnetism | Notification sent to admin 1648917869
2025-09-09 22:40:27,022 | INFO | uvicorn.access | 91.108.5.52:0 - "POST /telegram/webhook?secret=change_me HTTP/1.1" 200
2025-09-09 22:40:49,259 | INFO | code-magnetism | Incoming update 49515183
2025-09-09 22:40:49,262 | INFO | code-magnetism | Callback from 815370781 (@goldfinger_uk): menu:back
2025-09-09 22:40:50,368 | INFO | aiogram.event | Update id=49515183 is handled. Duration 1091 ms by bot id=8095548345
2025-09-09 22:40:50,371 | INFO | code-magnetism | Update 49515183 processed successfully
2025-09-09 22:40:50,376 | INFO | uvicorn.access | 91.108.5.52:0 - "POST /telegram/webhook?secret=change_me HTTP/1.1" 200
2025-09-09 22:40:50,697 | INFO | code-magnetism | Incoming update 49515184
2025-09-09 22:40:50,699 | INFO | code-magnetism | Message from 815370781 (@goldfinger_uk): /start
2025-09-09 22:40:50,952 | INFO | aiogram.event | Update id=49515184 is handled. Duration 246 ms by bot id=8095548345
2025-09-09 22:40:50,953 | INFO | code-magnetism | Update 49515184 processed successfully
2025-09-09 22:40:50,958 | INFO | uvicorn.access | 91.108.5.52:0 - "POST /telegram/webhook?secret=change_me HTTP/1.1" 200
2025-09-09 22:40:53,014 | INFO | code-magnetism | Incoming update 49515185
2025-09-09 22:40:53,015 | INFO | code-magnetism | Callback from 815370781 (@goldfinger_uk): menu:back
2025-09-09 22:40:53,497 | INFO | aiogram.event | Update id=49515185 is handled. Duration 474 ms by bot id=8095548345
2025-09-09 22:40:53,498 | INFO | code-magnetism | Update 49515185 processed successfully
2025-09-09 22:40:53,503 | INFO | uvicorn.access | 91.108.5.52:0 - "POST /telegram/webhook?secret=change_me HTTP/1.1" 200
2025-09-09 22:40:54,539 | INFO | code-magnetism | Incoming update 49515186
2025-09-09 22:40:54,540 | INFO | code-magnetism | Callback from 815370781 (@goldfinger_uk): menu:funnel
2025-09-09 22:40:55,148 | INFO | aiogram.event | Update id=49515186 is handled. Duration 602 ms by bot id=8095548345
2025-09-09 22:40:55,149 | INFO | code-magnetism | Update 49515186 processed successfully
2025-09-09 22:40:55,155 | INFO | uvicorn.access | 91.108.5.52:0 - "POST /telegram/webhook?secret=change_me HTTP/1.1" 200
2025-09-09 22:41:02,625 | INFO | code-magnetism | Incoming update 49515187
2025-09-09 22:41:02,626 | INFO | code-magnetism | Callback from 815370781 (@goldfinger_uk): menu:progress
2025-09-09 22:41:03,094 | INFO | aiogram.event | Update id=49515187 is handled. Duration 461 ms by bot id=8095548345
2025-09-09 22:41:03,095 | INFO | code-magnetism | Update 49515187 processed successfully
2025-09-09 22:41:03,102 | INFO | uvicorn.access | 91.108.5.52:0 - "POST /telegram/webhook?secret=change_me HTTP/1.1" 200
2025-09-09 22:41:04,005 | INFO | code-magnetism | Incoming update 49515188
2025-09-09 22:41:04,006 | INFO | code-magnetism | Callback from 815370781 (@goldfinger_uk): menu:faq
2025-09-09 22:41:04,482 | INFO | aiogram.event | Update id=49515188 is handled. Duration 469 ms by bot id=8095548345
2025-09-09 22:41:04,483 | INFO | code-magnetism | Update 49515188 processed successfully
2025-09-09 22:41:04,487 | INFO | uvicorn.access | 91.108.5.52:0 - "POST /telegram/webhook?secret=change_me HTTP/1.1" 200
2025-09-09 22:41:05,906 | INFO | code-magnetism | Incoming update 49515189
2025-09-09 22:41:05,908 | INFO | code-magnetism | Callback from 815370781 (@goldfinger_uk): menu:profile
2025-09-09 22:41:06,403 | INFO | aiogram.event | Update id=49515189 is handled. Duration 488 ms by bot id=8095548345
2025-09-09 22:41:06,407 | INFO | code-magnetism | Update 49515189 processed successfully
2025-09-09 22:41:06,408 | INFO | uvicorn.access | 91.108.5.52:0 - "POST /telegram/webhook?secret=change_me HTTP/1.1" 200
2025-09-09 22:41:08,329 | INFO | code-magnetism | Incoming update 49515190
2025-09-09 22:41:08,331 | INFO | code-magnetism | Callback from 815370781 (@goldfinger_uk): profile:email
2025-09-09 22:41:08,816 | INFO | aiogram.event | Update id=49515190 is handled. Duration 477 ms by bot id=8095548345
2025-09-09 22:41:08,816 | INFO | code-magnetism | Update 49515190 processed successfully
2025-09-09 22:41:08,821 | INFO | uvicorn.access | 91.108.5.52:0 - "POST /telegram/webhook?secret=change_me HTTP/1.1" 200
2025-09-09 22:41:12,762 | INFO | code-magnetism | Incoming update 49515191
2025-09-09 22:41:12,762 | INFO | code-magnetism | Message from 815370781 (@goldfinger_uk): Teceu
2025-09-09 22:41:12,772 | INFO | aiogram.event | Update id=49515191 is handled. Duration 4 ms by bot id=8095548345
2025-09-09 22:41:12,773 | INFO | code-magnetism | Update 49515191 processed successfully
2025-09-09 22:41:12,776 | INFO | uvicorn.access | 91.108.5.52:0 - "POST /telegram/webhook?secret=change_me HTTP/1.1" 200
2025-09-09 22:44:22,930 | INFO | code-magnetism | Incoming update 49515192
2025-09-09 22:44:22,933 | INFO | code-magnetism | Callback from 815370781 (@goldfinger_uk): menu:main
2025-09-09 22:44:24,127 | INFO | aiogram.event | Update id=49515192 is handled. Duration 1187 ms by bot id=8095548345
2025-09-09 22:44:24,128 | INFO | code-magnetism | Update 49515192 processed successfully
2025-09-09 22:44:24,133 | INFO | uvicorn.access | 91.108.5.52:0 - "POST /telegram/webhook?secret=change_me HTTP/1.1" 200
2025-09-09 22:44:28,905 | INFO | code-magnetism | Incoming update 49515193
2025-09-09 22:44:28,907 | INFO | code-magnetism | Callback from 815370781 (@goldfinger_uk): menu:funnel
2025-09-09 22:44:29,489 | INFO | aiogram.event | Update id=49515193 is handled. Duration 575 ms by bot id=8095548345
2025-09-09 22:44:29,490 | INFO | code-magnetism | Update 49515193 processed successfully
2025-09-09 22:44:29,494 | INFO | uvicorn.access | 91.108.5.52:0 - "POST /telegram/webhook?secret=change_me HTTP/1.1" 200
2025-09-09 23:04:40,377 | INFO | uvicorn.error | Shutting down
2025-09-09 23:04:40,485 | INFO | uvicorn.error | Waiting for application shutdown.
2025-09-09 23:04:40,488 | INFO | code-magnetism | Shutdown: останавливаем планировщик/закрываем БД...
2025-09-09 23:04:40,493 | INFO | scheduler | APScheduler shut down
2025-09-09 23:04:40,494 | INFO | code-magnetism | Scheduler stopped successfully
2025-09-09 23:04:40,501 | INFO | apscheduler.scheduler | Scheduler has been shut down
2025-09-09 23:04:40,505 | INFO | db | PostgreSQL pool closed
2025-09-09 23:04:40,506 | INFO | code-magnetism | Database closed successfully
2025-09-09 23:04:40,527 | INFO | code-magnetism | Shutdown завершён.
2025-09-09 23:04:40,534 | INFO | uvicorn.error | Application shutdown complete.
2025-09-09 23:04:40,537 | INFO | uvicorn.error | Finished server process [7456]
2025-09-09 23:11:36,711 | INFO | code-magnetism | Routers attached: ['main-router']
2025-09-09 23:11:38,512 | INFO | uvicorn.error | Started server process [10512]
2025-09-09 23:11:38,513 | INFO | uvicorn.error | Waiting for application startup.
2025-09-09 23:11:38,518 | INFO | code-magnetism | Startup: инициализация БД/планировщика/вебхука...
2025-09-09 23:11:38,520 | INFO | db | Connecting PostgreSQL: postgresql://magnet:***@localhost:5432/magnetism
2025-09-09 23:11:39,135 | INFO | db | PostgreSQL pool created
2025-09-09 23:11:39,137 | INFO | db | Applying schema from: C:\Users\Tim\Desktop\code-magnetism\schema.sql
2025-09-09 23:11:39,252 | INFO | db | Schema applied successfully.
2025-09-09 23:11:39,253 | INFO | db | Schema applied from C:\Users\Tim\Desktop\code-magnetism\schema.sql
2025-09-09 23:11:39,257 | INFO | code-magnetism | Database initialized successfully
2025-09-09 23:11:39,276 | INFO | apscheduler.scheduler | Adding job tentatively -- it will be properly scheduled when the scheduler starts
2025-09-09 23:11:39,278 | INFO | apscheduler.scheduler | Adding job tentatively -- it will be properly scheduled when the scheduler starts
2025-09-09 23:11:39,280 | INFO | apscheduler.scheduler | Adding job tentatively -- it will be properly scheduled when the scheduler starts
2025-09-09 23:11:39,298 | INFO | apscheduler.scheduler | Added job "job_daily_lessons" to job store "default"
2025-09-09 23:11:39,299 | INFO | apscheduler.scheduler | Added job "job_soft_reminders" to job store "default"
2025-09-09 23:11:39,302 | INFO | apscheduler.scheduler | Added job "job_access_expiry_reminders" to job store "default"
2025-09-09 23:11:39,306 | INFO | apscheduler.scheduler | Scheduler started
2025-09-09 23:11:39,308 | INFO | scheduler | APScheduler started with timezone=Europe/Moscow; lessons at 10:00
2025-09-09 23:11:39,309 | INFO | code-magnetism | Scheduler initialized successfully
2025-09-09 23:11:39,311 | INFO | code-magnetism | Setting Telegram webhook to: https://f8ddf30705a7.ngrok-free.app/telegram/webhook?secret=change_me
2025-09-09 23:11:39,990 | INFO | code-magnetism | Old webhook deleted
2025-09-09 23:11:40,208 | INFO | code-magnetism | Telegram webhook установлен: https://f8ddf30705a7.ngrok-free.app/telegram/webhook?secret=change_me
2025-09-09 23:11:40,209 | INFO | code-magnetism | Startup завершён.
2025-09-09 23:11:40,214 | INFO | uvicorn.error | Application startup complete.
2025-09-09 23:11:40,217 | INFO | uvicorn.error | Uvicorn running on http://0.0.0.0:8000 (Press CTRL+C to quit)
2025-09-09 23:14:37,268 | INFO | uvicorn.error | Shutting down
2025-09-09 23:14:37,374 | INFO | uvicorn.error | Waiting for application shutdown.
2025-09-09 23:14:37,376 | INFO | code-magnetism | Shutdown: останавливаем планировщик/закрываем БД...
2025-09-09 23:14:37,383 | INFO | scheduler | APScheduler shut down
2025-09-09 23:14:37,386 | INFO | code-magnetism | Scheduler stopped successfully
2025-09-09 23:14:37,391 | INFO | apscheduler.scheduler | Scheduler has been shut down
2025-09-09 23:14:37,439 | INFO | db | PostgreSQL pool closed
2025-09-09 23:14:37,439 | INFO | code-magnetism | Database closed successfully
2025-09-09 23:14:37,445 | INFO | code-magnetism | Shutdown завершён.
2025-09-09 23:14:37,446 | INFO | uvicorn.error | Application shutdown complete.
2025-09-09 23:14:37,448 | INFO | uvicorn.error | Finished server process [10512]
2025-09-09 23:14:57,243 | INFO | code-magnetism | Routers attached: ['main-router']
2025-09-09 23:14:57,594 | INFO | uvicorn.error | Started server process [10836]
2025-09-09 23:14:57,595 | INFO | uvicorn.error | Waiting for application startup.
2025-09-09 23:14:57,600 | INFO | code-magnetism | Startup: инициализация БД/планировщика/вебхука...
2025-09-09 23:14:57,601 | INFO | db | Connecting PostgreSQL: postgresql://magnet:***@localhost:5432/magnetism
2025-09-09 23:14:58,155 | INFO | db | PostgreSQL pool created
2025-09-09 23:14:58,156 | INFO | db | Applying schema from: C:\Users\Tim\Desktop\code-magnetism\schema.sql
2025-09-09 23:14:58,202 | INFO | db | Schema applied successfully.
2025-09-09 23:14:58,203 | INFO | db | Schema applied from C:\Users\Tim\Desktop\code-magnetism\schema.sql
2025-09-09 23:14:58,207 | INFO | code-magnetism | Database initialized successfully
2025-09-09 23:14:58,224 | INFO | apscheduler.scheduler | Adding job tentatively -- it will be properly scheduled when the scheduler starts
2025-09-09 23:14:58,226 | INFO | apscheduler.scheduler | Adding job tentatively -- it will be properly scheduled when the scheduler starts
2025-09-09 23:14:58,262 | INFO | apscheduler.scheduler | Adding job tentatively -- it will be properly scheduled when the scheduler starts
2025-09-09 23:14:58,268 | INFO | apscheduler.scheduler | Added job "job_daily_lessons" to job store "default"
2025-09-09 23:14:58,269 | INFO | apscheduler.scheduler | Added job "job_soft_reminders" to job store "default"
2025-09-09 23:14:58,271 | INFO | apscheduler.scheduler | Added job "job_access_expiry_reminders" to job store "default"
2025-09-09 23:14:58,272 | INFO | apscheduler.scheduler | Scheduler started
2025-09-09 23:14:58,274 | INFO | scheduler | APScheduler started with timezone=Europe/Moscow; lessons at 10:00
2025-09-09 23:14:58,279 | INFO | code-magnetism | Scheduler initialized successfully
2025-09-09 23:14:58,281 | INFO | code-magnetism | Setting Telegram webhook to: https://f8ddf30705a7.ngrok-free.app/telegram/webhook?secret=change_me
2025-09-09 23:14:58,933 | INFO | code-magnetism | Old webhook deleted
2025-09-09 23:14:59,149 | INFO | code-magnetism | Telegram webhook установлен: https://f8ddf30705a7.ngrok-free.app/telegram/webhook?secret=change_me
2025-09-09 23:14:59,150 | INFO | code-magnetism | Startup завершён.
2025-09-09 23:14:59,159 | INFO | uvicorn.error | Application startup complete.
2025-09-09 23:14:59,163 | INFO | uvicorn.error | Uvicorn running on http://0.0.0.0:8000 (Press CTRL+C to quit)
2025-09-09 23:15:11,160 | INFO | code-magnetism | Incoming update 49515194
2025-09-09 23:15:11,160 | INFO | code-magnetism | Message from 815370781 (@goldfinger_uk): /start
2025-09-09 23:15:11,516 | INFO | aiogram.event | Update id=49515194 is handled. Duration 350 ms by bot id=8095548345
2025-09-09 23:15:11,518 | INFO | code-magnetism | Update 49515194 processed successfully
2025-09-09 23:15:11,526 | INFO | uvicorn.access | 91.108.5.52:0 - "POST /telegram/webhook?secret=change_me HTTP/1.1" 200
2025-09-09 23:15:16,412 | INFO | code-magnetism | Incoming update 49515195
2025-09-09 23:15:16,414 | INFO | code-magnetism | Callback from 815370781 (@goldfinger_uk): menu:back
2025-09-09 23:15:16,923 | INFO | aiogram.event | Update id=49515195 is handled. Duration 498 ms by bot id=8095548345
2025-09-09 23:15:16,925 | INFO | code-magnetism | Update 49515195 processed successfully
2025-09-09 23:15:16,932 | INFO | uvicorn.access | 91.108.5.52:0 - "POST /telegram/webhook?secret=change_me HTTP/1.1" 200
2025-09-09 23:15:19,131 | INFO | code-magnetism | Incoming update 49515196
2025-09-09 23:15:19,142 | INFO | code-magnetism | Callback from 815370781 (@goldfinger_uk): menu:admin
2025-09-09 23:15:19,720 | INFO | aiogram.event | Update id=49515196 is handled. Duration 571 ms by bot id=8095548345
2025-09-09 23:15:19,722 | INFO | code-magnetism | Update 49515196 processed successfully
2025-09-09 23:15:19,729 | INFO | uvicorn.access | 91.108.5.52:0 - "POST /telegram/webhook?secret=change_me HTTP/1.1" 200
2025-09-09 23:15:23,164 | INFO | code-magnetism | Incoming update 49515197
2025-09-09 23:15:23,165 | INFO | code-magnetism | Callback from 815370781 (@goldfinger_uk): admin:debug
2025-09-09 23:15:23,690 | INFO | aiogram.event | Update id=49515197 is handled. Duration 519 ms by bot id=8095548345
2025-09-09 23:15:23,691 | INFO | code-magnetism | Update 49515197 processed successfully
2025-09-09 23:15:23,696 | INFO | uvicorn.access | 91.108.5.52:0 - "POST /telegram/webhook?secret=change_me HTTP/1.1" 200
2025-09-09 23:15:28,056 | INFO | code-magnetism | Incoming update 49515198
2025-09-09 23:15:28,057 | INFO | code-magnetism | Callback from 815370781 (@goldfinger_uk): admin:debug
2025-09-09 23:15:28,535 | INFO | aiogram.event | Update id=49515198 is handled. Duration 468 ms by bot id=8095548345
2025-09-09 23:15:28,536 | INFO | code-magnetism | Update 49515198 processed successfully
2025-09-09 23:15:28,543 | INFO | uvicorn.access | 91.108.5.52:0 - "POST /telegram/webhook?secret=change_me HTTP/1.1" 200
2025-09-09 23:15:32,173 | INFO | code-magnetism | Incoming update 49515199
2025-09-09 23:15:32,187 | INFO | code-magnetism | Callback from 815370781 (@goldfinger_uk): admin:broadcast
2025-09-09 23:15:32,432 | INFO | aiogram.event | Update id=49515199 is not handled. Duration 228 ms by bot id=8095548345
2025-09-09 23:15:32,433 | ERROR | code-magnetism | Ошибка обработки Telegram update 49515199: Telegram server says - Bad Request: can't parse entities: Unsupported start tag "segment" at byte offset 76
Traceback (most recent call last):
  File "C:\Users\Tim\Desktop\code-magnetism\app.py", line 495, in telegram_webhook
    await dp.feed_update(bot, update)
  File "C:\Users\Tim\AppData\Local\Programs\Python\Python313\Lib\site-packages\aiogram\dispatcher\dispatcher.py", line 158, in feed_update
    response = await self.update.wrap_outer_middleware(
               ^^^^^^^^^^^^^^^^^^^^^^^^^^^^^^^^^^^^^^^^
    ...<7 lines>...
    )
    ^
  File "C:\Users\Tim\AppData\Local\Programs\Python\Python313\Lib\site-packages\aiogram\dispatcher\middlewares\error.py", line 25, in __call__
    return await handler(event, data)
           ^^^^^^^^^^^^^^^^^^^^^^^^^^
  File "C:\Users\Tim\AppData\Local\Programs\Python\Python313\Lib\site-packages\aiogram\dispatcher\middlewares\user_context.py", line 56, in __call__
    return await handler(event, data)
           ^^^^^^^^^^^^^^^^^^^^^^^^^^
  File "C:\Users\Tim\AppData\Local\Programs\Python\Python313\Lib\site-packages\aiogram\fsm\middleware.py", line 42, in __call__
    return await handler(event, data)
           ^^^^^^^^^^^^^^^^^^^^^^^^^^
  File "C:\Users\Tim\AppData\Local\Programs\Python\Python313\Lib\site-packages\aiogram\dispatcher\event\telegram.py", line 121, in trigger
    return await wrapped_inner(event, kwargs)
           ^^^^^^^^^^^^^^^^^^^^^^^^^^^^^^^^^^
  File "C:\Users\Tim\AppData\Local\Programs\Python\Python313\Lib\site-packages\aiogram\dispatcher\event\handler.py", line 43, in call
    return await wrapped()
           ^^^^^^^^^^^^^^^
  File "C:\Users\Tim\AppData\Local\Programs\Python\Python313\Lib\site-packages\aiogram\dispatcher\dispatcher.py", line 276, in _listen_update
    return await self.propagate_event(update_type=update_type, event=event, **kwargs)
           ^^^^^^^^^^^^^^^^^^^^^^^^^^^^^^^^^^^^^^^^^^^^^^^^^^^^^^^^^^^^^^^^^^^^^^^^^^
  File "C:\Users\Tim\AppData\Local\Programs\Python\Python313\Lib\site-packages\aiogram\dispatcher\router.py", line 146, in propagate_event
    return await observer.wrap_outer_middleware(_wrapped, event=event, data=kwargs)
           ^^^^^^^^^^^^^^^^^^^^^^^^^^^^^^^^^^^^^^^^^^^^^^^^^^^^^^^^^^^^^^^^^^^^^^^^
  File "C:\Users\Tim\AppData\Local\Programs\Python\Python313\Lib\site-packages\aiogram\dispatcher\router.py", line 141, in _wrapped
    return await self._propagate_event(
           ^^^^^^^^^^^^^^^^^^^^^^^^^^^^
        observer=observer, update_type=update_type, event=telegram_event, **data
        ^^^^^^^^^^^^^^^^^^^^^^^^^^^^^^^^^^^^^^^^^^^^^^^^^^^^^^^^^^^^^^^^^^^^^^^^
    )
    ^
  File "C:\Users\Tim\AppData\Local\Programs\Python\Python313\Lib\site-packages\aiogram\dispatcher\router.py", line 174, in _propagate_event
    response = await router.propagate_event(update_type=update_type, event=event, **kwargs)
               ^^^^^^^^^^^^^^^^^^^^^^^^^^^^^^^^^^^^^^^^^^^^^^^^^^^^^^^^^^^^^^^^^^^^^^^^^^^^
  File "C:\Users\Tim\AppData\Local\Programs\Python\Python313\Lib\site-packages\aiogram\dispatcher\router.py", line 146, in propagate_event
    return await observer.wrap_outer_middleware(_wrapped, event=event, data=kwargs)
           ^^^^^^^^^^^^^^^^^^^^^^^^^^^^^^^^^^^^^^^^^^^^^^^^^^^^^^^^^^^^^^^^^^^^^^^^
  File "C:\Users\Tim\AppData\Local\Programs\Python\Python313\Lib\site-packages\aiogram\dispatcher\router.py", line 141, in _wrapped
    return await self._propagate_event(
           ^^^^^^^^^^^^^^^^^^^^^^^^^^^^
        observer=observer, update_type=update_type, event=telegram_event, **data
        ^^^^^^^^^^^^^^^^^^^^^^^^^^^^^^^^^^^^^^^^^^^^^^^^^^^^^^^^^^^^^^^^^^^^^^^^
    )
    ^
  File "C:\Users\Tim\AppData\Local\Programs\Python\Python313\Lib\site-packages\aiogram\dispatcher\router.py", line 166, in _propagate_event
    response = await observer.trigger(event, **kwargs)
               ^^^^^^^^^^^^^^^^^^^^^^^^^^^^^^^^^^^^^^^
  File "C:\Users\Tim\AppData\Local\Programs\Python\Python313\Lib\site-packages\aiogram\dispatcher\event\telegram.py", line 121, in trigger
    return await wrapped_inner(event, kwargs)
           ^^^^^^^^^^^^^^^^^^^^^^^^^^^^^^^^^^
  File "C:\Users\Tim\AppData\Local\Programs\Python\Python313\Lib\site-packages\aiogram\dispatcher\event\handler.py", line 43, in call
    return await wrapped()
           ^^^^^^^^^^^^^^^
  File "C:\Users\Tim\Desktop\code-magnetism\handlers.py", line 1609, in cb_admin_actions
    await cb.message.answer(text, reply_markup=create_admin_keyboard())
  File "C:\Users\Tim\AppData\Local\Programs\Python\Python313\Lib\site-packages\aiogram\methods\base.py", line 84, in emit
    return await bot(self)
           ^^^^^^^^^^^^^^^
  File "C:\Users\Tim\AppData\Local\Programs\Python\Python313\Lib\site-packages\aiogram\client\bot.py", line 485, in __call__
    return await self.session(self, method, timeout=request_timeout)
           ^^^^^^^^^^^^^^^^^^^^^^^^^^^^^^^^^^^^^^^^^^^^^^^^^^^^^^^^^
  File "C:\Users\Tim\AppData\Local\Programs\Python\Python313\Lib\site-packages\aiogram\client\session\base.py", line 254, in __call__
    return cast(TelegramType, await middleware(bot, method))
                              ^^^^^^^^^^^^^^^^^^^^^^^^^^^^^
  File "C:\Users\Tim\AppData\Local\Programs\Python\Python313\Lib\site-packages\aiogram\client\session\aiohttp.py", line 185, in make_request
    response = self.check_response(
        bot=bot, method=method, status_code=resp.status, content=raw_result
    )
  File "C:\Users\Tim\AppData\Local\Programs\Python\Python313\Lib\site-packages\aiogram\client\session\base.py", line 120, in check_response
    raise TelegramBadRequest(method=method, message=description)
aiogram.exceptions.TelegramBadRequest: Telegram server says - Bad Request: can't parse entities: Unsupported start tag "segment" at byte offset 76
2025-09-09 23:15:32,893 | INFO | code-magnetism | Notification sent to admin 815370781
2025-09-09 23:15:33,142 | INFO | code-magnetism | Notification sent to admin 1648917869
2025-09-09 23:15:33,144 | INFO | uvicorn.access | 91.108.5.52:0 - "POST /telegram/webhook?secret=change_me HTTP/1.1" 200
2025-09-09 23:15:38,956 | INFO | code-magnetism | Incoming update 49515200
2025-09-09 23:15:38,957 | INFO | code-magnetism | Callback from 815370781 (@goldfinger_uk): admin:stats
2025-09-09 23:15:39,284 | INFO | aiogram.event | Update id=49515200 is not handled. Duration 318 ms by bot id=8095548345
2025-09-09 23:15:39,286 | ERROR | code-magnetism | Ошибка обработки Telegram update 49515200: отношение "lesson_feedback" не существует
Traceback (most recent call last):
  File "C:\Users\Tim\Desktop\code-magnetism\app.py", line 495, in telegram_webhook
    await dp.feed_update(bot, update)
  File "C:\Users\Tim\AppData\Local\Programs\Python\Python313\Lib\site-packages\aiogram\dispatcher\dispatcher.py", line 158, in feed_update
    response = await self.update.wrap_outer_middleware(
               ^^^^^^^^^^^^^^^^^^^^^^^^^^^^^^^^^^^^^^^^
    ...<7 lines>...
    )
    ^
  File "C:\Users\Tim\AppData\Local\Programs\Python\Python313\Lib\site-packages\aiogram\dispatcher\middlewares\error.py", line 25, in __call__
    return await handler(event, data)
           ^^^^^^^^^^^^^^^^^^^^^^^^^^
  File "C:\Users\Tim\AppData\Local\Programs\Python\Python313\Lib\site-packages\aiogram\dispatcher\middlewares\user_context.py", line 56, in __call__
    return await handler(event, data)
           ^^^^^^^^^^^^^^^^^^^^^^^^^^
  File "C:\Users\Tim\AppData\Local\Programs\Python\Python313\Lib\site-packages\aiogram\fsm\middleware.py", line 42, in __call__
    return await handler(event, data)
           ^^^^^^^^^^^^^^^^^^^^^^^^^^
  File "C:\Users\Tim\AppData\Local\Programs\Python\Python313\Lib\site-packages\aiogram\dispatcher\event\telegram.py", line 121, in trigger
    return await wrapped_inner(event, kwargs)
           ^^^^^^^^^^^^^^^^^^^^^^^^^^^^^^^^^^
  File "C:\Users\Tim\AppData\Local\Programs\Python\Python313\Lib\site-packages\aiogram\dispatcher\event\handler.py", line 43, in call
    return await wrapped()
           ^^^^^^^^^^^^^^^
  File "C:\Users\Tim\AppData\Local\Programs\Python\Python313\Lib\site-packages\aiogram\dispatcher\dispatcher.py", line 276, in _listen_update
    return await self.propagate_event(update_type=update_type, event=event, **kwargs)
           ^^^^^^^^^^^^^^^^^^^^^^^^^^^^^^^^^^^^^^^^^^^^^^^^^^^^^^^^^^^^^^^^^^^^^^^^^^
  File "C:\Users\Tim\AppData\Local\Programs\Python\Python313\Lib\site-packages\aiogram\dispatcher\router.py", line 146, in propagate_event
    return await observer.wrap_outer_middleware(_wrapped, event=event, data=kwargs)
           ^^^^^^^^^^^^^^^^^^^^^^^^^^^^^^^^^^^^^^^^^^^^^^^^^^^^^^^^^^^^^^^^^^^^^^^^
  File "C:\Users\Tim\AppData\Local\Programs\Python\Python313\Lib\site-packages\aiogram\dispatcher\router.py", line 141, in _wrapped
    return await self._propagate_event(
           ^^^^^^^^^^^^^^^^^^^^^^^^^^^^
        observer=observer, update_type=update_type, event=telegram_event, **data
        ^^^^^^^^^^^^^^^^^^^^^^^^^^^^^^^^^^^^^^^^^^^^^^^^^^^^^^^^^^^^^^^^^^^^^^^^
    )
    ^
  File "C:\Users\Tim\AppData\Local\Programs\Python\Python313\Lib\site-packages\aiogram\dispatcher\router.py", line 174, in _propagate_event
    response = await router.propagate_event(update_type=update_type, event=event, **kwargs)
               ^^^^^^^^^^^^^^^^^^^^^^^^^^^^^^^^^^^^^^^^^^^^^^^^^^^^^^^^^^^^^^^^^^^^^^^^^^^^
  File "C:\Users\Tim\AppData\Local\Programs\Python\Python313\Lib\site-packages\aiogram\dispatcher\router.py", line 146, in propagate_event
    return await observer.wrap_outer_middleware(_wrapped, event=event, data=kwargs)
           ^^^^^^^^^^^^^^^^^^^^^^^^^^^^^^^^^^^^^^^^^^^^^^^^^^^^^^^^^^^^^^^^^^^^^^^^
  File "C:\Users\Tim\AppData\Local\Programs\Python\Python313\Lib\site-packages\aiogram\dispatcher\router.py", line 141, in _wrapped
    return await self._propagate_event(
           ^^^^^^^^^^^^^^^^^^^^^^^^^^^^
        observer=observer, update_type=update_type, event=telegram_event, **data
        ^^^^^^^^^^^^^^^^^^^^^^^^^^^^^^^^^^^^^^^^^^^^^^^^^^^^^^^^^^^^^^^^^^^^^^^^
    )
    ^
  File "C:\Users\Tim\AppData\Local\Programs\Python\Python313\Lib\site-packages\aiogram\dispatcher\router.py", line 166, in _propagate_event
    response = await observer.trigger(event, **kwargs)
               ^^^^^^^^^^^^^^^^^^^^^^^^^^^^^^^^^^^^^^^
  File "C:\Users\Tim\AppData\Local\Programs\Python\Python313\Lib\site-packages\aiogram\dispatcher\event\telegram.py", line 121, in trigger
    return await wrapped_inner(event, kwargs)
           ^^^^^^^^^^^^^^^^^^^^^^^^^^^^^^^^^^
  File "C:\Users\Tim\AppData\Local\Programs\Python\Python313\Lib\site-packages\aiogram\dispatcher\event\handler.py", line 43, in call
    return await wrapped()
           ^^^^^^^^^^^^^^^
  File "C:\Users\Tim\Desktop\code-magnetism\handlers.py", line 1627, in cb_admin_actions
    feedback_count = (await fetchrow("SELECT COUNT(*) as count FROM lesson_feedback"))["count"]
                      ^^^^^^^^^^^^^^^^^^^^^^^^^^^^^^^^^^^^^^^^^^^^^^^^^^^^^^^^^^^^^^^
  File "C:\Users\Tim\Desktop\code-magnetism\db.py", line 232, in fetchrow
    return await conn.fetchrow(query, *args)
           ^^^^^^^^^^^^^^^^^^^^^^^^^^^^^^^^^
  File "C:\Users\Tim\AppData\Local\Programs\Python\Python313\Lib\site-packages\asyncpg\connection.py", line 748, in fetchrow
    data = await self._execute(
           ^^^^^^^^^^^^^^^^^^^^
    ...<5 lines>...
    )
    ^
  File "C:\Users\Tim\AppData\Local\Programs\Python\Python313\Lib\site-packages\asyncpg\connection.py", line 1864, in _execute
    result, _ = await self.__execute(
                ^^^^^^^^^^^^^^^^^^^^^
    ...<7 lines>...
    )
    ^
  File "C:\Users\Tim\AppData\Local\Programs\Python\Python313\Lib\site-packages\asyncpg\connection.py", line 1961, in __execute
    result, stmt = await self._do_execute(
                   ^^^^^^^^^^^^^^^^^^^^^^^
    ...<5 lines>...
    )
    ^
  File "C:\Users\Tim\AppData\Local\Programs\Python\Python313\Lib\site-packages\asyncpg\connection.py", line 2012, in _do_execute
    stmt = await self._get_statement(
           ^^^^^^^^^^^^^^^^^^^^^^^^^^
    ...<4 lines>...
    )
    ^
  File "C:\Users\Tim\AppData\Local\Programs\Python\Python313\Lib\site-packages\asyncpg\connection.py", line 432, in _get_statement
    statement = await self._protocol.prepare(
                ^^^^^^^^^^^^^^^^^^^^^^^^^^^^^
    ...<5 lines>...
    )
    ^
  File "asyncpg\\protocol\\protocol.pyx", line 165, in prepare
asyncpg.exceptions.UndefinedTableError: отношение "lesson_feedback" не существует
2025-09-09 23:15:39,555 | INFO | code-magnetism | Notification sent to admin 815370781
2025-09-09 23:15:39,813 | INFO | code-magnetism | Notification sent to admin 1648917869
2025-09-09 23:15:39,815 | INFO | uvicorn.access | 91.108.5.52:0 - "POST /telegram/webhook?secret=change_me HTTP/1.1" 200
2025-09-09 23:15:45,331 | INFO | code-magnetism | Incoming update 49515201
2025-09-09 23:15:45,332 | INFO | code-magnetism | Callback from 815370781 (@goldfinger_uk): admin:users
2025-09-09 23:15:45,573 | INFO | aiogram.event | Update id=49515201 is not handled. Duration 229 ms by bot id=8095548345
2025-09-09 23:15:45,573 | ERROR | code-magnetism | Ошибка обработки Telegram update 49515201: Telegram server says - Bad Request: can't parse entities: Unsupported start tag "@username|tg_id" at byte offset 110
Traceback (most recent call last):
  File "C:\Users\Tim\Desktop\code-magnetism\app.py", line 495, in telegram_webhook
    await dp.feed_update(bot, update)
  File "C:\Users\Tim\AppData\Local\Programs\Python\Python313\Lib\site-packages\aiogram\dispatcher\dispatcher.py", line 158, in feed_update
    response = await self.update.wrap_outer_middleware(
               ^^^^^^^^^^^^^^^^^^^^^^^^^^^^^^^^^^^^^^^^
    ...<7 lines>...
    )
    ^
  File "C:\Users\Tim\AppData\Local\Programs\Python\Python313\Lib\site-packages\aiogram\dispatcher\middlewares\error.py", line 25, in __call__
    return await handler(event, data)
           ^^^^^^^^^^^^^^^^^^^^^^^^^^
  File "C:\Users\Tim\AppData\Local\Programs\Python\Python313\Lib\site-packages\aiogram\dispatcher\middlewares\user_context.py", line 56, in __call__
    return await handler(event, data)
           ^^^^^^^^^^^^^^^^^^^^^^^^^^
  File "C:\Users\Tim\AppData\Local\Programs\Python\Python313\Lib\site-packages\aiogram\fsm\middleware.py", line 42, in __call__
    return await handler(event, data)
           ^^^^^^^^^^^^^^^^^^^^^^^^^^
  File "C:\Users\Tim\AppData\Local\Programs\Python\Python313\Lib\site-packages\aiogram\dispatcher\event\telegram.py", line 121, in trigger
    return await wrapped_inner(event, kwargs)
           ^^^^^^^^^^^^^^^^^^^^^^^^^^^^^^^^^^
  File "C:\Users\Tim\AppData\Local\Programs\Python\Python313\Lib\site-packages\aiogram\dispatcher\event\handler.py", line 43, in call
    return await wrapped()
           ^^^^^^^^^^^^^^^
  File "C:\Users\Tim\AppData\Local\Programs\Python\Python313\Lib\site-packages\aiogram\dispatcher\dispatcher.py", line 276, in _listen_update
    return await self.propagate_event(update_type=update_type, event=event, **kwargs)
           ^^^^^^^^^^^^^^^^^^^^^^^^^^^^^^^^^^^^^^^^^^^^^^^^^^^^^^^^^^^^^^^^^^^^^^^^^^
  File "C:\Users\Tim\AppData\Local\Programs\Python\Python313\Lib\site-packages\aiogram\dispatcher\router.py", line 146, in propagate_event
    return await observer.wrap_outer_middleware(_wrapped, event=event, data=kwargs)
           ^^^^^^^^^^^^^^^^^^^^^^^^^^^^^^^^^^^^^^^^^^^^^^^^^^^^^^^^^^^^^^^^^^^^^^^^
  File "C:\Users\Tim\AppData\Local\Programs\Python\Python313\Lib\site-packages\aiogram\dispatcher\router.py", line 141, in _wrapped
    return await self._propagate_event(
           ^^^^^^^^^^^^^^^^^^^^^^^^^^^^
        observer=observer, update_type=update_type, event=telegram_event, **data
        ^^^^^^^^^^^^^^^^^^^^^^^^^^^^^^^^^^^^^^^^^^^^^^^^^^^^^^^^^^^^^^^^^^^^^^^^
    )
    ^
  File "C:\Users\Tim\AppData\Local\Programs\Python\Python313\Lib\site-packages\aiogram\dispatcher\router.py", line 174, in _propagate_event
    response = await router.propagate_event(update_type=update_type, event=event, **kwargs)
               ^^^^^^^^^^^^^^^^^^^^^^^^^^^^^^^^^^^^^^^^^^^^^^^^^^^^^^^^^^^^^^^^^^^^^^^^^^^^
  File "C:\Users\Tim\AppData\Local\Programs\Python\Python313\Lib\site-packages\aiogram\dispatcher\router.py", line 146, in propagate_event
    return await observer.wrap_outer_middleware(_wrapped, event=event, data=kwargs)
           ^^^^^^^^^^^^^^^^^^^^^^^^^^^^^^^^^^^^^^^^^^^^^^^^^^^^^^^^^^^^^^^^^^^^^^^^
  File "C:\Users\Tim\AppData\Local\Programs\Python\Python313\Lib\site-packages\aiogram\dispatcher\router.py", line 141, in _wrapped
    return await self._propagate_event(
           ^^^^^^^^^^^^^^^^^^^^^^^^^^^^
        observer=observer, update_type=update_type, event=telegram_event, **data
        ^^^^^^^^^^^^^^^^^^^^^^^^^^^^^^^^^^^^^^^^^^^^^^^^^^^^^^^^^^^^^^^^^^^^^^^^
    )
    ^
  File "C:\Users\Tim\AppData\Local\Programs\Python\Python313\Lib\site-packages\aiogram\dispatcher\router.py", line 166, in _propagate_event
    response = await observer.trigger(event, **kwargs)
               ^^^^^^^^^^^^^^^^^^^^^^^^^^^^^^^^^^^^^^^
  File "C:\Users\Tim\AppData\Local\Programs\Python\Python313\Lib\site-packages\aiogram\dispatcher\event\telegram.py", line 121, in trigger
    return await wrapped_inner(event, kwargs)
           ^^^^^^^^^^^^^^^^^^^^^^^^^^^^^^^^^^
  File "C:\Users\Tim\AppData\Local\Programs\Python\Python313\Lib\site-packages\aiogram\dispatcher\event\handler.py", line 43, in call
    return await wrapped()
           ^^^^^^^^^^^^^^^
  File "C:\Users\Tim\Desktop\code-magnetism\handlers.py", line 1599, in cb_admin_actions
    await cb.message.answer(text, reply_markup=create_admin_keyboard())
  File "C:\Users\Tim\AppData\Local\Programs\Python\Python313\Lib\site-packages\aiogram\methods\base.py", line 84, in emit
    return await bot(self)
           ^^^^^^^^^^^^^^^
  File "C:\Users\Tim\AppData\Local\Programs\Python\Python313\Lib\site-packages\aiogram\client\bot.py", line 485, in __call__
    return await self.session(self, method, timeout=request_timeout)
           ^^^^^^^^^^^^^^^^^^^^^^^^^^^^^^^^^^^^^^^^^^^^^^^^^^^^^^^^^
  File "C:\Users\Tim\AppData\Local\Programs\Python\Python313\Lib\site-packages\aiogram\client\session\base.py", line 254, in __call__
    return cast(TelegramType, await middleware(bot, method))
                              ^^^^^^^^^^^^^^^^^^^^^^^^^^^^^
  File "C:\Users\Tim\AppData\Local\Programs\Python\Python313\Lib\site-packages\aiogram\client\session\aiohttp.py", line 185, in make_request
    response = self.check_response(
        bot=bot, method=method, status_code=resp.status, content=raw_result
    )
  File "C:\Users\Tim\AppData\Local\Programs\Python\Python313\Lib\site-packages\aiogram\client\session\base.py", line 120, in check_response
    raise TelegramBadRequest(method=method, message=description)
aiogram.exceptions.TelegramBadRequest: Telegram server says - Bad Request: can't parse entities: Unsupported start tag "@username|tg_id" at byte offset 110
2025-09-09 23:15:45,822 | INFO | code-magnetism | Notification sent to admin 815370781
2025-09-09 23:15:46,047 | INFO | code-magnetism | Notification sent to admin 1648917869
2025-09-09 23:15:46,049 | INFO | uvicorn.access | 91.108.5.52:0 - "POST /telegram/webhook?secret=change_me HTTP/1.1" 200
2025-09-09 23:15:52,277 | INFO | code-magnetism | Incoming update 49515202
2025-09-09 23:15:52,278 | INFO | code-magnetism | Callback from 815370781 (@goldfinger_uk): admin:debug
2025-09-09 23:15:52,794 | INFO | aiogram.event | Update id=49515202 is handled. Duration 509 ms by bot id=8095548345
2025-09-09 23:15:52,795 | INFO | code-magnetism | Update 49515202 processed successfully
2025-09-09 23:15:52,800 | INFO | uvicorn.access | 91.108.5.52:0 - "POST /telegram/webhook?secret=change_me HTTP/1.1" 200
2025-09-09 23:15:53,660 | INFO | code-magnetism | Incoming update 49515203
2025-09-09 23:15:53,661 | INFO | code-magnetism | Callback from 815370781 (@goldfinger_uk): menu:main
2025-09-09 23:15:54,187 | INFO | aiogram.event | Update id=49515203 is handled. Duration 519 ms by bot id=8095548345
2025-09-09 23:15:54,188 | INFO | code-magnetism | Update 49515203 processed successfully
2025-09-09 23:15:54,193 | INFO | uvicorn.access | 91.108.5.52:0 - "POST /telegram/webhook?secret=change_me HTTP/1.1" 200
2025-09-09 23:15:56,447 | INFO | code-magnetism | Incoming update 49515204
2025-09-09 23:15:56,448 | INFO | code-magnetism | Callback from 815370781 (@goldfinger_uk): menu:profile
2025-09-09 23:15:56,946 | INFO | aiogram.event | Update id=49515204 is handled. Duration 489 ms by bot id=8095548345
2025-09-09 23:15:56,948 | INFO | code-magnetism | Update 49515204 processed successfully
2025-09-09 23:15:56,957 | INFO | uvicorn.access | 91.108.5.52:0 - "POST /telegram/webhook?secret=change_me HTTP/1.1" 200
2025-09-09 23:15:58,353 | INFO | code-magnetism | Incoming update 49515205
2025-09-09 23:15:58,354 | INFO | code-magnetism | Callback from 815370781 (@goldfinger_uk): profile:email
2025-09-09 23:15:58,838 | INFO | aiogram.event | Update id=49515205 is handled. Duration 473 ms by bot id=8095548345
2025-09-09 23:15:58,840 | INFO | code-magnetism | Update 49515205 processed successfully
2025-09-09 23:15:58,847 | INFO | uvicorn.access | 91.108.5.52:0 - "POST /telegram/webhook?secret=change_me HTTP/1.1" 200
2025-09-09 23:16:02,497 | INFO | code-magnetism | Incoming update 49515206
2025-09-09 23:16:02,498 | INFO | code-magnetism | Message from 815370781 (@goldfinger_uk): Роль
2025-09-09 23:16:02,551 | INFO | aiogram.event | Update id=49515206 is handled. Duration 47 ms by bot id=8095548345
2025-09-09 23:16:02,552 | INFO | code-magnetism | Update 49515206 processed successfully
2025-09-09 23:16:02,557 | INFO | uvicorn.access | 91.108.5.52:0 - "POST /telegram/webhook?secret=change_me HTTP/1.1" 200
2025-09-09 23:16:14,408 | INFO | code-magnetism | Incoming update 49515207
2025-09-09 23:16:14,410 | INFO | code-magnetism | Callback from 815370781 (@goldfinger_uk): menu:main
2025-09-09 23:16:15,486 | INFO | aiogram.event | Update id=49515207 is handled. Duration 1067 ms by bot id=8095548345
2025-09-09 23:16:15,487 | INFO | code-magnetism | Update 49515207 processed successfully
2025-09-09 23:16:15,495 | INFO | uvicorn.access | 91.108.5.52:0 - "POST /telegram/webhook?secret=change_me HTTP/1.1" 200
2025-09-09 23:18:00,813 | INFO | code-magnetism | Incoming update 49515208
2025-09-09 23:18:00,814 | INFO | code-magnetism | Callback from 815370781 (@goldfinger_uk): menu:about
2025-09-09 23:18:01,729 | INFO | aiogram.event | Update id=49515208 is handled. Duration 906 ms by bot id=8095548345
2025-09-09 23:18:01,730 | INFO | code-magnetism | Update 49515208 processed successfully
2025-09-09 23:18:01,737 | INFO | uvicorn.access | 91.108.5.52:0 - "POST /telegram/webhook?secret=change_me HTTP/1.1" 200
2025-09-09 23:18:14,719 | INFO | code-magnetism | Incoming update 49515209
2025-09-09 23:18:14,720 | INFO | code-magnetism | Callback from 815370781 (@goldfinger_uk): menu:funnel
2025-09-09 23:18:15,188 | INFO | aiogram.event | Update id=49515209 is handled. Duration 461 ms by bot id=8095548345
2025-09-09 23:18:15,189 | INFO | code-magnetism | Update 49515209 processed successfully
2025-09-09 23:18:15,196 | INFO | uvicorn.access | 91.108.5.52:0 - "POST /telegram/webhook?secret=change_me HTTP/1.1" 200
2025-09-09 23:18:18,629 | INFO | code-magnetism | Incoming update 49515210
2025-09-09 23:18:18,630 | INFO | code-magnetism | Callback from 815370781 (@goldfinger_uk): menu:progress
2025-09-09 23:18:19,099 | INFO | aiogram.event | Update id=49515210 is handled. Duration 459 ms by bot id=8095548345
2025-09-09 23:18:19,101 | INFO | code-magnetism | Update 49515210 processed successfully
2025-09-09 23:18:19,108 | INFO | uvicorn.access | 91.108.5.52:0 - "POST /telegram/webhook?secret=change_me HTTP/1.1" 200
2025-09-09 23:18:20,753 | INFO | code-magnetism | Incoming update 49515211
2025-09-09 23:18:20,764 | INFO | code-magnetism | Callback from 815370781 (@goldfinger_uk): menu:funnel
2025-09-09 23:18:21,319 | INFO | aiogram.event | Update id=49515211 is handled. Duration 548 ms by bot id=8095548345
2025-09-09 23:18:21,320 | INFO | code-magnetism | Update 49515211 processed successfully
2025-09-09 23:18:21,328 | INFO | uvicorn.access | 91.108.5.52:0 - "POST /telegram/webhook?secret=change_me HTTP/1.1" 200
2025-09-09 23:19:19,239 | INFO | code-magnetism | Incoming update 49515212
2025-09-09 23:19:19,240 | INFO | code-magnetism | Callback from 815370781 (@goldfinger_uk): menu:admin
2025-09-09 23:19:20,313 | INFO | aiogram.event | Update id=49515212 is handled. Duration 1065 ms by bot id=8095548345
2025-09-09 23:19:20,314 | INFO | code-magnetism | Update 49515212 processed successfully
2025-09-09 23:19:20,326 | INFO | uvicorn.access | 91.108.5.52:0 - "POST /telegram/webhook?secret=change_me HTTP/1.1" 200
2025-09-09 23:19:23,881 | INFO | code-magnetism | Incoming update 49515213
2025-09-09 23:19:23,882 | INFO | code-magnetism | Callback from 815370781 (@goldfinger_uk): admin:content
2025-09-09 23:19:24,195 | INFO | aiogram.event | Update id=49515213 is not handled. Duration 303 ms by bot id=8095548345
2025-09-09 23:19:24,196 | ERROR | code-magnetism | Ошибка обработки Telegram update 49515213: Telegram server says - Bad Request: can't parse entities: Unsupported start tag "key" at byte offset 164
Traceback (most recent call last):
  File "C:\Users\Tim\Desktop\code-magnetism\app.py", line 495, in telegram_webhook
    await dp.feed_update(bot, update)
  File "C:\Users\Tim\AppData\Local\Programs\Python\Python313\Lib\site-packages\aiogram\dispatcher\dispatcher.py", line 158, in feed_update
    response = await self.update.wrap_outer_middleware(
               ^^^^^^^^^^^^^^^^^^^^^^^^^^^^^^^^^^^^^^^^
    ...<7 lines>...
    )
    ^
  File "C:\Users\Tim\AppData\Local\Programs\Python\Python313\Lib\site-packages\aiogram\dispatcher\middlewares\error.py", line 25, in __call__
    return await handler(event, data)
           ^^^^^^^^^^^^^^^^^^^^^^^^^^
  File "C:\Users\Tim\AppData\Local\Programs\Python\Python313\Lib\site-packages\aiogram\dispatcher\middlewares\user_context.py", line 56, in __call__
    return await handler(event, data)
           ^^^^^^^^^^^^^^^^^^^^^^^^^^
  File "C:\Users\Tim\AppData\Local\Programs\Python\Python313\Lib\site-packages\aiogram\fsm\middleware.py", line 42, in __call__
    return await handler(event, data)
           ^^^^^^^^^^^^^^^^^^^^^^^^^^
  File "C:\Users\Tim\AppData\Local\Programs\Python\Python313\Lib\site-packages\aiogram\dispatcher\event\telegram.py", line 121, in trigger
    return await wrapped_inner(event, kwargs)
           ^^^^^^^^^^^^^^^^^^^^^^^^^^^^^^^^^^
  File "C:\Users\Tim\AppData\Local\Programs\Python\Python313\Lib\site-packages\aiogram\dispatcher\event\handler.py", line 43, in call
    return await wrapped()
           ^^^^^^^^^^^^^^^
  File "C:\Users\Tim\AppData\Local\Programs\Python\Python313\Lib\site-packages\aiogram\dispatcher\dispatcher.py", line 276, in _listen_update
    return await self.propagate_event(update_type=update_type, event=event, **kwargs)
           ^^^^^^^^^^^^^^^^^^^^^^^^^^^^^^^^^^^^^^^^^^^^^^^^^^^^^^^^^^^^^^^^^^^^^^^^^^
  File "C:\Users\Tim\AppData\Local\Programs\Python\Python313\Lib\site-packages\aiogram\dispatcher\router.py", line 146, in propagate_event
    return await observer.wrap_outer_middleware(_wrapped, event=event, data=kwargs)
           ^^^^^^^^^^^^^^^^^^^^^^^^^^^^^^^^^^^^^^^^^^^^^^^^^^^^^^^^^^^^^^^^^^^^^^^^
  File "C:\Users\Tim\AppData\Local\Programs\Python\Python313\Lib\site-packages\aiogram\dispatcher\router.py", line 141, in _wrapped
    return await self._propagate_event(
           ^^^^^^^^^^^^^^^^^^^^^^^^^^^^
        observer=observer, update_type=update_type, event=telegram_event, **data
        ^^^^^^^^^^^^^^^^^^^^^^^^^^^^^^^^^^^^^^^^^^^^^^^^^^^^^^^^^^^^^^^^^^^^^^^^
    )
    ^
  File "C:\Users\Tim\AppData\Local\Programs\Python\Python313\Lib\site-packages\aiogram\dispatcher\router.py", line 174, in _propagate_event
    response = await router.propagate_event(update_type=update_type, event=event, **kwargs)
               ^^^^^^^^^^^^^^^^^^^^^^^^^^^^^^^^^^^^^^^^^^^^^^^^^^^^^^^^^^^^^^^^^^^^^^^^^^^^
  File "C:\Users\Tim\AppData\Local\Programs\Python\Python313\Lib\site-packages\aiogram\dispatcher\router.py", line 146, in propagate_event
    return await observer.wrap_outer_middleware(_wrapped, event=event, data=kwargs)
           ^^^^^^^^^^^^^^^^^^^^^^^^^^^^^^^^^^^^^^^^^^^^^^^^^^^^^^^^^^^^^^^^^^^^^^^^
  File "C:\Users\Tim\AppData\Local\Programs\Python\Python313\Lib\site-packages\aiogram\dispatcher\router.py", line 141, in _wrapped
    return await self._propagate_event(
           ^^^^^^^^^^^^^^^^^^^^^^^^^^^^
        observer=observer, update_type=update_type, event=telegram_event, **data
        ^^^^^^^^^^^^^^^^^^^^^^^^^^^^^^^^^^^^^^^^^^^^^^^^^^^^^^^^^^^^^^^^^^^^^^^^
    )
    ^
  File "C:\Users\Tim\AppData\Local\Programs\Python\Python313\Lib\site-packages\aiogram\dispatcher\router.py", line 166, in _propagate_event
    response = await observer.trigger(event, **kwargs)
               ^^^^^^^^^^^^^^^^^^^^^^^^^^^^^^^^^^^^^^^
  File "C:\Users\Tim\AppData\Local\Programs\Python\Python313\Lib\site-packages\aiogram\dispatcher\event\telegram.py", line 121, in trigger
    return await wrapped_inner(event, kwargs)
           ^^^^^^^^^^^^^^^^^^^^^^^^^^^^^^^^^^
  File "C:\Users\Tim\AppData\Local\Programs\Python\Python313\Lib\site-packages\aiogram\dispatcher\event\handler.py", line 43, in call
    return await wrapped()
           ^^^^^^^^^^^^^^^
  File "C:\Users\Tim\Desktop\code-magnetism\handlers.py", line 1620, in cb_admin_actions
    await cb.message.answer(text, reply_markup=create_admin_keyboard())
  File "C:\Users\Tim\AppData\Local\Programs\Python\Python313\Lib\site-packages\aiogram\methods\base.py", line 84, in emit
    return await bot(self)
           ^^^^^^^^^^^^^^^
  File "C:\Users\Tim\AppData\Local\Programs\Python\Python313\Lib\site-packages\aiogram\client\bot.py", line 485, in __call__
    return await self.session(self, method, timeout=request_timeout)
           ^^^^^^^^^^^^^^^^^^^^^^^^^^^^^^^^^^^^^^^^^^^^^^^^^^^^^^^^^
  File "C:\Users\Tim\AppData\Local\Programs\Python\Python313\Lib\site-packages\aiogram\client\session\base.py", line 254, in __call__
    return cast(TelegramType, await middleware(bot, method))
                              ^^^^^^^^^^^^^^^^^^^^^^^^^^^^^
  File "C:\Users\Tim\AppData\Local\Programs\Python\Python313\Lib\site-packages\aiogram\client\session\aiohttp.py", line 185, in make_request
    response = self.check_response(
        bot=bot, method=method, status_code=resp.status, content=raw_result
    )
  File "C:\Users\Tim\AppData\Local\Programs\Python\Python313\Lib\site-packages\aiogram\client\session\base.py", line 120, in check_response
    raise TelegramBadRequest(method=method, message=description)
aiogram.exceptions.TelegramBadRequest: Telegram server says - Bad Request: can't parse entities: Unsupported start tag "key" at byte offset 164
2025-09-09 23:19:24,483 | INFO | code-magnetism | Notification sent to admin 815370781
2025-09-09 23:19:24,757 | INFO | code-magnetism | Notification sent to admin 1648917869
2025-09-09 23:19:24,759 | INFO | uvicorn.access | 91.108.5.52:0 - "POST /telegram/webhook?secret=change_me HTTP/1.1" 200
2025-09-09 23:19:32,071 | INFO | code-magnetism | Incoming update 49515214
2025-09-09 23:19:32,072 | INFO | code-magnetism | Callback from 815370781 (@goldfinger_uk): admin:users
2025-09-09 23:19:32,361 | INFO | aiogram.event | Update id=49515214 is not handled. Duration 283 ms by bot id=8095548345
2025-09-09 23:19:32,370 | ERROR | code-magnetism | Ошибка обработки Telegram update 49515214: Telegram server says - Bad Request: can't parse entities: Unsupported start tag "@username|tg_id" at byte offset 110
Traceback (most recent call last):
  File "C:\Users\Tim\Desktop\code-magnetism\app.py", line 495, in telegram_webhook
    await dp.feed_update(bot, update)
  File "C:\Users\Tim\AppData\Local\Programs\Python\Python313\Lib\site-packages\aiogram\dispatcher\dispatcher.py", line 158, in feed_update
    response = await self.update.wrap_outer_middleware(
               ^^^^^^^^^^^^^^^^^^^^^^^^^^^^^^^^^^^^^^^^
    ...<7 lines>...
    )
    ^
  File "C:\Users\Tim\AppData\Local\Programs\Python\Python313\Lib\site-packages\aiogram\dispatcher\middlewares\error.py", line 25, in __call__
    return await handler(event, data)
           ^^^^^^^^^^^^^^^^^^^^^^^^^^
  File "C:\Users\Tim\AppData\Local\Programs\Python\Python313\Lib\site-packages\aiogram\dispatcher\middlewares\user_context.py", line 56, in __call__
    return await handler(event, data)
           ^^^^^^^^^^^^^^^^^^^^^^^^^^
  File "C:\Users\Tim\AppData\Local\Programs\Python\Python313\Lib\site-packages\aiogram\fsm\middleware.py", line 42, in __call__
    return await handler(event, data)
           ^^^^^^^^^^^^^^^^^^^^^^^^^^
  File "C:\Users\Tim\AppData\Local\Programs\Python\Python313\Lib\site-packages\aiogram\dispatcher\event\telegram.py", line 121, in trigger
    return await wrapped_inner(event, kwargs)
           ^^^^^^^^^^^^^^^^^^^^^^^^^^^^^^^^^^
  File "C:\Users\Tim\AppData\Local\Programs\Python\Python313\Lib\site-packages\aiogram\dispatcher\event\handler.py", line 43, in call
    return await wrapped()
           ^^^^^^^^^^^^^^^
  File "C:\Users\Tim\AppData\Local\Programs\Python\Python313\Lib\site-packages\aiogram\dispatcher\dispatcher.py", line 276, in _listen_update
    return await self.propagate_event(update_type=update_type, event=event, **kwargs)
           ^^^^^^^^^^^^^^^^^^^^^^^^^^^^^^^^^^^^^^^^^^^^^^^^^^^^^^^^^^^^^^^^^^^^^^^^^^
  File "C:\Users\Tim\AppData\Local\Programs\Python\Python313\Lib\site-packages\aiogram\dispatcher\router.py", line 146, in propagate_event
    return await observer.wrap_outer_middleware(_wrapped, event=event, data=kwargs)
           ^^^^^^^^^^^^^^^^^^^^^^^^^^^^^^^^^^^^^^^^^^^^^^^^^^^^^^^^^^^^^^^^^^^^^^^^
  File "C:\Users\Tim\AppData\Local\Programs\Python\Python313\Lib\site-packages\aiogram\dispatcher\router.py", line 141, in _wrapped
    return await self._propagate_event(
           ^^^^^^^^^^^^^^^^^^^^^^^^^^^^
        observer=observer, update_type=update_type, event=telegram_event, **data
        ^^^^^^^^^^^^^^^^^^^^^^^^^^^^^^^^^^^^^^^^^^^^^^^^^^^^^^^^^^^^^^^^^^^^^^^^
    )
    ^
  File "C:\Users\Tim\AppData\Local\Programs\Python\Python313\Lib\site-packages\aiogram\dispatcher\router.py", line 174, in _propagate_event
    response = await router.propagate_event(update_type=update_type, event=event, **kwargs)
               ^^^^^^^^^^^^^^^^^^^^^^^^^^^^^^^^^^^^^^^^^^^^^^^^^^^^^^^^^^^^^^^^^^^^^^^^^^^^
  File "C:\Users\Tim\AppData\Local\Programs\Python\Python313\Lib\site-packages\aiogram\dispatcher\router.py", line 146, in propagate_event
    return await observer.wrap_outer_middleware(_wrapped, event=event, data=kwargs)
           ^^^^^^^^^^^^^^^^^^^^^^^^^^^^^^^^^^^^^^^^^^^^^^^^^^^^^^^^^^^^^^^^^^^^^^^^
  File "C:\Users\Tim\AppData\Local\Programs\Python\Python313\Lib\site-packages\aiogram\dispatcher\router.py", line 141, in _wrapped
    return await self._propagate_event(
           ^^^^^^^^^^^^^^^^^^^^^^^^^^^^
        observer=observer, update_type=update_type, event=telegram_event, **data
        ^^^^^^^^^^^^^^^^^^^^^^^^^^^^^^^^^^^^^^^^^^^^^^^^^^^^^^^^^^^^^^^^^^^^^^^^
    )
    ^
  File "C:\Users\Tim\AppData\Local\Programs\Python\Python313\Lib\site-packages\aiogram\dispatcher\router.py", line 166, in _propagate_event
    response = await observer.trigger(event, **kwargs)
               ^^^^^^^^^^^^^^^^^^^^^^^^^^^^^^^^^^^^^^^
  File "C:\Users\Tim\AppData\Local\Programs\Python\Python313\Lib\site-packages\aiogram\dispatcher\event\telegram.py", line 121, in trigger
    return await wrapped_inner(event, kwargs)
           ^^^^^^^^^^^^^^^^^^^^^^^^^^^^^^^^^^
  File "C:\Users\Tim\AppData\Local\Programs\Python\Python313\Lib\site-packages\aiogram\dispatcher\event\handler.py", line 43, in call
    return await wrapped()
           ^^^^^^^^^^^^^^^
  File "C:\Users\Tim\Desktop\code-magnetism\handlers.py", line 1599, in cb_admin_actions
    await cb.message.answer(text, reply_markup=create_admin_keyboard())
  File "C:\Users\Tim\AppData\Local\Programs\Python\Python313\Lib\site-packages\aiogram\methods\base.py", line 84, in emit
    return await bot(self)
           ^^^^^^^^^^^^^^^
  File "C:\Users\Tim\AppData\Local\Programs\Python\Python313\Lib\site-packages\aiogram\client\bot.py", line 485, in __call__
    return await self.session(self, method, timeout=request_timeout)
           ^^^^^^^^^^^^^^^^^^^^^^^^^^^^^^^^^^^^^^^^^^^^^^^^^^^^^^^^^
  File "C:\Users\Tim\AppData\Local\Programs\Python\Python313\Lib\site-packages\aiogram\client\session\base.py", line 254, in __call__
    return cast(TelegramType, await middleware(bot, method))
                              ^^^^^^^^^^^^^^^^^^^^^^^^^^^^^
  File "C:\Users\Tim\AppData\Local\Programs\Python\Python313\Lib\site-packages\aiogram\client\session\aiohttp.py", line 185, in make_request
    response = self.check_response(
        bot=bot, method=method, status_code=resp.status, content=raw_result
    )
  File "C:\Users\Tim\AppData\Local\Programs\Python\Python313\Lib\site-packages\aiogram\client\session\base.py", line 120, in check_response
    raise TelegramBadRequest(method=method, message=description)
aiogram.exceptions.TelegramBadRequest: Telegram server says - Bad Request: can't parse entities: Unsupported start tag "@username|tg_id" at byte offset 110
2025-09-09 23:19:32,777 | INFO | code-magnetism | Notification sent to admin 815370781
2025-09-09 23:19:33,174 | INFO | code-magnetism | Notification sent to admin 1648917869
2025-09-09 23:19:33,176 | INFO | uvicorn.access | 91.108.5.52:0 - "POST /telegram/webhook?secret=change_me HTTP/1.1" 200
2025-09-09 23:19:34,451 | INFO | code-magnetism | Incoming update 49515215
2025-09-09 23:19:34,452 | INFO | code-magnetism | Callback from 815370781 (@goldfinger_uk): admin:debug
2025-09-09 23:19:35,017 | INFO | aiogram.event | Update id=49515215 is handled. Duration 555 ms by bot id=8095548345
2025-09-09 23:19:35,019 | INFO | code-magnetism | Update 49515215 processed successfully
2025-09-09 23:19:35,026 | INFO | uvicorn.access | 91.108.5.52:0 - "POST /telegram/webhook?secret=change_me HTTP/1.1" 200
2025-09-09 23:19:45,108 | INFO | code-magnetism | Incoming update 49515216
2025-09-09 23:19:45,109 | INFO | code-magnetism | Callback from 815370781 (@goldfinger_uk): admin:broadcast
2025-09-09 23:19:45,394 | INFO | aiogram.event | Update id=49515216 is not handled. Duration 278 ms by bot id=8095548345
2025-09-09 23:19:45,395 | ERROR | code-magnetism | Ошибка обработки Telegram update 49515216: Telegram server says - Bad Request: can't parse entities: Unsupported start tag "segment" at byte offset 76
Traceback (most recent call last):
  File "C:\Users\Tim\Desktop\code-magnetism\app.py", line 495, in telegram_webhook
    await dp.feed_update(bot, update)
  File "C:\Users\Tim\AppData\Local\Programs\Python\Python313\Lib\site-packages\aiogram\dispatcher\dispatcher.py", line 158, in feed_update
    response = await self.update.wrap_outer_middleware(
               ^^^^^^^^^^^^^^^^^^^^^^^^^^^^^^^^^^^^^^^^
    ...<7 lines>...
    )
    ^
  File "C:\Users\Tim\AppData\Local\Programs\Python\Python313\Lib\site-packages\aiogram\dispatcher\middlewares\error.py", line 25, in __call__
    return await handler(event, data)
           ^^^^^^^^^^^^^^^^^^^^^^^^^^
  File "C:\Users\Tim\AppData\Local\Programs\Python\Python313\Lib\site-packages\aiogram\dispatcher\middlewares\user_context.py", line 56, in __call__
    return await handler(event, data)
           ^^^^^^^^^^^^^^^^^^^^^^^^^^
  File "C:\Users\Tim\AppData\Local\Programs\Python\Python313\Lib\site-packages\aiogram\fsm\middleware.py", line 42, in __call__
    return await handler(event, data)
           ^^^^^^^^^^^^^^^^^^^^^^^^^^
  File "C:\Users\Tim\AppData\Local\Programs\Python\Python313\Lib\site-packages\aiogram\dispatcher\event\telegram.py", line 121, in trigger
    return await wrapped_inner(event, kwargs)
           ^^^^^^^^^^^^^^^^^^^^^^^^^^^^^^^^^^
  File "C:\Users\Tim\AppData\Local\Programs\Python\Python313\Lib\site-packages\aiogram\dispatcher\event\handler.py", line 43, in call
    return await wrapped()
           ^^^^^^^^^^^^^^^
  File "C:\Users\Tim\AppData\Local\Programs\Python\Python313\Lib\site-packages\aiogram\dispatcher\dispatcher.py", line 276, in _listen_update
    return await self.propagate_event(update_type=update_type, event=event, **kwargs)
           ^^^^^^^^^^^^^^^^^^^^^^^^^^^^^^^^^^^^^^^^^^^^^^^^^^^^^^^^^^^^^^^^^^^^^^^^^^
  File "C:\Users\Tim\AppData\Local\Programs\Python\Python313\Lib\site-packages\aiogram\dispatcher\router.py", line 146, in propagate_event
    return await observer.wrap_outer_middleware(_wrapped, event=event, data=kwargs)
           ^^^^^^^^^^^^^^^^^^^^^^^^^^^^^^^^^^^^^^^^^^^^^^^^^^^^^^^^^^^^^^^^^^^^^^^^
  File "C:\Users\Tim\AppData\Local\Programs\Python\Python313\Lib\site-packages\aiogram\dispatcher\router.py", line 141, in _wrapped
    return await self._propagate_event(
           ^^^^^^^^^^^^^^^^^^^^^^^^^^^^
        observer=observer, update_type=update_type, event=telegram_event, **data
        ^^^^^^^^^^^^^^^^^^^^^^^^^^^^^^^^^^^^^^^^^^^^^^^^^^^^^^^^^^^^^^^^^^^^^^^^
    )
    ^
  File "C:\Users\Tim\AppData\Local\Programs\Python\Python313\Lib\site-packages\aiogram\dispatcher\router.py", line 174, in _propagate_event
    response = await router.propagate_event(update_type=update_type, event=event, **kwargs)
               ^^^^^^^^^^^^^^^^^^^^^^^^^^^^^^^^^^^^^^^^^^^^^^^^^^^^^^^^^^^^^^^^^^^^^^^^^^^^
  File "C:\Users\Tim\AppData\Local\Programs\Python\Python313\Lib\site-packages\aiogram\dispatcher\router.py", line 146, in propagate_event
    return await observer.wrap_outer_middleware(_wrapped, event=event, data=kwargs)
           ^^^^^^^^^^^^^^^^^^^^^^^^^^^^^^^^^^^^^^^^^^^^^^^^^^^^^^^^^^^^^^^^^^^^^^^^
  File "C:\Users\Tim\AppData\Local\Programs\Python\Python313\Lib\site-packages\aiogram\dispatcher\router.py", line 141, in _wrapped
    return await self._propagate_event(
           ^^^^^^^^^^^^^^^^^^^^^^^^^^^^
        observer=observer, update_type=update_type, event=telegram_event, **data
        ^^^^^^^^^^^^^^^^^^^^^^^^^^^^^^^^^^^^^^^^^^^^^^^^^^^^^^^^^^^^^^^^^^^^^^^^
    )
    ^
  File "C:\Users\Tim\AppData\Local\Programs\Python\Python313\Lib\site-packages\aiogram\dispatcher\router.py", line 166, in _propagate_event
    response = await observer.trigger(event, **kwargs)
               ^^^^^^^^^^^^^^^^^^^^^^^^^^^^^^^^^^^^^^^
  File "C:\Users\Tim\AppData\Local\Programs\Python\Python313\Lib\site-packages\aiogram\dispatcher\event\telegram.py", line 121, in trigger
    return await wrapped_inner(event, kwargs)
           ^^^^^^^^^^^^^^^^^^^^^^^^^^^^^^^^^^
  File "C:\Users\Tim\AppData\Local\Programs\Python\Python313\Lib\site-packages\aiogram\dispatcher\event\handler.py", line 43, in call
    return await wrapped()
           ^^^^^^^^^^^^^^^
  File "C:\Users\Tim\Desktop\code-magnetism\handlers.py", line 1609, in cb_admin_actions
    await cb.message.answer(text, reply_markup=create_admin_keyboard())
  File "C:\Users\Tim\AppData\Local\Programs\Python\Python313\Lib\site-packages\aiogram\methods\base.py", line 84, in emit
    return await bot(self)
           ^^^^^^^^^^^^^^^
  File "C:\Users\Tim\AppData\Local\Programs\Python\Python313\Lib\site-packages\aiogram\client\bot.py", line 485, in __call__
    return await self.session(self, method, timeout=request_timeout)
           ^^^^^^^^^^^^^^^^^^^^^^^^^^^^^^^^^^^^^^^^^^^^^^^^^^^^^^^^^
  File "C:\Users\Tim\AppData\Local\Programs\Python\Python313\Lib\site-packages\aiogram\client\session\base.py", line 254, in __call__
    return cast(TelegramType, await middleware(bot, method))
                              ^^^^^^^^^^^^^^^^^^^^^^^^^^^^^
  File "C:\Users\Tim\AppData\Local\Programs\Python\Python313\Lib\site-packages\aiogram\client\session\aiohttp.py", line 185, in make_request
    response = self.check_response(
        bot=bot, method=method, status_code=resp.status, content=raw_result
    )
  File "C:\Users\Tim\AppData\Local\Programs\Python\Python313\Lib\site-packages\aiogram\client\session\base.py", line 120, in check_response
    raise TelegramBadRequest(method=method, message=description)
aiogram.exceptions.TelegramBadRequest: Telegram server says - Bad Request: can't parse entities: Unsupported start tag "segment" at byte offset 76
2025-09-09 23:19:45,714 | INFO | code-magnetism | Notification sent to admin 815370781
2025-09-09 23:19:46,057 | INFO | code-magnetism | Notification sent to admin 1648917869
2025-09-09 23:19:46,059 | INFO | uvicorn.access | 91.108.5.52:0 - "POST /telegram/webhook?secret=change_me HTTP/1.1" 200
2025-09-09 23:22:36,330 | INFO | uvicorn.error | Shutting down
2025-09-09 23:22:36,438 | INFO | uvicorn.error | Waiting for application shutdown.
2025-09-09 23:22:36,439 | INFO | code-magnetism | Shutdown: останавливаем планировщик/закрываем БД...
2025-09-09 23:22:36,444 | INFO | scheduler | APScheduler shut down
2025-09-09 23:22:36,445 | INFO | code-magnetism | Scheduler stopped successfully
2025-09-09 23:22:36,447 | INFO | apscheduler.scheduler | Scheduler has been shut down
2025-09-09 23:22:36,458 | INFO | db | PostgreSQL pool closed
2025-09-09 23:22:36,459 | INFO | code-magnetism | Database closed successfully
2025-09-09 23:22:36,461 | INFO | code-magnetism | Shutdown завершён.
2025-09-09 23:22:36,463 | INFO | uvicorn.error | Application shutdown complete.
2025-09-09 23:22:36,465 | INFO | uvicorn.error | Finished server process [10836]
2025-09-09 23:24:42,036 | INFO | code-magnetism | Routers attached: ['main-router']
2025-09-09 23:24:42,372 | INFO | uvicorn.error | Started server process [11208]
2025-09-09 23:24:42,373 | INFO | uvicorn.error | Waiting for application startup.
2025-09-09 23:24:42,379 | INFO | code-magnetism | Startup: инициализация БД/планировщика/вебхука...
2025-09-09 23:24:42,380 | INFO | db | Connecting PostgreSQL: postgresql://magnet:***@localhost:5432/magnetism
2025-09-09 23:24:42,823 | INFO | db | PostgreSQL pool created
2025-09-09 23:24:42,824 | INFO | db | Applying schema from: C:\Users\Tim\Desktop\code-magnetism\schema.sql
2025-09-09 23:24:42,871 | INFO | db | Schema applied successfully.
2025-09-09 23:24:42,871 | INFO | db | Schema applied from C:\Users\Tim\Desktop\code-magnetism\schema.sql
2025-09-09 23:24:42,875 | INFO | code-magnetism | Database initialized successfully
2025-09-09 23:24:42,892 | INFO | apscheduler.scheduler | Adding job tentatively -- it will be properly scheduled when the scheduler starts
2025-09-09 23:24:42,895 | INFO | apscheduler.scheduler | Adding job tentatively -- it will be properly scheduled when the scheduler starts
2025-09-09 23:24:42,896 | INFO | apscheduler.scheduler | Adding job tentatively -- it will be properly scheduled when the scheduler starts
2025-09-09 23:24:42,900 | INFO | apscheduler.scheduler | Added job "job_daily_lessons" to job store "default"
2025-09-09 23:24:42,901 | INFO | apscheduler.scheduler | Added job "job_soft_reminders" to job store "default"
2025-09-09 23:24:42,907 | INFO | apscheduler.scheduler | Added job "job_access_expiry_reminders" to job store "default"
2025-09-09 23:24:42,908 | INFO | apscheduler.scheduler | Scheduler started
2025-09-09 23:24:42,910 | INFO | scheduler | APScheduler started with timezone=Europe/Moscow; lessons at 10:00
2025-09-09 23:24:42,911 | INFO | code-magnetism | Scheduler initialized successfully
2025-09-09 23:24:42,913 | INFO | code-magnetism | Setting Telegram webhook to: https://f8ddf30705a7.ngrok-free.app/telegram/webhook?secret=change_me
2025-09-09 23:24:43,575 | INFO | code-magnetism | Old webhook deleted
2025-09-09 23:24:43,790 | INFO | code-magnetism | Telegram webhook установлен: https://f8ddf30705a7.ngrok-free.app/telegram/webhook?secret=change_me
2025-09-09 23:24:43,791 | INFO | code-magnetism | Startup завершён.
2025-09-09 23:24:43,798 | INFO | uvicorn.error | Application startup complete.
2025-09-09 23:24:43,802 | INFO | uvicorn.error | Uvicorn running on http://0.0.0.0:8000 (Press CTRL+C to quit)
2025-09-09 23:24:58,333 | INFO | code-magnetism | Incoming update 49515217
2025-09-09 23:24:58,334 | INFO | code-magnetism | Message from 815370781 (@goldfinger_uk): /start
2025-09-09 23:24:59,309 | INFO | aiogram.event | Update id=49515217 is handled. Duration 969 ms by bot id=8095548345
2025-09-09 23:24:59,310 | INFO | code-magnetism | Update 49515217 processed successfully
2025-09-09 23:24:59,315 | INFO | uvicorn.access | 91.108.5.52:0 - "POST /telegram/webhook?secret=change_me HTTP/1.1" 200
2025-09-09 23:25:14,835 | INFO | code-magnetism | Incoming update 49515218
2025-09-09 23:25:14,836 | INFO | code-magnetism | Callback from 815370781 (@goldfinger_uk): menu:register
2025-09-09 23:25:15,732 | INFO | aiogram.event | Update id=49515218 is handled. Duration 890 ms by bot id=8095548345
2025-09-09 23:25:15,733 | INFO | code-magnetism | Update 49515218 processed successfully
2025-09-09 23:25:15,740 | INFO | uvicorn.access | 91.108.5.52:0 - "POST /telegram/webhook?secret=change_me HTTP/1.1" 200
2025-09-09 23:25:22,918 | INFO | code-magnetism | Incoming update 49515219
2025-09-09 23:25:22,919 | INFO | code-magnetism | Message from 815370781 (@goldfinger_uk): Tim
2025-09-09 23:25:22,936 | INFO | aiogram.event | Update id=49515219 is not handled. Duration 8 ms by bot id=8095548345
2025-09-09 23:25:22,936 | ERROR | code-magnetism | Ошибка обработки Telegram update 49515219: столбец "name" в таблице "users" не существует
Traceback (most recent call last):
  File "C:\Users\Tim\Desktop\code-magnetism\app.py", line 495, in telegram_webhook
    await dp.feed_update(bot, update)
  File "C:\Users\Tim\AppData\Local\Programs\Python\Python313\Lib\site-packages\aiogram\dispatcher\dispatcher.py", line 158, in feed_update
    response = await self.update.wrap_outer_middleware(
               ^^^^^^^^^^^^^^^^^^^^^^^^^^^^^^^^^^^^^^^^
    ...<7 lines>...
    )
    ^
  File "C:\Users\Tim\AppData\Local\Programs\Python\Python313\Lib\site-packages\aiogram\dispatcher\middlewares\error.py", line 25, in __call__
    return await handler(event, data)
           ^^^^^^^^^^^^^^^^^^^^^^^^^^
  File "C:\Users\Tim\AppData\Local\Programs\Python\Python313\Lib\site-packages\aiogram\dispatcher\middlewares\user_context.py", line 56, in __call__
    return await handler(event, data)
           ^^^^^^^^^^^^^^^^^^^^^^^^^^
  File "C:\Users\Tim\AppData\Local\Programs\Python\Python313\Lib\site-packages\aiogram\fsm\middleware.py", line 42, in __call__
    return await handler(event, data)
           ^^^^^^^^^^^^^^^^^^^^^^^^^^
  File "C:\Users\Tim\AppData\Local\Programs\Python\Python313\Lib\site-packages\aiogram\dispatcher\event\telegram.py", line 121, in trigger
    return await wrapped_inner(event, kwargs)
           ^^^^^^^^^^^^^^^^^^^^^^^^^^^^^^^^^^
  File "C:\Users\Tim\AppData\Local\Programs\Python\Python313\Lib\site-packages\aiogram\dispatcher\event\handler.py", line 43, in call
    return await wrapped()
           ^^^^^^^^^^^^^^^
  File "C:\Users\Tim\AppData\Local\Programs\Python\Python313\Lib\site-packages\aiogram\dispatcher\dispatcher.py", line 276, in _listen_update
    return await self.propagate_event(update_type=update_type, event=event, **kwargs)
           ^^^^^^^^^^^^^^^^^^^^^^^^^^^^^^^^^^^^^^^^^^^^^^^^^^^^^^^^^^^^^^^^^^^^^^^^^^
  File "C:\Users\Tim\AppData\Local\Programs\Python\Python313\Lib\site-packages\aiogram\dispatcher\router.py", line 146, in propagate_event
    return await observer.wrap_outer_middleware(_wrapped, event=event, data=kwargs)
           ^^^^^^^^^^^^^^^^^^^^^^^^^^^^^^^^^^^^^^^^^^^^^^^^^^^^^^^^^^^^^^^^^^^^^^^^
  File "C:\Users\Tim\AppData\Local\Programs\Python\Python313\Lib\site-packages\aiogram\dispatcher\router.py", line 141, in _wrapped
    return await self._propagate_event(
           ^^^^^^^^^^^^^^^^^^^^^^^^^^^^
        observer=observer, update_type=update_type, event=telegram_event, **data
        ^^^^^^^^^^^^^^^^^^^^^^^^^^^^^^^^^^^^^^^^^^^^^^^^^^^^^^^^^^^^^^^^^^^^^^^^
    )
    ^
  File "C:\Users\Tim\AppData\Local\Programs\Python\Python313\Lib\site-packages\aiogram\dispatcher\router.py", line 174, in _propagate_event
    response = await router.propagate_event(update_type=update_type, event=event, **kwargs)
               ^^^^^^^^^^^^^^^^^^^^^^^^^^^^^^^^^^^^^^^^^^^^^^^^^^^^^^^^^^^^^^^^^^^^^^^^^^^^
  File "C:\Users\Tim\AppData\Local\Programs\Python\Python313\Lib\site-packages\aiogram\dispatcher\router.py", line 146, in propagate_event
    return await observer.wrap_outer_middleware(_wrapped, event=event, data=kwargs)
           ^^^^^^^^^^^^^^^^^^^^^^^^^^^^^^^^^^^^^^^^^^^^^^^^^^^^^^^^^^^^^^^^^^^^^^^^
  File "C:\Users\Tim\AppData\Local\Programs\Python\Python313\Lib\site-packages\aiogram\dispatcher\router.py", line 141, in _wrapped
    return await self._propagate_event(
           ^^^^^^^^^^^^^^^^^^^^^^^^^^^^
        observer=observer, update_type=update_type, event=telegram_event, **data
        ^^^^^^^^^^^^^^^^^^^^^^^^^^^^^^^^^^^^^^^^^^^^^^^^^^^^^^^^^^^^^^^^^^^^^^^^
    )
    ^
  File "C:\Users\Tim\AppData\Local\Programs\Python\Python313\Lib\site-packages\aiogram\dispatcher\router.py", line 166, in _propagate_event
    response = await observer.trigger(event, **kwargs)
               ^^^^^^^^^^^^^^^^^^^^^^^^^^^^^^^^^^^^^^^
  File "C:\Users\Tim\AppData\Local\Programs\Python\Python313\Lib\site-packages\aiogram\dispatcher\event\telegram.py", line 121, in trigger
    return await wrapped_inner(event, kwargs)
           ^^^^^^^^^^^^^^^^^^^^^^^^^^^^^^^^^^
  File "C:\Users\Tim\AppData\Local\Programs\Python\Python313\Lib\site-packages\aiogram\dispatcher\event\handler.py", line 43, in call
    return await wrapped()
           ^^^^^^^^^^^^^^^
  File "C:\Users\Tim\Desktop\code-magnetism\handlers.py", line 577, in registration_receive_name
    await execute("UPDATE users SET name=$2, updated_at=NOW() WHERE tg_user_id=$1", message.from_user.id, name)
  File "C:\Users\Tim\Desktop\code-magnetism\db.py", line 242, in execute
    return await conn.execute(query, *args)
           ^^^^^^^^^^^^^^^^^^^^^^^^^^^^^^^^
  File "C:\Users\Tim\AppData\Local\Programs\Python\Python313\Lib\site-packages\asyncpg\connection.py", line 352, in execute
    _, status, _ = await self._execute(
                   ^^^^^^^^^^^^^^^^^^^^
    ...<5 lines>...
    )
    ^
  File "C:\Users\Tim\AppData\Local\Programs\Python\Python313\Lib\site-packages\asyncpg\connection.py", line 1864, in _execute
    result, _ = await self.__execute(
                ^^^^^^^^^^^^^^^^^^^^^
    ...<7 lines>...
    )
    ^
  File "C:\Users\Tim\AppData\Local\Programs\Python\Python313\Lib\site-packages\asyncpg\connection.py", line 1961, in __execute
    result, stmt = await self._do_execute(
                   ^^^^^^^^^^^^^^^^^^^^^^^
    ...<5 lines>...
    )
    ^
  File "C:\Users\Tim\AppData\Local\Programs\Python\Python313\Lib\site-packages\asyncpg\connection.py", line 2012, in _do_execute
    stmt = await self._get_statement(
           ^^^^^^^^^^^^^^^^^^^^^^^^^^
    ...<4 lines>...
    )
    ^
  File "C:\Users\Tim\AppData\Local\Programs\Python\Python313\Lib\site-packages\asyncpg\connection.py", line 432, in _get_statement
    statement = await self._protocol.prepare(
                ^^^^^^^^^^^^^^^^^^^^^^^^^^^^^
    ...<5 lines>...
    )
    ^
  File "asyncpg\\protocol\\protocol.pyx", line 165, in prepare
asyncpg.exceptions.UndefinedColumnError: столбец "name" в таблице "users" не существует
2025-09-09 23:25:23,240 | INFO | code-magnetism | Notification sent to admin 815370781
2025-09-09 23:25:23,490 | INFO | code-magnetism | Notification sent to admin 1648917869
2025-09-09 23:25:23,492 | INFO | uvicorn.access | 91.108.5.52:0 - "POST /telegram/webhook?secret=change_me HTTP/1.1" 200
2025-09-09 23:37:48,028 | INFO | uvicorn.error | Shutting down
2025-09-09 23:37:48,143 | INFO | uvicorn.error | Waiting for application shutdown.
2025-09-09 23:37:48,145 | INFO | code-magnetism | Shutdown: останавливаем планировщик/закрываем БД...
2025-09-09 23:37:48,146 | INFO | scheduler | APScheduler shut down
2025-09-09 23:37:48,147 | INFO | code-magnetism | Scheduler stopped successfully
2025-09-09 23:37:48,149 | INFO | apscheduler.scheduler | Scheduler has been shut down
2025-09-09 23:37:48,152 | INFO | db | PostgreSQL pool closed
2025-09-09 23:37:48,152 | INFO | code-magnetism | Database closed successfully
2025-09-09 23:37:48,153 | INFO | code-magnetism | Shutdown завершён.
2025-09-09 23:37:48,154 | INFO | uvicorn.error | Application shutdown complete.
2025-09-09 23:37:48,155 | INFO | uvicorn.error | Finished server process [11208]
2025-09-09 23:38:08,988 | INFO | code-magnetism | Routers attached: ['main-router']
2025-09-09 23:38:09,328 | INFO | uvicorn.error | Started server process [4896]
2025-09-09 23:38:09,329 | INFO | uvicorn.error | Waiting for application startup.
2025-09-09 23:38:09,334 | INFO | code-magnetism | Startup: инициализация БД/планировщика/вебхука...
2025-09-09 23:38:09,336 | INFO | db | Connecting PostgreSQL: postgresql://magnet:***@localhost:5432/magnetism
2025-09-09 23:38:09,784 | INFO | db | PostgreSQL pool created
2025-09-09 23:38:09,785 | INFO | db | Applying schema from: C:\Users\Tim\Desktop\code-magnetism\schema.sql
2025-09-09 23:38:11,177 | ERROR | db | Schema statement failed (chunk #26):
CREATE INDEX IF NOT EXISTS idx_admin_log_action ON admin_log(action)
2025-09-09 23:38:11,180 | ERROR | code-magnetism | Failed to initialize database: столбец "action" не существует
2025-09-09 23:38:11,924 | INFO | code-magnetism | Notification sent to admin 815370781
2025-09-09 23:38:12,187 | INFO | code-magnetism | Notification sent to admin 1648917869
2025-09-09 23:38:12,261 | ERROR | uvicorn.error | Traceback (most recent call last):
  File "C:\Users\Tim\AppData\Local\Programs\Python\Python313\Lib\site-packages\starlette\routing.py", line 694, in lifespan
    async with self.lifespan_context(app) as maybe_state:
               ~~~~~~~~~~~~~~~~~~~~~^^^^^
  File "C:\Users\Tim\AppData\Local\Programs\Python\Python313\Lib\contextlib.py", line 214, in __aenter__
    return await anext(self.gen)
           ^^^^^^^^^^^^^^^^^^^^^
  File "C:\Users\Tim\Desktop\code-magnetism\app.py", line 218, in lifespan
    await init_db(DB_DSN)
  File "C:\Users\Tim\Desktop\code-magnetism\db.py", line 167, in init_db
    await _run_schema(schema_file)
  File "C:\Users\Tim\Desktop\code-magnetism\db.py", line 206, in _run_schema
    await conn.execute(final_stmt)
  File "C:\Users\Tim\AppData\Local\Programs\Python\Python313\Lib\site-packages\asyncpg\connection.py", line 349, in execute
    result = await self._protocol.query(query, timeout)
             ^^^^^^^^^^^^^^^^^^^^^^^^^^^^^^^^^^^^^^^^^^
  File "asyncpg\\protocol\\protocol.pyx", line 375, in query
asyncpg.exceptions.UndefinedColumnError: столбец "action" не существует

2025-09-09 23:38:12,285 | ERROR | uvicorn.error | Application startup failed. Exiting.
2025-09-09 23:39:26,078 | INFO | code-magnetism | Routers attached: ['main-router']
2025-09-09 23:39:26,439 | INFO | uvicorn.error | Started server process [6188]
2025-09-09 23:39:26,440 | INFO | uvicorn.error | Waiting for application startup.
2025-09-09 23:39:26,449 | INFO | code-magnetism | Startup: инициализация БД/планировщика/вебхука...
2025-09-09 23:39:26,450 | INFO | db | Connecting PostgreSQL: postgresql://magnet:***@localhost:5432/magnetism
2025-09-09 23:39:26,907 | INFO | db | PostgreSQL pool created
2025-09-09 23:39:26,908 | INFO | db | Applying schema from: C:\Users\Tim\Desktop\code-magnetism\schema.sql
2025-09-09 23:39:26,969 | ERROR | db | Schema statement failed (chunk #26):
CREATE INDEX IF NOT EXISTS idx_admin_log_action ON admin_log(action)
2025-09-09 23:39:26,972 | ERROR | code-magnetism | Failed to initialize database: столбец "action" не существует
2025-09-09 23:39:27,699 | INFO | code-magnetism | Notification sent to admin 815370781
2025-09-09 23:39:27,940 | INFO | code-magnetism | Notification sent to admin 1648917869
2025-09-09 23:39:27,956 | ERROR | uvicorn.error | Traceback (most recent call last):
  File "C:\Users\Tim\AppData\Local\Programs\Python\Python313\Lib\site-packages\starlette\routing.py", line 694, in lifespan
    async with self.lifespan_context(app) as maybe_state:
               ~~~~~~~~~~~~~~~~~~~~~^^^^^
  File "C:\Users\Tim\AppData\Local\Programs\Python\Python313\Lib\contextlib.py", line 214, in __aenter__
    return await anext(self.gen)
           ^^^^^^^^^^^^^^^^^^^^^
  File "C:\Users\Tim\Desktop\code-magnetism\app.py", line 218, in lifespan
    await init_db(DB_DSN)
  File "C:\Users\Tim\Desktop\code-magnetism\db.py", line 167, in init_db
    await _run_schema(schema_file)
  File "C:\Users\Tim\Desktop\code-magnetism\db.py", line 206, in _run_schema
    await conn.execute(final_stmt)
  File "C:\Users\Tim\AppData\Local\Programs\Python\Python313\Lib\site-packages\asyncpg\connection.py", line 349, in execute
    result = await self._protocol.query(query, timeout)
             ^^^^^^^^^^^^^^^^^^^^^^^^^^^^^^^^^^^^^^^^^^
  File "asyncpg\\protocol\\protocol.pyx", line 375, in query
asyncpg.exceptions.UndefinedColumnError: столбец "action" не существует

2025-09-09 23:39:27,988 | ERROR | uvicorn.error | Application startup failed. Exiting.
2025-09-09 23:44:26,499 | INFO | code-magnetism | Routers attached: ['main-router']
2025-09-09 23:44:26,833 | INFO | uvicorn.error | Started server process [6224]
2025-09-09 23:44:26,834 | INFO | uvicorn.error | Waiting for application startup.
2025-09-09 23:44:26,835 | INFO | code-magnetism | Startup: инициализация БД/планировщика/вебхука...
2025-09-09 23:44:26,836 | INFO | db | Connecting PostgreSQL: postgresql://magnet:***@localhost:5432/magnetism
2025-09-09 23:44:27,305 | INFO | db | PostgreSQL pool created
2025-09-09 23:44:27,306 | INFO | db | Applying schema from: C:\Users\Tim\Desktop\code-magnetism\schema.sql
2025-09-09 23:44:27,573 | INFO | db | Schema applied successfully.
2025-09-09 23:44:27,574 | INFO | db | Schema applied from C:\Users\Tim\Desktop\code-magnetism\schema.sql
2025-09-09 23:44:27,576 | INFO | code-magnetism | Database initialized successfully
2025-09-09 23:44:27,604 | INFO | apscheduler.scheduler | Adding job tentatively -- it will be properly scheduled when the scheduler starts
2025-09-09 23:44:27,607 | INFO | apscheduler.scheduler | Adding job tentatively -- it will be properly scheduled when the scheduler starts
2025-09-09 23:44:27,614 | INFO | apscheduler.scheduler | Adding job tentatively -- it will be properly scheduled when the scheduler starts
2025-09-09 23:44:27,618 | INFO | apscheduler.scheduler | Added job "job_daily_lessons" to job store "default"
2025-09-09 23:44:27,620 | INFO | apscheduler.scheduler | Added job "job_soft_reminders" to job store "default"
2025-09-09 23:44:27,622 | INFO | apscheduler.scheduler | Added job "job_access_expiry_reminders" to job store "default"
2025-09-09 23:44:27,626 | INFO | apscheduler.scheduler | Scheduler started
2025-09-09 23:44:27,628 | INFO | scheduler | APScheduler started with timezone=Europe/Moscow; lessons at 10:00
2025-09-09 23:44:27,629 | INFO | code-magnetism | Scheduler initialized successfully
2025-09-09 23:44:27,631 | INFO | code-magnetism | Setting Telegram webhook to: https://f8ddf30705a7.ngrok-free.app/telegram/webhook?secret=change_me
2025-09-09 23:44:28,290 | INFO | code-magnetism | Old webhook deleted
2025-09-09 23:44:28,525 | INFO | code-magnetism | Telegram webhook установлен: https://f8ddf30705a7.ngrok-free.app/telegram/webhook?secret=change_me
2025-09-09 23:44:28,527 | INFO | code-magnetism | Startup завершён.
2025-09-09 23:44:28,535 | INFO | uvicorn.error | Application startup complete.
2025-09-09 23:44:28,540 | INFO | uvicorn.error | Uvicorn running on http://0.0.0.0:8000 (Press CTRL+C to quit)
2025-09-09 23:44:35,695 | INFO | code-magnetism | Incoming update 49515220
2025-09-09 23:44:35,697 | INFO | code-magnetism | Message from 815370781 (@goldfinger_uk): /start
2025-09-09 23:44:36,697 | INFO | aiogram.event | Update id=49515220 is handled. Duration 992 ms by bot id=8095548345
2025-09-09 23:44:36,698 | INFO | code-magnetism | Update 49515220 processed successfully
2025-09-09 23:44:36,705 | INFO | uvicorn.access | 91.108.5.52:0 - "POST /telegram/webhook?secret=change_me HTTP/1.1" 200
2025-09-09 23:44:43,347 | INFO | code-magnetism | Incoming update 49515221
2025-09-09 23:44:43,348 | INFO | code-magnetism | Callback from 815370781 (@goldfinger_uk): menu:register
2025-09-09 23:44:43,848 | INFO | aiogram.event | Update id=49515221 is handled. Duration 493 ms by bot id=8095548345
2025-09-09 23:44:43,849 | INFO | code-magnetism | Update 49515221 processed successfully
2025-09-09 23:44:43,856 | INFO | uvicorn.access | 91.108.5.52:0 - "POST /telegram/webhook?secret=change_me HTTP/1.1" 200
2025-09-09 23:44:47,962 | INFO | code-magnetism | Incoming update 49515222
2025-09-09 23:44:47,973 | INFO | code-magnetism | Message from 815370781 (@goldfinger_uk): Tim
2025-09-09 23:44:48,219 | INFO | aiogram.event | Update id=49515222 is handled. Duration 237 ms by bot id=8095548345
2025-09-09 23:44:48,220 | INFO | code-magnetism | Update 49515222 processed successfully
2025-09-09 23:44:48,228 | INFO | uvicorn.access | 91.108.5.52:0 - "POST /telegram/webhook?secret=change_me HTTP/1.1" 200
2025-09-09 23:45:03,712 | INFO | code-magnetism | Incoming update 49515223
2025-09-09 23:45:03,713 | INFO | code-magnetism | Message from 815370781 (@goldfinger_uk): Balabanov@@:
2025-09-09 23:45:04,374 | INFO | aiogram.event | Update id=49515223 is handled. Duration 656 ms by bot id=8095548345
2025-09-09 23:45:04,380 | INFO | code-magnetism | Update 49515223 processed successfully
2025-09-09 23:45:04,385 | INFO | uvicorn.access | 91.108.5.52:0 - "POST /telegram/webhook?secret=change_me HTTP/1.1" 200
2025-09-09 23:45:18,912 | INFO | code-magnetism | Incoming update 49515224
2025-09-09 23:45:18,913 | INFO | code-magnetism | Message from 815370781 (@goldfinger_uk): balabanov.a@yahoo.com
2025-09-09 23:45:19,183 | INFO | aiogram.event | Update id=49515224 is handled. Duration 267 ms by bot id=8095548345
2025-09-09 23:45:19,184 | INFO | code-magnetism | Update 49515224 processed successfully
2025-09-09 23:45:19,189 | INFO | uvicorn.access | 91.108.5.52:0 - "POST /telegram/webhook?secret=change_me HTTP/1.1" 200
2025-09-09 23:45:26,957 | INFO | code-magnetism | Incoming update 49515225
2025-09-09 23:45:26,957 | INFO | code-magnetism | Message from 815370781 (@goldfinger_uk): 13996532915
2025-09-09 23:45:27,219 | INFO | aiogram.event | Update id=49515225 is handled. Duration 256 ms by bot id=8095548345
2025-09-09 23:45:27,221 | INFO | code-magnetism | Update 49515225 processed successfully
2025-09-09 23:45:27,227 | INFO | uvicorn.access | 91.108.5.52:0 - "POST /telegram/webhook?secret=change_me HTTP/1.1" 200
2025-09-09 23:45:37,851 | INFO | code-magnetism | Incoming update 49515226
2025-09-09 23:45:37,852 | INFO | code-magnetism | Callback from 815370781 (@goldfinger_uk): menu:funnel
2025-09-09 23:45:38,453 | INFO | aiogram.event | Update id=49515226 is handled. Duration 594 ms by bot id=8095548345
2025-09-09 23:45:38,454 | INFO | code-magnetism | Update 49515226 processed successfully
2025-09-09 23:45:38,465 | INFO | uvicorn.access | 91.108.5.52:0 - "POST /telegram/webhook?secret=change_me HTTP/1.1" 200
2025-09-09 23:45:44,146 | INFO | code-magnetism | Incoming update 49515227
2025-09-09 23:45:44,146 | INFO | code-magnetism | Callback from 815370781 (@goldfinger_uk): menu:admin
2025-09-09 23:45:44,635 | INFO | aiogram.event | Update id=49515227 is handled. Duration 483 ms by bot id=8095548345
2025-09-09 23:45:44,637 | INFO | code-magnetism | Update 49515227 processed successfully
2025-09-09 23:45:44,644 | INFO | uvicorn.access | 91.108.5.52:0 - "POST /telegram/webhook?secret=change_me HTTP/1.1" 200
2025-09-09 23:45:46,888 | INFO | code-magnetism | Incoming update 49515228
2025-09-09 23:45:46,889 | INFO | code-magnetism | Callback from 815370781 (@goldfinger_uk): admin:users
2025-09-09 23:45:47,381 | INFO | aiogram.event | Update id=49515228 is handled. Duration 482 ms by bot id=8095548345
2025-09-09 23:45:47,383 | INFO | code-magnetism | Update 49515228 processed successfully
2025-09-09 23:45:47,390 | INFO | uvicorn.access | 91.108.5.52:0 - "POST /telegram/webhook?secret=change_me HTTP/1.1" 200
2025-09-09 23:46:01,063 | INFO | code-magnetism | Incoming update 49515229
2025-09-09 23:46:01,064 | INFO | code-magnetism | Message from 815370781 (@goldfinger_uk): /admin
2025-09-09 23:46:01,311 | INFO | aiogram.event | Update id=49515229 is handled. Duration 241 ms by bot id=8095548345
2025-09-09 23:46:01,312 | INFO | code-magnetism | Update 49515229 processed successfully
2025-09-09 23:46:01,320 | INFO | uvicorn.access | 91.108.5.52:0 - "POST /telegram/webhook?secret=change_me HTTP/1.1" 200
2025-09-09 23:46:08,311 | INFO | code-magnetism | Incoming update 49515230
2025-09-09 23:46:08,312 | INFO | code-magnetism | Message from 815370781 (@goldfinger_uk): /admin
2025-09-09 23:46:08,556 | INFO | aiogram.event | Update id=49515230 is handled. Duration 239 ms by bot id=8095548345
2025-09-09 23:46:08,557 | INFO | code-magnetism | Update 49515230 processed successfully
2025-09-09 23:46:08,565 | INFO | uvicorn.access | 91.108.5.52:0 - "POST /telegram/webhook?secret=change_me HTTP/1.1" 200
2025-09-09 23:46:20,744 | INFO | code-magnetism | Incoming update 49515231
2025-09-09 23:46:20,744 | INFO | code-magnetism | Callback from 815370781 (@goldfinger_uk): admin:content
2025-09-09 23:46:21,220 | INFO | aiogram.event | Update id=49515231 is handled. Duration 469 ms by bot id=8095548345
2025-09-09 23:46:21,222 | INFO | code-magnetism | Update 49515231 processed successfully
2025-09-09 23:46:21,228 | INFO | uvicorn.access | 91.108.5.52:0 - "POST /telegram/webhook?secret=change_me HTTP/1.1" 200
2025-09-09 23:46:27,133 | INFO | code-magnetism | Incoming update 49515232
2025-09-09 23:46:27,134 | INFO | code-magnetism | Message from 815370781 (@goldfinger_uk): /content_keys
2025-09-09 23:46:27,416 | INFO | aiogram.event | Update id=49515232 is handled. Duration 248 ms by bot id=8095548345
2025-09-09 23:46:27,417 | INFO | code-magnetism | Update 49515232 processed successfully
2025-09-09 23:46:27,425 | INFO | uvicorn.access | 91.108.5.52:0 - "POST /telegram/webhook?secret=change_me HTTP/1.1" 200
2025-09-09 23:46:37,154 | INFO | code-magnetism | Incoming update 49515233
2025-09-09 23:46:37,155 | INFO | code-magnetism | Message from 815370781 (@goldfinger_uk): /content_get
2025-09-09 23:46:37,392 | INFO | aiogram.event | Update id=49515233 is handled. Duration 232 ms by bot id=8095548345
2025-09-09 23:46:37,393 | INFO | code-magnetism | Update 49515233 processed successfully
2025-09-09 23:46:37,398 | INFO | uvicorn.access | 91.108.5.52:0 - "POST /telegram/webhook?secret=change_me HTTP/1.1" 200
2025-09-09 23:46:44,417 | INFO | code-magnetism | Incoming update 49515234
2025-09-09 23:46:44,418 | INFO | code-magnetism | Message from 815370781 (@goldfinger_uk): Norm
2025-09-09 23:46:44,677 | INFO | aiogram.event | Update id=49515234 is handled. Duration 254 ms by bot id=8095548345
2025-09-09 23:46:44,679 | INFO | code-magnetism | Update 49515234 processed successfully
2025-09-09 23:46:44,687 | INFO | uvicorn.access | 91.108.5.52:0 - "POST /telegram/webhook?secret=change_me HTTP/1.1" 200
2025-09-09 23:46:47,006 | INFO | code-magnetism | Incoming update 49515235
2025-09-09 23:46:47,008 | INFO | code-magnetism | Message from 815370781 (@goldfinger_uk): /start
2025-09-09 23:46:48,166 | INFO | aiogram.event | Update id=49515235 is handled. Duration 1148 ms by bot id=8095548345
2025-09-09 23:46:48,167 | INFO | code-magnetism | Update 49515235 processed successfully
2025-09-09 23:46:48,177 | INFO | uvicorn.access | 91.108.5.52:0 - "POST /telegram/webhook?secret=change_me HTTP/1.1" 200
2025-09-09 23:46:53,674 | INFO | code-magnetism | Incoming update 49515236
2025-09-09 23:46:53,682 | INFO | code-magnetism | Callback from 815370781 (@goldfinger_uk): menu:register
2025-09-09 23:46:53,980 | INFO | aiogram.event | Update id=49515236 is handled. Duration 294 ms by bot id=8095548345
2025-09-09 23:46:53,980 | INFO | code-magnetism | Update 49515236 processed successfully
2025-09-09 23:46:53,985 | INFO | uvicorn.access | 91.108.5.52:0 - "POST /telegram/webhook?secret=change_me HTTP/1.1" 200
2025-09-09 23:46:56,579 | INFO | code-magnetism | Incoming update 49515237
2025-09-09 23:46:56,581 | INFO | code-magnetism | Callback from 815370781 (@goldfinger_uk): menu:profile
2025-09-09 23:46:57,102 | INFO | aiogram.event | Update id=49515237 is handled. Duration 508 ms by bot id=8095548345
2025-09-09 23:46:57,103 | INFO | code-magnetism | Update 49515237 processed successfully
2025-09-09 23:46:57,109 | INFO | uvicorn.access | 91.108.5.52:0 - "POST /telegram/webhook?secret=change_me HTTP/1.1" 200
2025-09-09 23:47:00,944 | INFO | code-magnetism | Incoming update 49515238
2025-09-09 23:47:00,945 | INFO | code-magnetism | Callback from 815370781 (@goldfinger_uk): menu:main
2025-09-09 23:47:01,499 | INFO | aiogram.event | Update id=49515238 is handled. Duration 547 ms by bot id=8095548345
2025-09-09 23:47:01,500 | INFO | code-magnetism | Update 49515238 processed successfully
2025-09-09 23:47:01,504 | INFO | uvicorn.access | 91.108.5.52:0 - "POST /telegram/webhook?secret=change_me HTTP/1.1" 200
2025-09-09 23:47:03,476 | INFO | code-magnetism | Incoming update 49515239
2025-09-09 23:47:03,478 | INFO | code-magnetism | Callback from 815370781 (@goldfinger_uk): menu:about
2025-09-09 23:47:04,042 | INFO | aiogram.event | Update id=49515239 is handled. Duration 552 ms by bot id=8095548345
2025-09-09 23:47:04,043 | INFO | code-magnetism | Update 49515239 processed successfully
2025-09-09 23:47:04,051 | INFO | uvicorn.access | 91.108.5.52:0 - "POST /telegram/webhook?secret=change_me HTTP/1.1" 200
2025-09-09 23:47:09,692 | INFO | code-magnetism | Incoming update 49515240
2025-09-09 23:47:09,693 | INFO | code-magnetism | Callback from 815370781 (@goldfinger_uk): menu:progress
2025-09-09 23:47:10,204 | INFO | aiogram.event | Update id=49515240 is handled. Duration 503 ms by bot id=8095548345
2025-09-09 23:47:10,205 | INFO | code-magnetism | Update 49515240 processed successfully
2025-09-09 23:47:10,212 | INFO | uvicorn.access | 91.108.5.52:0 - "POST /telegram/webhook?secret=change_me HTTP/1.1" 200
2025-09-09 23:47:17,955 | INFO | code-magnetism | Incoming update 49515241
2025-09-09 23:47:17,956 | INFO | code-magnetism | Callback from 815370781 (@goldfinger_uk): menu:about
2025-09-09 23:47:18,486 | INFO | aiogram.event | Update id=49515241 is handled. Duration 523 ms by bot id=8095548345
2025-09-09 23:47:18,488 | INFO | code-magnetism | Update 49515241 processed successfully
2025-09-09 23:47:18,495 | INFO | uvicorn.access | 91.108.5.52:0 - "POST /telegram/webhook?secret=change_me HTTP/1.1" 200
2025-09-09 23:47:23,102 | INFO | code-magnetism | Incoming update 49515242
2025-09-09 23:47:23,105 | INFO | code-magnetism | Message from 815370781 (@goldfinger_uk): /start
2025-09-09 23:47:23,549 | INFO | aiogram.event | Update id=49515242 is handled. Duration 436 ms by bot id=8095548345
2025-09-09 23:47:23,551 | INFO | code-magnetism | Update 49515242 processed successfully
2025-09-09 23:47:23,559 | INFO | uvicorn.access | 91.108.5.52:0 - "POST /telegram/webhook?secret=change_me HTTP/1.1" 200
2025-09-09 23:47:26,801 | INFO | code-magnetism | Incoming update 49515243
2025-09-09 23:47:26,804 | INFO | code-magnetism | Callback from 815370781 (@goldfinger_uk): menu:register
2025-09-09 23:47:27,069 | INFO | aiogram.event | Update id=49515243 is handled. Duration 254 ms by bot id=8095548345
2025-09-09 23:47:27,071 | INFO | code-magnetism | Update 49515243 processed successfully
2025-09-09 23:47:27,078 | INFO | uvicorn.access | 91.108.5.52:0 - "POST /telegram/webhook?secret=change_me HTTP/1.1" 200
2025-09-09 23:48:59,817 | INFO | code-magnetism | Incoming update 49515244
2025-09-09 23:48:59,818 | INFO | code-magnetism | Callback from 815370781 (@goldfinger_uk): menu:faq
2025-09-09 23:49:00,696 | INFO | aiogram.event | Update id=49515244 is handled. Duration 870 ms by bot id=8095548345
2025-09-09 23:49:00,697 | INFO | code-magnetism | Update 49515244 processed successfully
2025-09-09 23:49:00,703 | INFO | uvicorn.access | 91.108.5.52:0 - "POST /telegram/webhook?secret=change_me HTTP/1.1" 200
2025-09-09 23:49:32,601 | INFO | code-magnetism | Incoming update 49515245
2025-09-09 23:49:32,602 | INFO | code-magnetism | Callback from 815370781 (@goldfinger_uk): menu:about
2025-09-09 23:49:33,714 | INFO | aiogram.event | Update id=49515245 is handled. Duration 1106 ms by bot id=8095548345
2025-09-09 23:49:33,720 | INFO | code-magnetism | Update 49515245 processed successfully
2025-09-09 23:49:33,734 | INFO | uvicorn.access | 91.108.5.52:0 - "POST /telegram/webhook?secret=change_me HTTP/1.1" 200
2025-09-09 23:49:34,027 | INFO | code-magnetism | Incoming update 49515246
2025-09-09 23:49:34,028 | INFO | code-magnetism | Callback from 815370781 (@goldfinger_uk): menu:profile
2025-09-09 23:49:34,652 | INFO | aiogram.event | Update id=49515246 is handled. Duration 618 ms by bot id=8095548345
2025-09-09 23:49:34,653 | INFO | code-magnetism | Update 49515246 processed successfully
2025-09-09 23:49:34,657 | INFO | uvicorn.access | 91.108.5.52:0 - "POST /telegram/webhook?secret=change_me HTTP/1.1" 200
2025-09-09 23:49:37,175 | INFO | code-magnetism | Incoming update 49515247
2025-09-09 23:49:37,176 | INFO | code-magnetism | Callback from 815370781 (@goldfinger_uk): menu:main
2025-09-09 23:49:37,723 | INFO | aiogram.event | Update id=49515247 is handled. Duration 541 ms by bot id=8095548345
2025-09-09 23:49:37,724 | INFO | code-magnetism | Update 49515247 processed successfully
2025-09-09 23:49:37,732 | INFO | uvicorn.access | 91.108.5.52:0 - "POST /telegram/webhook?secret=change_me HTTP/1.1" 200
2025-09-09 23:49:50,782 | INFO | code-magnetism | Incoming update 49515248
2025-09-09 23:49:50,783 | INFO | code-magnetism | Callback from 815370781 (@goldfinger_uk): menu:support
2025-09-09 23:49:51,436 | INFO | aiogram.event | Update id=49515248 is handled. Duration 647 ms by bot id=8095548345
2025-09-09 23:49:51,437 | INFO | code-magnetism | Update 49515248 processed successfully
2025-09-09 23:49:51,442 | INFO | uvicorn.access | 91.108.5.52:0 - "POST /telegram/webhook?secret=change_me HTTP/1.1" 200
2025-09-09 23:49:54,925 | INFO | code-magnetism | Incoming update 49515249
2025-09-09 23:49:54,926 | INFO | code-magnetism | Callback from 815370781 (@goldfinger_uk): menu:faq
2025-09-09 23:49:55,462 | INFO | aiogram.event | Update id=49515249 is handled. Duration 529 ms by bot id=8095548345
2025-09-09 23:49:55,463 | INFO | code-magnetism | Update 49515249 processed successfully
2025-09-09 23:49:55,468 | INFO | uvicorn.access | 91.108.5.52:0 - "POST /telegram/webhook?secret=change_me HTTP/1.1" 200
2025-09-09 23:50:11,217 | INFO | code-magnetism | Incoming update 49515250
2025-09-09 23:50:11,218 | INFO | code-magnetism | Callback from 815370781 (@goldfinger_uk): menu:profile
2025-09-09 23:50:12,109 | INFO | aiogram.event | Update id=49515250 is handled. Duration 884 ms by bot id=8095548345
2025-09-09 23:50:12,109 | INFO | code-magnetism | Update 49515250 processed successfully
2025-09-09 23:50:12,114 | INFO | uvicorn.access | 91.108.5.52:0 - "POST /telegram/webhook?secret=change_me HTTP/1.1" 200
2025-09-09 23:50:13,079 | INFO | code-magnetism | Incoming update 49515251
2025-09-09 23:50:13,086 | INFO | code-magnetism | Callback from 815370781 (@goldfinger_uk): menu:main
2025-09-09 23:50:13,557 | INFO | aiogram.event | Update id=49515251 is handled. Duration 466 ms by bot id=8095548345
2025-09-09 23:50:13,557 | INFO | code-magnetism | Update 49515251 processed successfully
2025-09-09 23:50:13,562 | INFO | uvicorn.access | 91.108.5.52:0 - "POST /telegram/webhook?secret=change_me HTTP/1.1" 200
2025-09-09 23:50:14,519 | INFO | code-magnetism | Incoming update 49515252
2025-09-09 23:50:14,519 | INFO | code-magnetism | Callback from 815370781 (@goldfinger_uk): menu:admin
2025-09-09 23:50:14,996 | INFO | aiogram.event | Update id=49515252 is handled. Duration 471 ms by bot id=8095548345
2025-09-09 23:50:14,997 | INFO | code-magnetism | Update 49515252 processed successfully
2025-09-09 23:50:15,002 | INFO | uvicorn.access | 91.108.5.52:0 - "POST /telegram/webhook?secret=change_me HTTP/1.1" 200
2025-09-09 23:50:18,738 | INFO | code-magnetism | Incoming update 49515253
2025-09-09 23:50:18,739 | INFO | code-magnetism | Callback from 815370781 (@goldfinger_uk): admin:debug
2025-09-09 23:50:19,211 | INFO | aiogram.event | Update id=49515253 is handled. Duration 466 ms by bot id=8095548345
2025-09-09 23:50:19,212 | INFO | code-magnetism | Update 49515253 processed successfully
2025-09-09 23:50:19,217 | INFO | uvicorn.access | 91.108.5.52:0 - "POST /telegram/webhook?secret=change_me HTTP/1.1" 200
2025-09-09 23:50:25,345 | INFO | code-magnetism | Incoming update 49515254
2025-09-09 23:50:25,345 | INFO | code-magnetism | Callback from 815370781 (@goldfinger_uk): admin:broadcast
2025-09-09 23:50:25,815 | INFO | aiogram.event | Update id=49515254 is handled. Duration 464 ms by bot id=8095548345
2025-09-09 23:50:25,816 | INFO | code-magnetism | Update 49515254 processed successfully
2025-09-09 23:50:25,820 | INFO | uvicorn.access | 91.108.5.52:0 - "POST /telegram/webhook?secret=change_me HTTP/1.1" 200
2025-09-09 23:51:58,479 | INFO | code-magnetism | Incoming update 49515255
2025-09-09 23:51:58,480 | INFO | code-magnetism | Callback from 815370781 (@goldfinger_uk): menu:register
2025-09-09 23:51:59,342 | INFO | aiogram.event | Update id=49515255 is handled. Duration 856 ms by bot id=8095548345
2025-09-09 23:51:59,343 | INFO | code-magnetism | Update 49515255 processed successfully
2025-09-09 23:51:59,348 | INFO | uvicorn.access | 91.108.5.52:0 - "POST /telegram/webhook?secret=change_me HTTP/1.1" 200
2025-09-09 23:58:30,176 | INFO | uvicorn.error | Shutting down
2025-09-09 23:58:30,286 | INFO | uvicorn.error | Waiting for application shutdown.
2025-09-09 23:58:30,288 | INFO | code-magnetism | Shutdown: останавливаем планировщик/закрываем БД...
2025-09-09 23:58:30,295 | INFO | scheduler | APScheduler shut down
2025-09-09 23:58:30,297 | INFO | code-magnetism | Scheduler stopped successfully
2025-09-09 23:58:30,304 | INFO | apscheduler.scheduler | Scheduler has been shut down
2025-09-09 23:58:30,310 | INFO | db | PostgreSQL pool closed
2025-09-09 23:58:30,311 | INFO | code-magnetism | Database closed successfully
2025-09-09 23:58:30,313 | INFO | code-magnetism | Shutdown завершён.
2025-09-09 23:58:30,315 | INFO | uvicorn.error | Application shutdown complete.
2025-09-09 23:58:30,316 | INFO | uvicorn.error | Finished server process [6224]
2025-09-09 23:58:52,261 | INFO | code-magnetism | Routers attached: ['main-router']
2025-09-09 23:58:52,604 | INFO | uvicorn.error | Started server process [8716]
2025-09-09 23:58:52,605 | INFO | uvicorn.error | Waiting for application startup.
2025-09-09 23:58:52,610 | INFO | code-magnetism | Startup: инициализация БД/планировщика/вебхука...
2025-09-09 23:58:52,612 | INFO | db | Connecting PostgreSQL: postgresql://magnet:***@localhost:5432/magnetism
2025-09-09 23:58:53,072 | INFO | db | PostgreSQL pool created
2025-09-09 23:58:53,075 | INFO | db | Applying schema from: C:\Users\Tim\Desktop\code-magnetism\schema.sql
2025-09-09 23:58:53,191 | INFO | db | Schema applied successfully.
2025-09-09 23:58:53,192 | INFO | db | Schema applied from C:\Users\Tim\Desktop\code-magnetism\schema.sql
2025-09-09 23:58:53,196 | INFO | code-magnetism | Database initialized successfully
2025-09-09 23:58:53,214 | INFO | apscheduler.scheduler | Adding job tentatively -- it will be properly scheduled when the scheduler starts
2025-09-09 23:58:53,216 | INFO | apscheduler.scheduler | Adding job tentatively -- it will be properly scheduled when the scheduler starts
2025-09-09 23:58:53,219 | INFO | apscheduler.scheduler | Adding job tentatively -- it will be properly scheduled when the scheduler starts
2025-09-09 23:58:53,223 | INFO | apscheduler.scheduler | Added job "job_daily_lessons" to job store "default"
2025-09-09 23:58:53,224 | INFO | apscheduler.scheduler | Added job "job_soft_reminders" to job store "default"
2025-09-09 23:58:53,226 | INFO | apscheduler.scheduler | Added job "job_access_expiry_reminders" to job store "default"
2025-09-09 23:58:53,230 | INFO | apscheduler.scheduler | Scheduler started
2025-09-09 23:58:53,233 | INFO | scheduler | APScheduler started with timezone=Europe/Moscow; lessons at 10:00
2025-09-09 23:58:53,234 | INFO | code-magnetism | Scheduler initialized successfully
2025-09-09 23:58:53,236 | INFO | code-magnetism | Setting Telegram webhook to: https://f8ddf30705a7.ngrok-free.app/telegram/webhook?secret=change_me
2025-09-09 23:58:53,922 | INFO | code-magnetism | Old webhook deleted
2025-09-09 23:58:54,137 | INFO | code-magnetism | Telegram webhook установлен: https://f8ddf30705a7.ngrok-free.app/telegram/webhook?secret=change_me
2025-09-09 23:58:54,138 | INFO | code-magnetism | Startup завершён.
2025-09-09 23:58:54,145 | INFO | uvicorn.error | Application startup complete.
2025-09-09 23:58:54,153 | INFO | uvicorn.error | Uvicorn running on http://0.0.0.0:8000 (Press CTRL+C to quit)
2025-09-10 00:00:08,913 | INFO | code-magnetism | Incoming update 49515256
2025-09-10 00:00:08,914 | INFO | code-magnetism | Callback from 815370781 (@goldfinger_uk): menu:main
2025-09-10 00:00:10,054 | INFO | aiogram.event | Update id=49515256 is handled. Duration 1129 ms by bot id=8095548345
2025-09-10 00:00:10,055 | INFO | code-magnetism | Update 49515256 processed successfully
2025-09-10 00:00:10,062 | INFO | uvicorn.access | 91.108.5.52:0 - "POST /telegram/webhook?secret=change_me HTTP/1.1" 200
2025-09-10 00:00:14,085 | INFO | code-magnetism | Incoming update 49515257
2025-09-10 00:00:14,086 | INFO | code-magnetism | Callback from 815370781 (@goldfinger_uk): menu:pay
2025-09-10 00:00:14,737 | INFO | aiogram.event | Update id=49515257 is handled. Duration 639 ms by bot id=8095548345
2025-09-10 00:00:14,739 | INFO | code-magnetism | Update 49515257 processed successfully
2025-09-10 00:00:14,748 | INFO | uvicorn.access | 91.108.5.52:0 - "POST /telegram/webhook?secret=change_me HTTP/1.1" 200
2025-09-10 00:00:48,521 | INFO | code-magnetism | Incoming update 49515258
2025-09-10 00:00:48,522 | INFO | code-magnetism | Callback from 815370781 (@goldfinger_uk): menu:admin
2025-09-10 00:00:49,621 | INFO | aiogram.event | Update id=49515258 is handled. Duration 1092 ms by bot id=8095548345
2025-09-10 00:00:49,622 | INFO | code-magnetism | Update 49515258 processed successfully
2025-09-10 00:00:49,631 | INFO | uvicorn.access | 91.108.5.52:0 - "POST /telegram/webhook?secret=change_me HTTP/1.1" 200
2025-09-10 00:00:51,854 | INFO | code-magnetism | Incoming update 49515259
2025-09-10 00:00:51,855 | INFO | code-magnetism | Callback from 815370781 (@goldfinger_uk): menu:main
2025-09-10 00:00:52,370 | INFO | aiogram.event | Update id=49515259 is handled. Duration 504 ms by bot id=8095548345
2025-09-10 00:00:52,372 | INFO | code-magnetism | Update 49515259 processed successfully
2025-09-10 00:00:52,381 | INFO | uvicorn.access | 91.108.5.52:0 - "POST /telegram/webhook?secret=change_me HTTP/1.1" 200
2025-09-10 00:00:55,212 | INFO | code-magnetism | Incoming update 49515260
2025-09-10 00:00:55,213 | INFO | code-magnetism | Callback from 815370781 (@goldfinger_uk): menu:about
2025-09-10 00:00:55,700 | INFO | aiogram.event | Update id=49515260 is handled. Duration 477 ms by bot id=8095548345
2025-09-10 00:00:55,702 | INFO | code-magnetism | Update 49515260 processed successfully
2025-09-10 00:00:55,711 | INFO | uvicorn.access | 91.108.5.52:0 - "POST /telegram/webhook?secret=change_me HTTP/1.1" 200
2025-09-10 00:00:58,698 | INFO | code-magnetism | Incoming update 49515261
2025-09-10 00:00:58,709 | INFO | code-magnetism | Callback from 815370781 (@goldfinger_uk): menu:funnel
2025-09-10 00:00:59,227 | INFO | aiogram.event | Update id=49515261 is handled. Duration 509 ms by bot id=8095548345
2025-09-10 00:00:59,228 | INFO | code-magnetism | Update 49515261 processed successfully
2025-09-10 00:00:59,235 | INFO | uvicorn.access | 91.108.5.52:0 - "POST /telegram/webhook?secret=change_me HTTP/1.1" 200
2025-09-10 00:01:05,223 | INFO | code-magnetism | Incoming update 49515262
2025-09-10 00:01:05,224 | INFO | code-magnetism | Callback from 815370781 (@goldfinger_uk): menu:pay
2025-09-10 00:01:05,723 | INFO | aiogram.event | Update id=49515262 is handled. Duration 490 ms by bot id=8095548345
2025-09-10 00:01:05,731 | INFO | code-magnetism | Update 49515262 processed successfully
2025-09-10 00:01:05,738 | INFO | uvicorn.access | 91.108.5.52:0 - "POST /telegram/webhook?secret=change_me HTTP/1.1" 200
2025-09-10 00:01:08,910 | INFO | code-magnetism | Incoming update 49515263
2025-09-10 00:01:08,912 | INFO | code-magnetism | Callback from 815370781 (@goldfinger_uk): menu:progress
2025-09-10 00:01:09,409 | INFO | aiogram.event | Update id=49515263 is handled. Duration 486 ms by bot id=8095548345
2025-09-10 00:01:09,411 | INFO | code-magnetism | Update 49515263 processed successfully
2025-09-10 00:01:09,418 | INFO | uvicorn.access | 91.108.5.52:0 - "POST /telegram/webhook?secret=change_me HTTP/1.1" 200
2025-09-10 00:05:34,559 | INFO | code-magnetism | Incoming update 49515264
2025-09-10 00:05:34,560 | INFO | code-magnetism | Message from 815370781 (@goldfinger_uk): /start
2025-09-10 00:05:35,407 | INFO | aiogram.event | Update id=49515264 is handled. Duration 842 ms by bot id=8095548345
2025-09-10 00:05:35,410 | INFO | code-magnetism | Update 49515264 processed successfully
2025-09-10 00:05:35,414 | INFO | uvicorn.access | 91.108.5.52:0 - "POST /telegram/webhook?secret=change_me HTTP/1.1" 200
2025-09-10 00:05:39,198 | INFO | code-magnetism | Incoming update 49515265
2025-09-10 00:05:39,205 | INFO | code-magnetism | Message from 815370781 (@goldfinger_uk): /id
2025-09-10 00:05:39,630 | INFO | aiogram.event | Update id=49515265 is handled. Duration 402 ms by bot id=8095548345
2025-09-10 00:05:39,631 | INFO | code-magnetism | Update 49515265 processed successfully
2025-09-10 00:05:39,639 | INFO | uvicorn.access | 91.108.5.52:0 - "POST /telegram/webhook?secret=change_me HTTP/1.1" 200
2025-09-10 00:05:55,382 | INFO | code-magnetism | Incoming update 49515266
2025-09-10 00:05:55,382 | INFO | code-magnetism | Message from 815370781 (@goldfinger_uk): /profile
2025-09-10 00:05:56,177 | INFO | aiogram.event | Update id=49515266 is handled. Duration 789 ms by bot id=8095548345
2025-09-10 00:05:56,187 | INFO | code-magnetism | Update 49515266 processed successfully
2025-09-10 00:05:56,189 | INFO | uvicorn.access | 91.108.5.52:0 - "POST /telegram/webhook?secret=change_me HTTP/1.1" 200
2025-09-10 00:06:13,003 | INFO | code-magnetism | Incoming update 49515267
2025-09-10 00:06:13,005 | INFO | code-magnetism | Callback from 815370781 (@goldfinger_uk): menu:main
2025-09-10 00:06:13,910 | INFO | aiogram.event | Update id=49515267 is handled. Duration 899 ms by bot id=8095548345
2025-09-10 00:06:13,911 | INFO | code-magnetism | Update 49515267 processed successfully
2025-09-10 00:06:13,918 | INFO | uvicorn.access | 91.108.5.52:0 - "POST /telegram/webhook?secret=change_me HTTP/1.1" 200
2025-09-10 00:06:15,828 | INFO | code-magnetism | Incoming update 49515268
2025-09-10 00:06:15,845 | INFO | code-magnetism | Callback from 815370781 (@goldfinger_uk): menu:support
2025-09-10 00:06:16,330 | INFO | aiogram.event | Update id=49515268 is handled. Duration 479 ms by bot id=8095548345
2025-09-10 00:06:16,331 | INFO | code-magnetism | Update 49515268 processed successfully
2025-09-10 00:06:16,335 | INFO | uvicorn.access | 91.108.5.52:0 - "POST /telegram/webhook?secret=change_me HTTP/1.1" 200
2025-09-10 00:06:18,845 | INFO | code-magnetism | Incoming update 49515269
2025-09-10 00:06:18,857 | INFO | code-magnetism | Callback from 815370781 (@goldfinger_uk): menu:profile
2025-09-10 00:06:19,347 | INFO | aiogram.event | Update id=49515269 is handled. Duration 475 ms by bot id=8095548345
2025-09-10 00:06:19,348 | INFO | code-magnetism | Update 49515269 processed successfully
2025-09-10 00:06:19,356 | INFO | uvicorn.access | 91.108.5.52:0 - "POST /telegram/webhook?secret=change_me HTTP/1.1" 200
2025-09-10 00:06:25,452 | INFO | code-magnetism | Incoming update 49515270
2025-09-10 00:06:25,452 | INFO | code-magnetism | Callback from 815370781 (@goldfinger_uk): profile:phone
2025-09-10 00:06:25,946 | INFO | aiogram.event | Update id=49515270 is handled. Duration 488 ms by bot id=8095548345
2025-09-10 00:06:25,947 | INFO | code-magnetism | Update 49515270 processed successfully
2025-09-10 00:06:25,952 | INFO | uvicorn.access | 91.108.5.52:0 - "POST /telegram/webhook?secret=change_me HTTP/1.1" 200
2025-09-10 00:06:36,263 | INFO | code-magnetism | Incoming update 49515271
2025-09-10 00:06:36,264 | INFO | code-magnetism | Message from 815370781 (@goldfinger_uk): 13996532915
2025-09-10 00:06:36,273 | INFO | aiogram.event | Update id=49515271 is handled. Duration 3 ms by bot id=8095548345
2025-09-10 00:06:36,274 | INFO | code-magnetism | Update 49515271 processed successfully
2025-09-10 00:06:36,276 | INFO | uvicorn.access | 91.108.5.52:0 - "POST /telegram/webhook?secret=change_me HTTP/1.1" 200
2025-09-10 00:06:49,730 | INFO | code-magnetism | Incoming update 49515272
2025-09-10 00:06:49,730 | INFO | code-magnetism | Callback from 815370781 (@goldfinger_uk): menu:back
2025-09-10 00:06:50,897 | INFO | aiogram.event | Update id=49515272 is handled. Duration 1161 ms by bot id=8095548345
2025-09-10 00:06:50,899 | INFO | code-magnetism | Update 49515272 processed successfully
2025-09-10 00:06:50,911 | INFO | uvicorn.access | 91.108.5.52:0 - "POST /telegram/webhook?secret=change_me HTTP/1.1" 200
2025-09-10 00:06:52,744 | INFO | code-magnetism | Incoming update 49515273
2025-09-10 00:06:52,746 | INFO | code-magnetism | Callback from 815370781 (@goldfinger_uk): menu:profile
2025-09-10 00:06:53,301 | INFO | aiogram.event | Update id=49515273 is handled. Duration 546 ms by bot id=8095548345
2025-09-10 00:06:53,303 | INFO | code-magnetism | Update 49515273 processed successfully
2025-09-10 00:06:53,311 | INFO | uvicorn.access | 91.108.5.52:0 - "POST /telegram/webhook?secret=change_me HTTP/1.1" 200
2025-09-10 00:06:54,849 | INFO | code-magnetism | Incoming update 49515274
2025-09-10 00:06:54,850 | INFO | code-magnetism | Callback from 815370781 (@goldfinger_uk): profile:phone
2025-09-10 00:06:55,488 | INFO | aiogram.event | Update id=49515274 is handled. Duration 624 ms by bot id=8095548345
2025-09-10 00:06:55,489 | INFO | code-magnetism | Update 49515274 processed successfully
2025-09-10 00:06:55,494 | INFO | uvicorn.access | 91.108.5.52:0 - "POST /telegram/webhook?secret=change_me HTTP/1.1" 200
2025-09-10 00:07:03,491 | INFO | code-magnetism | Incoming update 49515275
2025-09-10 00:07:03,492 | INFO | code-magnetism | Message from 815370781 (@goldfinger_uk): 135672938
2025-09-10 00:07:03,500 | INFO | aiogram.event | Update id=49515275 is handled. Duration 3 ms by bot id=8095548345
2025-09-10 00:07:03,501 | INFO | code-magnetism | Update 49515275 processed successfully
2025-09-10 00:07:03,503 | INFO | uvicorn.access | 91.108.5.52:0 - "POST /telegram/webhook?secret=change_me HTTP/1.1" 200
2025-09-10 00:07:21,704 | INFO | code-magnetism | Incoming update 49515276
2025-09-10 00:07:21,705 | INFO | code-magnetism | Message from 815370781 (@goldfinger_uk): +79991234567
2025-09-10 00:07:21,714 | INFO | aiogram.event | Update id=49515276 is handled. Duration 4 ms by bot id=8095548345
2025-09-10 00:07:21,715 | INFO | code-magnetism | Update 49515276 processed successfully
2025-09-10 00:07:21,717 | INFO | uvicorn.access | 91.108.5.52:0 - "POST /telegram/webhook?secret=change_me HTTP/1.1" 200
2025-09-10 00:07:29,180 | INFO | code-magnetism | Incoming update 49515277
2025-09-10 00:07:29,182 | INFO | code-magnetism | Message from 815370781 (@goldfinger_uk): 1111111111111
2025-09-10 00:07:29,199 | INFO | aiogram.event | Update id=49515277 is handled. Duration 7 ms by bot id=8095548345
2025-09-10 00:07:29,200 | INFO | code-magnetism | Update 49515277 processed successfully
2025-09-10 00:07:29,203 | INFO | uvicorn.access | 91.108.5.52:0 - "POST /telegram/webhook?secret=change_me HTTP/1.1" 200
2025-09-10 00:07:37,359 | INFO | code-magnetism | Incoming update 49515278
2025-09-10 00:07:37,367 | INFO | code-magnetism | Callback from 815370781 (@goldfinger_uk): menu:back
2025-09-10 00:07:38,272 | INFO | aiogram.event | Update id=49515278 is handled. Duration 896 ms by bot id=8095548345
2025-09-10 00:07:38,273 | INFO | code-magnetism | Update 49515278 processed successfully
2025-09-10 00:07:38,277 | INFO | uvicorn.access | 91.108.5.52:0 - "POST /telegram/webhook?secret=change_me HTTP/1.1" 200
2025-09-10 00:07:44,116 | INFO | code-magnetism | Incoming update 49515279
2025-09-10 00:07:44,117 | INFO | code-magnetism | Callback from 815370781 (@goldfinger_uk): menu:progress
2025-09-10 00:07:44,585 | INFO | aiogram.event | Update id=49515279 is handled. Duration 461 ms by bot id=8095548345
2025-09-10 00:07:44,586 | INFO | code-magnetism | Update 49515279 processed successfully
2025-09-10 00:07:44,590 | INFO | uvicorn.access | 91.108.5.52:0 - "POST /telegram/webhook?secret=change_me HTTP/1.1" 200
2025-09-10 00:09:25,264 | INFO | code-magnetism | Incoming update 49515280
2025-09-10 00:09:25,265 | INFO | code-magnetism | Message from 815370781 (@goldfinger_uk): /admin
2025-09-10 00:09:26,184 | INFO | aiogram.event | Update id=49515280 is handled. Duration 912 ms by bot id=8095548345
2025-09-10 00:09:26,185 | INFO | code-magnetism | Update 49515280 processed successfully
2025-09-10 00:09:26,191 | INFO | uvicorn.access | 91.108.5.52:0 - "POST /telegram/webhook?secret=change_me HTTP/1.1" 200
2025-09-10 00:09:33,702 | INFO | code-magnetism | Incoming update 49515281
2025-09-10 00:09:33,702 | INFO | code-magnetism | Message from 815370781 (@goldfinger_uk): /admin
2025-09-10 00:09:33,989 | INFO | aiogram.event | Update id=49515281 is handled. Duration 281 ms by bot id=8095548345
2025-09-10 00:09:33,990 | INFO | code-magnetism | Update 49515281 processed successfully
2025-09-10 00:09:33,995 | INFO | uvicorn.access | 91.108.5.52:0 - "POST /telegram/webhook?secret=change_me HTTP/1.1" 200
2025-09-10 00:09:36,776 | INFO | code-magnetism | Incoming update 49515282
2025-09-10 00:09:36,777 | INFO | code-magnetism | Message from 815370781 (@goldfinger_uk): /start
2025-09-10 00:09:37,610 | INFO | aiogram.event | Update id=49515282 is handled. Duration 827 ms by bot id=8095548345
2025-09-10 00:09:37,611 | INFO | code-magnetism | Update 49515282 processed successfully
2025-09-10 00:09:37,615 | INFO | uvicorn.access | 91.108.5.52:0 - "POST /telegram/webhook?secret=change_me HTTP/1.1" 200
2025-09-10 00:09:46,035 | INFO | code-magnetism | Incoming update 49515283
2025-09-10 00:09:46,036 | INFO | code-magnetism | Callback from 815370781 (@goldfinger_uk): menu:funnel
2025-09-10 00:09:46,558 | INFO | aiogram.event | Update id=49515283 is handled. Duration 516 ms by bot id=8095548345
2025-09-10 00:09:46,562 | INFO | code-magnetism | Update 49515283 processed successfully
2025-09-10 00:09:46,564 | INFO | uvicorn.access | 91.108.5.52:0 - "POST /telegram/webhook?secret=change_me HTTP/1.1" 200
2025-09-10 00:09:48,101 | INFO | code-magnetism | Incoming update 49515284
2025-09-10 00:09:48,102 | INFO | code-magnetism | Callback from 815370781 (@goldfinger_uk): menu:about
2025-09-10 00:09:48,604 | INFO | aiogram.event | Update id=49515284 is handled. Duration 495 ms by bot id=8095548345
2025-09-10 00:09:48,605 | INFO | code-magnetism | Update 49515284 processed successfully
2025-09-10 00:09:48,609 | INFO | uvicorn.access | 91.108.5.52:0 - "POST /telegram/webhook?secret=change_me HTTP/1.1" 200
2025-09-10 00:09:49,528 | INFO | code-magnetism | Incoming update 49515285
2025-09-10 00:09:49,529 | INFO | code-magnetism | Callback from 815370781 (@goldfinger_uk): menu:profile
2025-09-10 00:09:50,034 | INFO | aiogram.event | Update id=49515285 is handled. Duration 498 ms by bot id=8095548345
2025-09-10 00:09:50,035 | INFO | code-magnetism | Update 49515285 processed successfully
2025-09-10 00:09:50,040 | INFO | uvicorn.access | 91.108.5.52:0 - "POST /telegram/webhook?secret=change_me HTTP/1.1" 200
2025-09-10 00:09:54,077 | INFO | code-magnetism | Incoming update 49515286
2025-09-10 00:09:54,078 | INFO | code-magnetism | Callback from 815370781 (@goldfinger_uk): profile:email
2025-09-10 00:09:54,594 | INFO | aiogram.event | Update id=49515286 is handled. Duration 508 ms by bot id=8095548345
2025-09-10 00:09:54,595 | INFO | code-magnetism | Update 49515286 processed successfully
2025-09-10 00:09:54,601 | INFO | uvicorn.access | 91.108.5.52:0 - "POST /telegram/webhook?secret=change_me HTTP/1.1" 200
2025-09-10 00:10:05,034 | INFO | code-magnetism | Incoming update 49515287
2025-09-10 00:10:05,035 | INFO | code-magnetism | Message from 815370781 (@goldfinger_uk): est@mail.ru
2025-09-10 00:10:05,044 | INFO | aiogram.event | Update id=49515287 is handled. Duration 4 ms by bot id=8095548345
2025-09-10 00:10:05,045 | INFO | code-magnetism | Update 49515287 processed successfully
2025-09-10 00:10:05,047 | INFO | uvicorn.access | 91.108.5.52:0 - "POST /telegram/webhook?secret=change_me HTTP/1.1" 200
2025-09-10 00:10:15,343 | INFO | code-magnetism | Incoming update 49515288
2025-09-10 00:10:15,343 | INFO | code-magnetism | Message from 815370781 (@goldfinger_uk): /profile
2025-09-10 00:10:16,099 | INFO | aiogram.event | Update id=49515288 is handled. Duration 750 ms by bot id=8095548345
2025-09-10 00:10:16,100 | INFO | code-magnetism | Update 49515288 processed successfully
2025-09-10 00:10:16,106 | INFO | uvicorn.access | 91.108.5.52:0 - "POST /telegram/webhook?secret=change_me HTTP/1.1" 200
2025-09-10 00:10:23,111 | INFO | code-magnetism | Incoming update 49515289
2025-09-10 00:10:23,112 | INFO | code-magnetism | Callback from 815370781 (@goldfinger_uk): menu:main
2025-09-10 00:10:23,679 | INFO | aiogram.event | Update id=49515289 is handled. Duration 560 ms by bot id=8095548345
2025-09-10 00:10:23,680 | INFO | code-magnetism | Update 49515289 processed successfully
2025-09-10 00:10:23,686 | INFO | uvicorn.access | 91.108.5.52:0 - "POST /telegram/webhook?secret=change_me HTTP/1.1" 200
2025-09-10 00:10:41,040 | INFO | code-magnetism | Incoming update 49515290
2025-09-10 00:10:41,041 | INFO | code-magnetism | Callback from 815370781 (@goldfinger_uk): menu:admin
2025-09-10 00:10:41,915 | INFO | aiogram.event | Update id=49515290 is handled. Duration 867 ms by bot id=8095548345
2025-09-10 00:10:41,916 | INFO | code-magnetism | Update 49515290 processed successfully
2025-09-10 00:10:41,921 | INFO | uvicorn.access | 91.108.5.52:0 - "POST /telegram/webhook?secret=change_me HTTP/1.1" 200
2025-09-10 00:10:43,463 | INFO | code-magnetism | Incoming update 49515291
2025-09-10 00:10:43,464 | INFO | code-magnetism | Callback from 815370781 (@goldfinger_uk): admin:content
2025-09-10 00:10:43,929 | INFO | aiogram.event | Update id=49515291 is handled. Duration 459 ms by bot id=8095548345
2025-09-10 00:10:43,930 | INFO | code-magnetism | Update 49515291 processed successfully
2025-09-10 00:10:43,935 | INFO | uvicorn.access | 91.108.5.52:0 - "POST /telegram/webhook?secret=change_me HTTP/1.1" 200
2025-09-10 00:10:47,593 | INFO | code-magnetism | Incoming update 49515292
2025-09-10 00:10:47,594 | INFO | code-magnetism | Callback from 815370781 (@goldfinger_uk): admin:users
2025-09-10 00:10:48,104 | INFO | aiogram.event | Update id=49515292 is handled. Duration 503 ms by bot id=8095548345
2025-09-10 00:10:48,105 | INFO | code-magnetism | Update 49515292 processed successfully
2025-09-10 00:10:48,109 | INFO | uvicorn.access | 91.108.5.52:0 - "POST /telegram/webhook?secret=change_me HTTP/1.1" 200
2025-09-10 00:10:51,332 | INFO | code-magnetism | Incoming update 49515293
2025-09-10 00:10:51,333 | INFO | code-magnetism | Message from 815370781 (@goldfinger_uk): /admin
2025-09-10 00:10:51,627 | INFO | aiogram.event | Update id=49515293 is handled. Duration 288 ms by bot id=8095548345
2025-09-10 00:10:51,628 | INFO | code-magnetism | Update 49515293 processed successfully
2025-09-10 00:10:51,634 | INFO | uvicorn.access | 91.108.5.52:0 - "POST /telegram/webhook?secret=change_me HTTP/1.1" 200
2025-09-10 00:13:05,571 | INFO | code-magnetism | Incoming update 49515294
2025-09-10 00:13:05,572 | INFO | code-magnetism | Callback from 815370781 (@goldfinger_uk): menu:main
2025-09-10 00:13:06,824 | INFO | aiogram.event | Update id=49515294 is handled. Duration 1242 ms by bot id=8095548345
2025-09-10 00:13:06,825 | INFO | code-magnetism | Update 49515294 processed successfully
2025-09-10 00:13:06,829 | INFO | uvicorn.access | 91.108.5.52:0 - "POST /telegram/webhook?secret=change_me HTTP/1.1" 200
2025-09-10 00:13:08,681 | INFO | code-magnetism | Incoming update 49515295
2025-09-10 00:13:08,682 | INFO | code-magnetism | Callback from 815370781 (@goldfinger_uk): menu:admin
2025-09-10 00:13:09,258 | INFO | aiogram.event | Update id=49515295 is handled. Duration 569 ms by bot id=8095548345
2025-09-10 00:13:09,259 | INFO | code-magnetism | Update 49515295 processed successfully
2025-09-10 00:13:09,266 | INFO | uvicorn.access | 91.108.5.52:0 - "POST /telegram/webhook?secret=change_me HTTP/1.1" 200
2025-09-10 00:13:10,384 | INFO | code-magnetism | Incoming update 49515296
2025-09-10 00:13:10,384 | INFO | code-magnetism | Callback from 815370781 (@goldfinger_uk): admin:broadcast
2025-09-10 00:13:11,100 | INFO | aiogram.event | Update id=49515296 is handled. Duration 708 ms by bot id=8095548345
2025-09-10 00:13:11,101 | INFO | code-magnetism | Update 49515296 processed successfully
2025-09-10 00:13:11,113 | INFO | uvicorn.access | 91.108.5.52:0 - "POST /telegram/webhook?secret=change_me HTTP/1.1" 200
2025-09-10 00:14:33,588 | INFO | code-magnetism | Incoming update 49515297
2025-09-10 00:14:33,588 | INFO | code-magnetism | Callback from 815370781 (@goldfinger_uk): admin:stats
2025-09-10 00:14:34,621 | INFO | aiogram.event | Update id=49515297 is handled. Duration 1026 ms by bot id=8095548345
2025-09-10 00:14:34,622 | INFO | code-magnetism | Update 49515297 processed successfully
2025-09-10 00:14:34,630 | INFO | uvicorn.access | 91.108.5.52:0 - "POST /telegram/webhook?secret=change_me HTTP/1.1" 200
2025-09-10 00:14:41,226 | INFO | code-magnetism | Incoming update 49515298
2025-09-10 00:14:41,231 | INFO | code-magnetism | Callback from 815370781 (@goldfinger_uk): admin:users
2025-09-10 00:14:41,798 | INFO | aiogram.event | Update id=49515298 is handled. Duration 560 ms by bot id=8095548345
2025-09-10 00:14:41,799 | INFO | code-magnetism | Update 49515298 processed successfully
2025-09-10 00:14:41,807 | INFO | uvicorn.access | 91.108.5.52:0 - "POST /telegram/webhook?secret=change_me HTTP/1.1" 200
2025-09-10 00:15:04,159 | INFO | code-magnetism | Incoming update 49515299
2025-09-10 00:15:04,160 | INFO | code-magnetism | Callback from 815370781 (@goldfinger_uk): admin:users
2025-09-10 00:15:05,192 | INFO | aiogram.event | Update id=49515299 is handled. Duration 1026 ms by bot id=8095548345
2025-09-10 00:15:05,193 | INFO | code-magnetism | Update 49515299 processed successfully
2025-09-10 00:15:05,197 | INFO | uvicorn.access | 91.108.5.52:0 - "POST /telegram/webhook?secret=change_me HTTP/1.1" 200
2025-09-10 00:17:54,064 | INFO | code-magnetism | Incoming update 49515300
2025-09-10 00:17:54,064 | INFO | code-magnetism | Callback from 815370781 (@goldfinger_uk): admin:broadcast
2025-09-10 00:17:54,974 | INFO | aiogram.event | Update id=49515300 is handled. Duration 903 ms by bot id=8095548345
2025-09-10 00:17:54,977 | INFO | code-magnetism | Update 49515300 processed successfully
2025-09-10 00:17:54,982 | INFO | uvicorn.access | 91.108.5.52:0 - "POST /telegram/webhook?secret=change_me HTTP/1.1" 200
2025-09-10 00:17:57,641 | INFO | code-magnetism | Incoming update 49515301
2025-09-10 00:17:57,642 | INFO | code-magnetism | Message from 815370781 (@goldfinger_uk): /broadcast
2025-09-10 00:17:57,877 | INFO | aiogram.event | Update id=49515301 is handled. Duration 229 ms by bot id=8095548345
2025-09-10 00:17:57,877 | INFO | code-magnetism | Update 49515301 processed successfully
2025-09-10 00:17:57,882 | INFO | uvicorn.access | 91.108.5.52:0 - "POST /telegram/webhook?secret=change_me HTTP/1.1" 200
2025-09-10 00:18:05,195 | INFO | code-magnetism | Incoming update 49515302
2025-09-10 00:18:05,196 | INFO | code-magnetism | Message from 815370781 (@goldfinger_uk): /broadcast
2025-09-10 00:18:05,432 | INFO | aiogram.event | Update id=49515302 is handled. Duration 231 ms by bot id=8095548345
2025-09-10 00:18:05,433 | INFO | code-magnetism | Update 49515302 processed successfully
2025-09-10 00:18:05,437 | INFO | uvicorn.access | 91.108.5.52:0 - "POST /telegram/webhook?secret=change_me HTTP/1.1" 200
2025-09-10 00:18:09,544 | INFO | code-magnetism | Incoming update 49515303
2025-09-10 00:18:09,546 | INFO | code-magnetism | Message from 815370781 (@goldfinger_uk): /start
2025-09-10 00:18:10,595 | INFO | aiogram.event | Update id=49515303 is handled. Duration 1042 ms by bot id=8095548345
2025-09-10 00:18:10,597 | INFO | code-magnetism | Update 49515303 processed successfully
2025-09-10 00:18:10,604 | INFO | uvicorn.access | 91.108.5.52:0 - "POST /telegram/webhook?secret=change_me HTTP/1.1" 200
2025-09-10 00:18:12,236 | INFO | code-magnetism | Incoming update 49515304
2025-09-10 00:18:12,238 | INFO | code-magnetism | Message from 815370781 (@goldfinger_uk): /broadcast
2025-09-10 00:18:12,491 | INFO | aiogram.event | Update id=49515304 is handled. Duration 243 ms by bot id=8095548345
2025-09-10 00:18:12,492 | INFO | code-magnetism | Update 49515304 processed successfully
2025-09-10 00:18:12,497 | INFO | uvicorn.access | 91.108.5.52:0 - "POST /telegram/webhook?secret=change_me HTTP/1.1" 200
2025-09-10 00:18:48,923 | INFO | code-magnetism | Incoming update 49515305
2025-09-10 00:18:48,923 | INFO | code-magnetism | Message from 815370781 (@goldfinger_uk): /debug
2025-09-10 00:18:49,690 | INFO | aiogram.event | Update id=49515305 is handled. Duration 761 ms by bot id=8095548345
2025-09-10 00:18:49,691 | INFO | code-magnetism | Update 49515305 processed successfully
2025-09-10 00:18:49,699 | INFO | uvicorn.access | 91.108.5.52:0 - "POST /telegram/webhook?secret=change_me HTTP/1.1" 200
2025-09-10 00:18:55,195 | INFO | code-magnetism | Incoming update 49515306
2025-09-10 00:18:55,197 | INFO | code-magnetism | Message from 815370781 (@goldfinger_uk): /start
2025-09-10 00:18:56,163 | INFO | aiogram.event | Update id=49515306 is handled. Duration 955 ms by bot id=8095548345
2025-09-10 00:18:56,164 | INFO | code-magnetism | Update 49515306 processed successfully
2025-09-10 00:18:56,173 | INFO | uvicorn.access | 91.108.5.52:0 - "POST /telegram/webhook?secret=change_me HTTP/1.1" 200
2025-09-10 00:18:57,883 | INFO | code-magnetism | Incoming update 49515307
2025-09-10 00:18:57,884 | INFO | code-magnetism | Message from 815370781 (@goldfinger_uk): /debug
2025-09-10 00:18:58,139 | INFO | aiogram.event | Update id=49515307 is handled. Duration 249 ms by bot id=8095548345
2025-09-10 00:18:58,140 | INFO | code-magnetism | Update 49515307 processed successfully
2025-09-10 00:18:58,148 | INFO | uvicorn.access | 91.108.5.52:0 - "POST /telegram/webhook?secret=change_me HTTP/1.1" 200
2025-09-10 00:19:00,896 | INFO | code-magnetism | Incoming update 49515308
2025-09-10 00:19:00,898 | INFO | code-magnetism | Callback from 815370781 (@goldfinger_uk): menu:back
2025-09-10 00:19:01,425 | INFO | aiogram.event | Update id=49515308 is handled. Duration 517 ms by bot id=8095548345
2025-09-10 00:19:01,426 | INFO | code-magnetism | Update 49515308 processed successfully
2025-09-10 00:19:01,433 | INFO | uvicorn.access | 91.108.5.52:0 - "POST /telegram/webhook?secret=change_me HTTP/1.1" 200
2025-09-10 00:19:05,513 | INFO | code-magnetism | Incoming update 49515309
2025-09-10 00:19:05,513 | INFO | code-magnetism | Callback from 815370781 (@goldfinger_uk): menu:admin
2025-09-10 00:19:06,136 | INFO | aiogram.event | Update id=49515309 is handled. Duration 616 ms by bot id=8095548345
2025-09-10 00:19:06,144 | INFO | code-magnetism | Update 49515309 processed successfully
2025-09-10 00:19:06,149 | INFO | uvicorn.access | 91.108.5.52:0 - "POST /telegram/webhook?secret=change_me HTTP/1.1" 200
2025-09-10 00:19:07,782 | INFO | code-magnetism | Incoming update 49515310
2025-09-10 00:19:07,786 | INFO | code-magnetism | Callback from 815370781 (@goldfinger_uk): admin:debug
2025-09-10 00:19:08,294 | INFO | aiogram.event | Update id=49515310 is handled. Duration 503 ms by bot id=8095548345
2025-09-10 00:19:08,295 | INFO | code-magnetism | Update 49515310 processed successfully
2025-09-10 00:19:08,303 | INFO | uvicorn.access | 91.108.5.52:0 - "POST /telegram/webhook?secret=change_me HTTP/1.1" 200
2025-09-10 00:19:41,400 | INFO | uvicorn.error | Shutting down
2025-09-10 00:19:41,509 | INFO | uvicorn.error | Waiting for application shutdown.
2025-09-10 00:19:41,511 | INFO | code-magnetism | Shutdown: останавливаем планировщик/закрываем БД...
2025-09-10 00:19:41,519 | INFO | scheduler | APScheduler shut down
2025-09-10 00:19:41,521 | INFO | code-magnetism | Scheduler stopped successfully
2025-09-10 00:19:41,525 | INFO | apscheduler.scheduler | Scheduler has been shut down
2025-09-10 00:19:41,540 | INFO | db | PostgreSQL pool closed
2025-09-10 00:19:41,541 | INFO | code-magnetism | Database closed successfully
2025-09-10 00:19:41,544 | INFO | code-magnetism | Shutdown завершён.
2025-09-10 00:19:41,546 | INFO | uvicorn.error | Application shutdown complete.
2025-09-10 00:19:41,551 | INFO | uvicorn.error | Finished server process [8716]
2025-09-10 00:26:26,479 | INFO | code-magnetism | Routers attached: ['main-router']
2025-09-10 00:26:26,841 | INFO | uvicorn.error | Started server process [8428]
2025-09-10 00:26:26,841 | INFO | uvicorn.error | Waiting for application startup.
2025-09-10 00:26:26,847 | INFO | code-magnetism | Startup: инициализация БД/планировщика/вебхука...
2025-09-10 00:26:26,848 | INFO | db | Connecting PostgreSQL: postgresql://magnet:***@localhost:5432/magnetism
2025-09-10 00:26:27,309 | INFO | db | PostgreSQL pool created
2025-09-10 00:26:27,310 | INFO | db | Applying schema from: C:\Users\Tim\Desktop\code-magnetism\schema.sql
2025-09-10 00:26:27,388 | INFO | db | Schema applied successfully.
2025-09-10 00:26:27,388 | INFO | db | Schema applied from C:\Users\Tim\Desktop\code-magnetism\schema.sql
2025-09-10 00:26:27,392 | INFO | code-magnetism | Database initialized successfully
2025-09-10 00:26:27,409 | INFO | apscheduler.scheduler | Adding job tentatively -- it will be properly scheduled when the scheduler starts
2025-09-10 00:26:27,412 | INFO | apscheduler.scheduler | Adding job tentatively -- it will be properly scheduled when the scheduler starts
2025-09-10 00:26:27,415 | INFO | apscheduler.scheduler | Adding job tentatively -- it will be properly scheduled when the scheduler starts
2025-09-10 00:26:27,418 | INFO | apscheduler.scheduler | Added job "job_daily_lessons" to job store "default"
2025-09-10 00:26:27,423 | INFO | apscheduler.scheduler | Added job "job_soft_reminders" to job store "default"
2025-09-10 00:26:27,424 | INFO | apscheduler.scheduler | Added job "job_access_expiry_reminders" to job store "default"
2025-09-10 00:26:27,426 | INFO | apscheduler.scheduler | Scheduler started
2025-09-10 00:26:27,427 | INFO | scheduler | APScheduler started with timezone=Europe/Moscow; lessons at 10:00
2025-09-10 00:26:27,429 | INFO | code-magnetism | Scheduler initialized successfully
2025-09-10 00:26:27,431 | INFO | code-magnetism | Setting Telegram webhook to: https://f8ddf30705a7.ngrok-free.app/telegram/webhook?secret=change_me
2025-09-10 00:26:28,116 | INFO | code-magnetism | Old webhook deleted
2025-09-10 00:26:28,336 | INFO | code-magnetism | Telegram webhook установлен: https://f8ddf30705a7.ngrok-free.app/telegram/webhook?secret=change_me
2025-09-10 00:26:28,338 | INFO | code-magnetism | Startup завершён.
2025-09-10 00:26:28,346 | INFO | uvicorn.error | Application startup complete.
2025-09-10 00:26:28,351 | INFO | uvicorn.error | Uvicorn running on http://0.0.0.0:8000 (Press CTRL+C to quit)
2025-09-10 00:27:19,979 | INFO | code-magnetism | Incoming update 49515311
2025-09-10 00:27:19,979 | INFO | code-magnetism | Message from 815370781 (@goldfinger_uk): /help
2025-09-10 00:27:20,778 | INFO | aiogram.event | Update id=49515311 is handled. Duration 796 ms by bot id=8095548345
2025-09-10 00:27:20,778 | INFO | code-magnetism | Update 49515311 processed successfully
2025-09-10 00:27:20,780 | INFO | uvicorn.access | 91.108.5.52:0 - "POST /telegram/webhook?secret=change_me HTTP/1.1" 200
2025-09-10 04:39:42,090 | INFO | code-magnetism | Incoming update 49515312
2025-09-10 04:39:42,093 | INFO | code-magnetism | Callback from 815370781 (@goldfinger_uk): menu:about
2025-09-10 04:39:43,827 | INFO | aiogram.event | Update id=49515312 is handled. Duration 1719 ms by bot id=8095548345
2025-09-10 04:39:43,828 | INFO | code-magnetism | Update 49515312 processed successfully
2025-09-10 04:39:43,831 | INFO | uvicorn.access | 91.108.5.52:0 - "POST /telegram/webhook?secret=change_me HTTP/1.1" 200
2025-09-10 04:39:50,494 | INFO | code-magnetism | Incoming update 49515313
2025-09-10 04:39:50,495 | INFO | code-magnetism | Message from 815370781 (@goldfinger_uk): /help
2025-09-10 04:39:50,752 | INFO | aiogram.event | Update id=49515313 is handled. Duration 254 ms by bot id=8095548345
2025-09-10 04:39:50,753 | INFO | code-magnetism | Update 49515313 processed successfully
2025-09-10 04:39:50,755 | INFO | uvicorn.access | 91.108.5.52:0 - "POST /telegram/webhook?secret=change_me HTTP/1.1" 200
2025-09-10 04:39:54,065 | INFO | code-magnetism | Incoming update 49515314
2025-09-10 04:39:54,065 | INFO | code-magnetism | Callback from 815370781 (@goldfinger_uk): menu:about
2025-09-10 04:39:54,728 | INFO | aiogram.event | Update id=49515314 is handled. Duration 655 ms by bot id=8095548345
2025-09-10 04:39:54,728 | INFO | code-magnetism | Update 49515314 processed successfully
2025-09-10 04:39:54,734 | INFO | uvicorn.access | 91.108.5.52:0 - "POST /telegram/webhook?secret=change_me HTTP/1.1" 200
2025-09-10 04:40:08,081 | INFO | code-magnetism | Incoming update 49515315
2025-09-10 04:40:08,081 | INFO | code-magnetism | Callback from 815370781 (@goldfinger_uk): menu:profile
2025-09-10 04:40:08,577 | INFO | aiogram.event | Update id=49515315 is handled. Duration 487 ms by bot id=8095548345
2025-09-10 04:40:08,578 | INFO | code-magnetism | Update 49515315 processed successfully
2025-09-10 04:40:08,589 | INFO | uvicorn.access | 91.108.5.52:0 - "POST /telegram/webhook?secret=change_me HTTP/1.1" 200
2025-09-10 07:10:27,394 | INFO | code-magnetism | Incoming update 49515316
2025-09-10 07:10:27,397 | INFO | code-magnetism | Message from 1648917869 (@Tokyo_tokyo): /start
2025-09-10 07:10:28,840 | INFO | aiogram.event | Update id=49515316 is handled. Duration 1434 ms by bot id=8095548345
2025-09-10 07:10:28,841 | INFO | code-magnetism | Update 49515316 processed successfully
2025-09-10 07:10:28,852 | INFO | uvicorn.access | 91.108.5.52:0 - "POST /telegram/webhook?secret=change_me HTTP/1.1" 200
2025-09-10 07:10:39,469 | INFO | code-magnetism | Incoming update 49515317
2025-09-10 07:10:39,470 | INFO | code-magnetism | Callback from 1648917869 (@Tokyo_tokyo): menu:about
2025-09-10 07:10:40,046 | INFO | aiogram.event | Update id=49515317 is handled. Duration 563 ms by bot id=8095548345
2025-09-10 07:10:40,047 | INFO | code-magnetism | Update 49515317 processed successfully
2025-09-10 07:10:40,060 | INFO | uvicorn.access | 91.108.5.52:0 - "POST /telegram/webhook?secret=change_me HTTP/1.1" 200
2025-09-10 07:10:54,158 | INFO | code-magnetism | Incoming update 49515318
2025-09-10 07:10:54,159 | INFO | code-magnetism | Callback from 1648917869 (@Tokyo_tokyo): menu:funnel
2025-09-10 07:10:54,762 | INFO | aiogram.event | Update id=49515318 is handled. Duration 595 ms by bot id=8095548345
2025-09-10 07:10:54,764 | INFO | code-magnetism | Update 49515318 processed successfully
2025-09-10 07:10:54,775 | INFO | uvicorn.access | 91.108.5.52:0 - "POST /telegram/webhook?secret=change_me HTTP/1.1" 200
2025-09-10 07:11:06,455 | INFO | code-magnetism | Incoming update 49515319
2025-09-10 07:11:06,455 | INFO | code-magnetism | Callback from 1648917869 (@Tokyo_tokyo): access:paid
2025-09-10 07:11:07,036 | INFO | aiogram.event | Update id=49515319 is handled. Duration 573 ms by bot id=8095548345
2025-09-10 07:11:07,037 | INFO | code-magnetism | Update 49515319 processed successfully
2025-09-10 07:11:07,048 | INFO | uvicorn.access | 91.108.5.52:0 - "POST /telegram/webhook?secret=change_me HTTP/1.1" 200
2025-09-10 07:11:26,265 | INFO | code-magnetism | Incoming update 49515320
2025-09-10 07:11:26,267 | INFO | code-magnetism | Callback from 1648917869 (@Tokyo_tokyo): menu:funnel
2025-09-10 07:11:27,185 | INFO | aiogram.event | Update id=49515320 is handled. Duration 905 ms by bot id=8095548345
2025-09-10 07:11:27,186 | INFO | code-magnetism | Update 49515320 processed successfully
2025-09-10 07:11:27,196 | INFO | uvicorn.access | 91.108.5.52:0 - "POST /telegram/webhook?secret=change_me HTTP/1.1" 200
2025-09-10 07:11:33,435 | INFO | code-magnetism | Incoming update 49515321
2025-09-10 07:11:33,437 | INFO | code-magnetism | Callback from 1648917869 (@Tokyo_tokyo): access:free
2025-09-10 07:11:34,017 | INFO | aiogram.event | Update id=49515321 is handled. Duration 573 ms by bot id=8095548345
2025-09-10 07:11:34,017 | INFO | code-magnetism | Update 49515321 processed successfully
2025-09-10 07:11:34,023 | INFO | uvicorn.access | 91.108.5.52:0 - "POST /telegram/webhook?secret=change_me HTTP/1.1" 200
2025-09-10 07:11:34,273 | INFO | code-magnetism | Incoming update 49515322
2025-09-10 07:11:34,274 | INFO | code-magnetism | Callback from 1648917869 (@Tokyo_tokyo): access:free
2025-09-10 07:11:34,970 | INFO | aiogram.event | Update id=49515322 is handled. Duration 684 ms by bot id=8095548345
2025-09-10 07:11:34,972 | INFO | code-magnetism | Update 49515322 processed successfully
2025-09-10 07:11:34,982 | INFO | uvicorn.access | 91.108.5.52:0 - "POST /telegram/webhook?secret=change_me HTTP/1.1" 200
2025-09-10 07:11:42,866 | INFO | code-magnetism | Incoming update 49515323
2025-09-10 07:11:42,868 | INFO | code-magnetism | Callback from 1648917869 (@Tokyo_tokyo): funnel:lesson:1
2025-09-10 07:11:44,119 | INFO | aiogram.event | Update id=49515323 is handled. Duration 1243 ms by bot id=8095548345
2025-09-10 07:11:44,120 | INFO | code-magnetism | Update 49515323 processed successfully
2025-09-10 07:11:44,131 | INFO | uvicorn.access | 91.108.5.52:0 - "POST /telegram/webhook?secret=change_me HTTP/1.1" 200
2025-09-10 07:11:55,648 | INFO | code-magnetism | Incoming update 49515324
2025-09-10 07:11:55,650 | INFO | code-magnetism | Callback from 1648917869 (@Tokyo_tokyo): funnel:skip:1
2025-09-10 07:11:55,769 | INFO | handlers | funnel: skipped user_id=2 lesson=1
2025-09-10 07:11:56,550 | INFO | aiogram.event | Update id=49515324 is handled. Duration 893 ms by bot id=8095548345
2025-09-10 07:11:56,552 | INFO | code-magnetism | Update 49515324 processed successfully
2025-09-10 07:11:56,564 | INFO | uvicorn.access | 91.108.5.52:0 - "POST /telegram/webhook?secret=change_me HTTP/1.1" 200
2025-09-10 07:12:01,511 | INFO | code-magnetism | Incoming update 49515325
2025-09-10 07:12:01,513 | INFO | code-magnetism | Callback from 1648917869 (@Tokyo_tokyo): menu:faq
2025-09-10 07:12:02,041 | INFO | aiogram.event | Update id=49515325 is handled. Duration 515 ms by bot id=8095548345
2025-09-10 07:12:02,042 | INFO | code-magnetism | Update 49515325 processed successfully
2025-09-10 07:12:02,052 | INFO | uvicorn.access | 91.108.5.52:0 - "POST /telegram/webhook?secret=change_me HTTP/1.1" 200
2025-09-10 10:00:00,028 | INFO | apscheduler.executors.default | Running job "job_daily_lessons (trigger: cron[hour='10', minute='0'], next run at: 2025-09-11 10:00:00 -03)" (scheduled at 2025-09-10 10:00:00-03:00)
2025-09-10 10:00:00,693 | INFO | handlers | funnel: delivered user_id=2 lesson=2
2025-09-10 10:00:01,505 | INFO | scheduler | [job_daily_lessons] sent=1 skipped=1 errors=0
2025-09-10 10:00:01,507 | INFO | apscheduler.executors.default | Job "job_daily_lessons (trigger: cron[hour='10', minute='0'], next run at: 2025-09-11 10:00:00 -03)" executed successfully
2025-09-10 10:27:21,482 | INFO | code-magnetism | Incoming update 49515326
2025-09-10 10:27:21,483 | INFO | code-magnetism | Callback from 1648917869 (@Tokyo_tokyo): funnel:q:2
2025-09-10 10:27:22,549 | INFO | aiogram.event | Update id=49515326 is handled. Duration 1058 ms by bot id=8095548345
2025-09-10 10:27:22,551 | INFO | code-magnetism | Update 49515326 processed successfully
2025-09-10 10:27:22,561 | INFO | uvicorn.access | 91.108.5.52:0 - "POST /telegram/webhook?secret=change_me HTTP/1.1" 200
2025-09-10 10:27:48,562 | INFO | code-magnetism | Incoming update 49515327
2025-09-10 10:27:48,563 | INFO | code-magnetism | Message from 1648917869 (@Tokyo_tokyo): Bom dia
2025-09-10 10:27:49,242 | INFO | aiogram.event | Update id=49515327 is handled. Duration 672 ms by bot id=8095548345
2025-09-10 10:27:49,243 | INFO | code-magnetism | Update 49515327 processed successfully
2025-09-10 10:27:49,252 | INFO | uvicorn.access | 91.108.5.52:0 - "POST /telegram/webhook?secret=change_me HTTP/1.1" 200
2025-09-10 10:27:52,433 | INFO | code-magnetism | Incoming update 49515328
2025-09-10 10:27:52,434 | INFO | code-magnetism | Message from 1648917869 (@Tokyo_tokyo): /start
2025-09-10 10:27:53,995 | INFO | aiogram.event | Update id=49515328 is handled. Duration 1550 ms by bot id=8095548345
2025-09-10 10:27:53,996 | INFO | code-magnetism | Update 49515328 processed successfully
2025-09-10 10:27:54,001 | INFO | uvicorn.access | 91.108.5.52:0 - "POST /telegram/webhook?secret=change_me HTTP/1.1" 200
2025-09-10 10:32:20,124 | INFO | code-magnetism | Incoming update 49515329
2025-09-10 10:32:20,125 | INFO | code-magnetism | Callback from 1648917869 (@Tokyo_tokyo): menu:progress
2025-09-10 10:32:21,029 | INFO | aiogram.event | Update id=49515329 is handled. Duration 894 ms by bot id=8095548345
2025-09-10 10:32:21,031 | INFO | code-magnetism | Update 49515329 processed successfully
2025-09-10 10:32:21,040 | INFO | uvicorn.access | 91.108.5.52:0 - "POST /telegram/webhook?secret=change_me HTTP/1.1" 200
2025-09-10 10:32:28,656 | INFO | code-magnetism | Incoming update 49515330
2025-09-10 10:32:28,657 | INFO | code-magnetism | Callback from 1648917869 (@Tokyo_tokyo): menu:support
2025-09-10 10:32:29,144 | INFO | aiogram.event | Update id=49515330 is handled. Duration 479 ms by bot id=8095548345
2025-09-10 10:32:29,145 | INFO | code-magnetism | Update 49515330 processed successfully
2025-09-10 10:32:29,155 | INFO | uvicorn.access | 91.108.5.52:0 - "POST /telegram/webhook?secret=change_me HTTP/1.1" 200
2025-09-10 10:32:38,324 | INFO | code-magnetism | Incoming update 49515331
2025-09-10 10:32:38,326 | INFO | code-magnetism | Callback from 1648917869 (@Tokyo_tokyo): menu:profile
2025-09-10 10:32:38,824 | INFO | aiogram.event | Update id=49515331 is handled. Duration 486 ms by bot id=8095548345
2025-09-10 10:32:38,826 | INFO | code-magnetism | Update 49515331 processed successfully
2025-09-10 10:32:38,836 | INFO | uvicorn.access | 91.108.5.52:0 - "POST /telegram/webhook?secret=change_me HTTP/1.1" 200
2025-09-10 10:33:36,889 | INFO | code-magnetism | Incoming update 49515332
2025-09-10 10:33:36,890 | INFO | code-magnetism | Callback from 1648917869 (@Tokyo_tokyo): menu:main
2025-09-10 10:33:38,055 | INFO | aiogram.event | Update id=49515332 is handled. Duration 1158 ms by bot id=8095548345
2025-09-10 10:33:38,056 | INFO | code-magnetism | Update 49515332 processed successfully
2025-09-10 10:33:38,066 | INFO | uvicorn.access | 91.108.5.52:0 - "POST /telegram/webhook?secret=change_me HTTP/1.1" 200
2025-09-10 10:33:44,631 | INFO | code-magnetism | Incoming update 49515333
2025-09-10 10:33:44,632 | INFO | code-magnetism | Callback from 1648917869 (@Tokyo_tokyo): menu:register
2025-09-10 10:33:45,283 | INFO | aiogram.event | Update id=49515333 is handled. Duration 642 ms by bot id=8095548345
2025-09-10 10:33:45,284 | INFO | code-magnetism | Update 49515333 processed successfully
2025-09-10 10:33:45,294 | INFO | uvicorn.access | 91.108.5.52:0 - "POST /telegram/webhook?secret=change_me HTTP/1.1" 200
2025-09-10 10:33:57,935 | INFO | code-magnetism | Incoming update 49515334
2025-09-10 10:33:57,935 | INFO | code-magnetism | Message from 1648917869 (@Tokyo_tokyo): Эльза
2025-09-10 10:33:58,302 | INFO | aiogram.event | Update id=49515334 is handled. Duration 356 ms by bot id=8095548345
2025-09-10 10:33:58,303 | INFO | code-magnetism | Update 49515334 processed successfully
2025-09-10 10:33:58,312 | INFO | uvicorn.access | 91.108.5.52:0 - "POST /telegram/webhook?secret=change_me HTTP/1.1" 200
2025-09-10 10:34:18,339 | INFO | code-magnetism | Incoming update 49515335
2025-09-10 10:34:18,340 | INFO | code-magnetism | Message from 1648917869 (@Tokyo_tokyo): elsamilo@gmail.com
2025-09-10 10:34:19,039 | INFO | aiogram.event | Update id=49515335 is handled. Duration 692 ms by bot id=8095548345
2025-09-10 10:34:19,040 | INFO | code-magnetism | Update 49515335 processed successfully
2025-09-10 10:34:19,045 | INFO | uvicorn.access | 91.108.5.52:0 - "POST /telegram/webhook?secret=change_me HTTP/1.1" 200
2025-09-10 10:34:30,986 | INFO | code-magnetism | Incoming update 49515336
2025-09-10 10:34:30,988 | INFO | code-magnetism | Message from 1648917869 (@Tokyo_tokyo): +55478888888
2025-09-10 10:34:31,254 | INFO | aiogram.event | Update id=49515336 is handled. Duration 258 ms by bot id=8095548345
2025-09-10 10:34:31,255 | INFO | code-magnetism | Update 49515336 processed successfully
2025-09-10 10:34:31,264 | INFO | uvicorn.access | 91.108.5.52:0 - "POST /telegram/webhook?secret=change_me HTTP/1.1" 200
2025-09-10 10:34:45,725 | INFO | code-magnetism | Incoming update 49515337
2025-09-10 10:34:45,726 | INFO | code-magnetism | Callback from 1648917869 (@Tokyo_tokyo): menu:progress
2025-09-10 10:34:46,209 | INFO | aiogram.event | Update id=49515337 is handled. Duration 476 ms by bot id=8095548345
2025-09-10 10:34:46,211 | INFO | code-magnetism | Update 49515337 processed successfully
2025-09-10 10:34:46,222 | INFO | uvicorn.access | 91.108.5.52:0 - "POST /telegram/webhook?secret=change_me HTTP/1.1" 200
2025-09-10 10:34:49,402 | INFO | code-magnetism | Incoming update 49515338
2025-09-10 10:34:49,403 | INFO | code-magnetism | Callback from 1648917869 (@Tokyo_tokyo): menu:faq
2025-09-10 10:34:49,975 | INFO | aiogram.event | Update id=49515338 is handled. Duration 559 ms by bot id=8095548345
2025-09-10 10:34:49,976 | INFO | code-magnetism | Update 49515338 processed successfully
2025-09-10 10:34:49,987 | INFO | uvicorn.access | 91.108.5.52:0 - "POST /telegram/webhook?secret=change_me HTTP/1.1" 200
2025-09-10 10:36:52,853 | INFO | code-magnetism | Incoming update 49515339
2025-09-10 10:36:52,855 | INFO | code-magnetism | Callback from 1648917869 (@Tokyo_tokyo): menu:register
2025-09-10 10:36:53,628 | INFO | aiogram.event | Update id=49515339 is handled. Duration 763 ms by bot id=8095548345
2025-09-10 10:36:53,630 | INFO | code-magnetism | Update 49515339 processed successfully
2025-09-10 10:36:53,639 | INFO | uvicorn.access | 91.108.5.52:0 - "POST /telegram/webhook?secret=change_me HTTP/1.1" 200
2025-09-10 10:36:56,903 | INFO | code-magnetism | Incoming update 49515340
2025-09-10 10:36:56,904 | INFO | code-magnetism | Callback from 1648917869 (@Tokyo_tokyo): menu:pay
2025-09-10 10:36:57,514 | INFO | aiogram.event | Update id=49515340 is handled. Duration 598 ms by bot id=8095548345
2025-09-10 10:36:57,516 | INFO | code-magnetism | Update 49515340 processed successfully
2025-09-10 10:36:57,530 | INFO | uvicorn.access | 91.108.5.52:0 - "POST /telegram/webhook?secret=change_me HTTP/1.1" 200
2025-09-10 10:37:55,144 | INFO | code-magnetism | Incoming update 49515341
2025-09-10 10:37:55,145 | INFO | code-magnetism | Callback from 1648917869 (@Tokyo_tokyo): menu:admin
2025-09-10 10:37:56,169 | INFO | aiogram.event | Update id=49515341 is handled. Duration 1016 ms by bot id=8095548345
2025-09-10 10:37:56,170 | INFO | code-magnetism | Update 49515341 processed successfully
2025-09-10 10:37:56,176 | INFO | uvicorn.access | 91.108.5.52:0 - "POST /telegram/webhook?secret=change_me HTTP/1.1" 200
2025-09-10 10:38:21,188 | INFO | code-magnetism | Incoming update 49515342
2025-09-10 10:38:21,189 | INFO | code-magnetism | Callback from 1648917869 (@Tokyo_tokyo): admin:debug
2025-09-10 10:38:22,243 | INFO | aiogram.event | Update id=49515342 is handled. Duration 1047 ms by bot id=8095548345
2025-09-10 10:38:22,244 | INFO | code-magnetism | Update 49515342 processed successfully
2025-09-10 10:38:22,253 | INFO | uvicorn.access | 91.108.5.52:0 - "POST /telegram/webhook?secret=change_me HTTP/1.1" 200
2025-09-10 10:38:28,609 | INFO | code-magnetism | Incoming update 49515343
2025-09-10 10:38:28,611 | INFO | code-magnetism | Callback from 1648917869 (@Tokyo_tokyo): admin:users
2025-09-10 10:38:29,157 | INFO | aiogram.event | Update id=49515343 is handled. Duration 533 ms by bot id=8095548345
2025-09-10 10:38:29,158 | INFO | code-magnetism | Update 49515343 processed successfully
2025-09-10 10:38:29,168 | INFO | uvicorn.access | 91.108.5.52:0 - "POST /telegram/webhook?secret=change_me HTTP/1.1" 200
2025-09-10 10:38:40,448 | INFO | code-magnetism | Incoming update 49515344
2025-09-10 10:38:40,449 | INFO | code-magnetism | Callback from 1648917869 (@Tokyo_tokyo): admin:broadcast
2025-09-10 10:38:40,993 | INFO | aiogram.event | Update id=49515344 is handled. Duration 536 ms by bot id=8095548345
2025-09-10 10:38:40,994 | INFO | code-magnetism | Update 49515344 processed successfully
2025-09-10 10:38:41,004 | INFO | uvicorn.access | 91.108.5.52:0 - "POST /telegram/webhook?secret=change_me HTTP/1.1" 200
2025-09-10 10:38:46,949 | INFO | code-magnetism | Incoming update 49515345
2025-09-10 10:38:46,950 | INFO | code-magnetism | Callback from 1648917869 (@Tokyo_tokyo): menu:main
2025-09-10 10:38:47,561 | INFO | aiogram.event | Update id=49515345 is handled. Duration 603 ms by bot id=8095548345
2025-09-10 10:38:47,561 | INFO | code-magnetism | Update 49515345 processed successfully
2025-09-10 10:38:47,567 | INFO | uvicorn.access | 91.108.5.52:0 - "POST /telegram/webhook?secret=change_me HTTP/1.1" 200
2025-09-10 10:38:50,163 | INFO | code-magnetism | Incoming update 49515346
2025-09-10 10:38:50,164 | INFO | code-magnetism | Callback from 1648917869 (@Tokyo_tokyo): menu:about
2025-09-10 10:38:50,727 | INFO | aiogram.event | Update id=49515346 is handled. Duration 550 ms by bot id=8095548345
2025-09-10 10:38:50,729 | INFO | code-magnetism | Update 49515346 processed successfully
2025-09-10 10:38:50,739 | INFO | uvicorn.access | 91.108.5.52:0 - "POST /telegram/webhook?secret=change_me HTTP/1.1" 200
2025-09-10 11:00:00,023 | INFO | apscheduler.executors.default | Running job "job_access_expiry_reminders (trigger: cron[hour='11', minute='0'], next run at: 2025-09-11 11:00:00 -03)" (scheduled at 2025-09-10 11:00:00-03:00)
2025-09-10 11:00:00,040 | INFO | apscheduler.executors.default | Running job "job_soft_reminders (trigger: cron[hour='11', minute='0'], next run at: 2025-09-11 11:00:00 -03)" (scheduled at 2025-09-10 11:00:00-03:00)
2025-09-10 11:00:00,910 | INFO | scheduler | [job_access_expiry_reminders] D-7: none
2025-09-10 11:00:00,916 | INFO | scheduler | [job_access_expiry_reminders] D-3: none
2025-09-10 11:00:00,923 | INFO | scheduler | [job_access_expiry_reminders] D-0: none
2025-09-10 11:00:00,923 | INFO | apscheduler.executors.default | Job "job_access_expiry_reminders (trigger: cron[hour='11', minute='0'], next run at: 2025-09-11 11:00:00 -03)" executed successfully
2025-09-10 11:00:02,059 | INFO | scheduler | [job_soft_reminders] sent=2 errors=0
2025-09-10 11:00:02,060 | INFO | apscheduler.executors.default | Job "job_soft_reminders (trigger: cron[hour='11', minute='0'], next run at: 2025-09-11 11:00:00 -03)" executed successfully
2025-09-10 13:25:59,183 | INFO | code-magnetism | Routers attached: ['main-router']
2025-09-10 13:26:01,028 | INFO | uvicorn.error | Started server process [2676]
2025-09-10 13:26:01,030 | INFO | uvicorn.error | Waiting for application startup.
2025-09-10 13:26:01,051 | INFO | code-magnetism | Startup: инициализация БД/планировщика/вебхука...
2025-09-10 13:26:01,054 | INFO | db | Connecting PostgreSQL: postgresql://magnet:***@localhost:5432/magnetism
2025-09-10 13:26:02,323 | INFO | db | PostgreSQL pool created
2025-09-10 13:26:02,325 | INFO | db | Applying schema from: C:\Users\Tim\Desktop\code-magnetism\schema.sql
2025-09-10 13:26:03,523 | INFO | db | Schema applied successfully.
2025-09-10 13:26:03,525 | INFO | db | Schema applied from C:\Users\Tim\Desktop\code-magnetism\schema.sql
2025-09-10 13:26:03,525 | INFO | code-magnetism | Database initialized successfully
2025-09-10 13:26:03,812 | INFO | apscheduler.scheduler | Adding job tentatively -- it will be properly scheduled when the scheduler starts
2025-09-10 13:26:03,813 | INFO | apscheduler.scheduler | Adding job tentatively -- it will be properly scheduled when the scheduler starts
2025-09-10 13:26:03,814 | INFO | apscheduler.scheduler | Adding job tentatively -- it will be properly scheduled when the scheduler starts
2025-09-10 13:26:03,835 | INFO | apscheduler.scheduler | Added job "job_daily_lessons" to job store "default"
2025-09-10 13:26:03,836 | INFO | apscheduler.scheduler | Added job "job_soft_reminders" to job store "default"
2025-09-10 13:26:03,837 | INFO | apscheduler.scheduler | Added job "job_access_expiry_reminders" to job store "default"
2025-09-10 13:26:03,837 | INFO | apscheduler.scheduler | Scheduler started
2025-09-10 13:26:03,840 | INFO | scheduler | APScheduler started with timezone=Europe/Moscow; lessons at 10:00
2025-09-10 13:26:03,844 | INFO | code-magnetism | Scheduler initialized successfully
2025-09-10 13:26:03,845 | INFO | code-magnetism | Setting Telegram webhook to: https://937e1e23c681.ngrok-free.app/telegram/webhook?secret=change_me
2025-09-10 13:26:04,990 | INFO | code-magnetism | Old webhook deleted
2025-09-10 13:26:05,253 | INFO | code-magnetism | Telegram webhook установлен: https://937e1e23c681.ngrok-free.app/telegram/webhook?secret=change_me
2025-09-10 13:26:05,255 | INFO | code-magnetism | Startup завершён.
2025-09-10 13:26:05,263 | INFO | uvicorn.error | Application startup complete.
2025-09-10 13:26:05,268 | INFO | uvicorn.error | Uvicorn running on http://0.0.0.0:8000 (Press CTRL+C to quit)
2025-09-10 13:26:25,250 | INFO | code-magnetism | Incoming update 49515347
2025-09-10 13:26:25,251 | INFO | code-magnetism | Message from 815370781 (@goldfinger_uk): /start
2025-09-10 13:26:26,370 | INFO | aiogram.event | Update id=49515347 is handled. Duration 1065 ms by bot id=8095548345
2025-09-10 13:26:26,370 | INFO | code-magnetism | Update 49515347 processed successfully
2025-09-10 13:26:26,373 | INFO | uvicorn.access | 91.108.5.52:0 - "POST /telegram/webhook?secret=change_me HTTP/1.1" 200
2025-09-10 13:26:35,791 | INFO | code-magnetism | Incoming update 49515348
2025-09-10 13:26:35,793 | INFO | code-magnetism | Callback from 815370781 (@goldfinger_uk): menu:test
2025-09-10 13:26:36,458 | INFO | aiogram.event | Update id=49515348 is handled. Duration 654 ms by bot id=8095548345
2025-09-10 13:26:36,460 | INFO | code-magnetism | Update 49515348 processed successfully
2025-09-10 13:26:36,467 | INFO | uvicorn.access | 91.108.5.52:0 - "POST /telegram/webhook?secret=change_me HTTP/1.1" 200
2025-09-10 13:26:42,198 | INFO | code-magnetism | Incoming update 49515349
2025-09-10 13:26:42,199 | INFO | code-magnetism | Callback from 815370781 (@goldfinger_uk): menu:about
2025-09-10 13:26:42,755 | INFO | aiogram.event | Update id=49515349 is handled. Duration 549 ms by bot id=8095548345
2025-09-10 13:26:42,756 | INFO | code-magnetism | Update 49515349 processed successfully
2025-09-10 13:26:42,764 | INFO | uvicorn.access | 91.108.5.52:0 - "POST /telegram/webhook?secret=change_me HTTP/1.1" 200
2025-09-10 13:26:49,044 | INFO | code-magnetism | Incoming update 49515350
2025-09-10 13:26:49,047 | INFO | code-magnetism | Callback from 815370781 (@goldfinger_uk): menu:faq
2025-09-10 13:26:49,584 | INFO | aiogram.event | Update id=49515350 is handled. Duration 530 ms by bot id=8095548345
2025-09-10 13:26:49,585 | INFO | code-magnetism | Update 49515350 processed successfully
2025-09-10 13:26:49,592 | INFO | uvicorn.access | 91.108.5.52:0 - "POST /telegram/webhook?secret=change_me HTTP/1.1" 200
2025-09-10 13:26:54,521 | INFO | code-magnetism | Incoming update 49515351
2025-09-10 13:26:54,522 | INFO | code-magnetism | Callback from 815370781 (@goldfinger_uk): menu:funnel
2025-09-10 13:26:55,349 | INFO | aiogram.event | Update id=49515351 is handled. Duration 816 ms by bot id=8095548345
2025-09-10 13:26:55,350 | INFO | code-magnetism | Update 49515351 processed successfully
2025-09-10 13:26:55,357 | INFO | uvicorn.access | 91.108.5.52:0 - "POST /telegram/webhook?secret=change_me HTTP/1.1" 200
2025-09-10 13:26:59,660 | INFO | code-magnetism | Incoming update 49515352
2025-09-10 13:26:59,669 | INFO | code-magnetism | Callback from 815370781 (@goldfinger_uk): menu:progress
2025-09-10 13:27:00,252 | INFO | aiogram.event | Update id=49515352 is handled. Duration 578 ms by bot id=8095548345
2025-09-10 13:27:00,253 | INFO | code-magnetism | Update 49515352 processed successfully
2025-09-10 13:27:00,262 | INFO | uvicorn.access | 91.108.5.52:0 - "POST /telegram/webhook?secret=change_me HTTP/1.1" 200
2025-09-10 13:27:03,800 | INFO | code-magnetism | Incoming update 49515353
2025-09-10 13:27:03,802 | INFO | code-magnetism | Callback from 815370781 (@goldfinger_uk): menu:support
2025-09-10 13:27:04,431 | INFO | aiogram.event | Update id=49515353 is handled. Duration 621 ms by bot id=8095548345
2025-09-10 13:27:04,433 | INFO | code-magnetism | Update 49515353 processed successfully
2025-09-10 13:27:04,439 | INFO | uvicorn.access | 91.108.5.52:0 - "POST /telegram/webhook?secret=change_me HTTP/1.1" 200
2025-09-10 13:27:06,264 | INFO | code-magnetism | Incoming update 49515354
2025-09-10 13:27:06,265 | INFO | code-magnetism | Callback from 815370781 (@goldfinger_uk): menu:rules
2025-09-10 13:27:06,885 | INFO | aiogram.event | Update id=49515354 is handled. Duration 609 ms by bot id=8095548345
2025-09-10 13:27:06,886 | INFO | code-magnetism | Update 49515354 processed successfully
2025-09-10 13:27:06,894 | INFO | uvicorn.access | 91.108.5.52:0 - "POST /telegram/webhook?secret=change_me HTTP/1.1" 200
2025-09-10 13:27:23,257 | INFO | code-magnetism | Incoming update 49515355
2025-09-10 13:27:23,258 | INFO | code-magnetism | Callback from 815370781 (@goldfinger_uk): menu:analysis
2025-09-10 13:27:24,471 | INFO | aiogram.event | Update id=49515355 is handled. Duration 1206 ms by bot id=8095548345
2025-09-10 13:27:24,473 | INFO | code-magnetism | Update 49515355 processed successfully
2025-09-10 13:27:24,480 | INFO | uvicorn.access | 91.108.5.52:0 - "POST /telegram/webhook?secret=change_me HTTP/1.1" 200
2025-09-10 13:27:24,722 | INFO | code-magnetism | Incoming update 49515356
2025-09-10 13:27:24,729 | INFO | code-magnetism | Callback from 815370781 (@goldfinger_uk): menu:analysis
2025-09-10 13:27:25,300 | INFO | aiogram.event | Update id=49515356 is handled. Duration 564 ms by bot id=8095548345
2025-09-10 13:27:25,307 | INFO | code-magnetism | Update 49515356 processed successfully
2025-09-10 13:27:25,310 | INFO | uvicorn.access | 91.108.5.52:0 - "POST /telegram/webhook?secret=change_me HTTP/1.1" 200
2025-09-10 13:27:29,494 | INFO | code-magnetism | Incoming update 49515357
2025-09-10 13:27:29,495 | INFO | code-magnetism | Callback from 815370781 (@goldfinger_uk): menu:pay
2025-09-10 13:27:30,199 | INFO | aiogram.event | Update id=49515357 is handled. Duration 694 ms by bot id=8095548345
2025-09-10 13:27:30,208 | INFO | code-magnetism | Update 49515357 processed successfully
2025-09-10 13:27:30,215 | INFO | uvicorn.access | 91.108.5.52:0 - "POST /telegram/webhook?secret=change_me HTTP/1.1" 200
2025-09-10 13:27:35,704 | INFO | code-magnetism | Incoming update 49515358
2025-09-10 13:27:35,705 | INFO | code-magnetism | Callback from 815370781 (@goldfinger_uk): menu:admin
2025-09-10 13:27:36,280 | INFO | aiogram.event | Update id=49515358 is handled. Duration 566 ms by bot id=8095548345
2025-09-10 13:27:36,282 | INFO | code-magnetism | Update 49515358 processed successfully
2025-09-10 13:27:36,289 | INFO | uvicorn.access | 91.108.5.52:0 - "POST /telegram/webhook?secret=change_me HTTP/1.1" 200
2025-09-10 13:27:39,125 | INFO | code-magnetism | Incoming update 49515359
2025-09-10 13:27:39,126 | INFO | code-magnetism | Callback from 815370781 (@goldfinger_uk): menu:main
2025-09-10 13:27:39,934 | INFO | aiogram.event | Update id=49515359 is handled. Duration 798 ms by bot id=8095548345
2025-09-10 13:27:39,936 | INFO | code-magnetism | Update 49515359 processed successfully
2025-09-10 13:27:39,943 | INFO | uvicorn.access | 91.108.5.52:0 - "POST /telegram/webhook?secret=change_me HTTP/1.1" 200
2025-09-10 13:29:17,208 | INFO | code-magnetism | Incoming update 49515360
2025-09-10 13:29:17,209 | INFO | code-magnetism | Callback from 815370781 (@goldfinger_uk): menu:funnel
2025-09-10 13:29:18,146 | INFO | aiogram.event | Update id=49515360 is handled. Duration 930 ms by bot id=8095548345
2025-09-10 13:29:18,146 | INFO | code-magnetism | Update 49515360 processed successfully
2025-09-10 13:29:18,152 | INFO | uvicorn.access | 91.108.5.52:0 - "POST /telegram/webhook?secret=change_me HTTP/1.1" 200
2025-09-10 13:29:19,210 | INFO | code-magnetism | Incoming update 49515361
2025-09-10 13:29:19,211 | INFO | code-magnetism | Callback from 815370781 (@goldfinger_uk): menu:about
2025-09-10 13:29:19,699 | INFO | aiogram.event | Update id=49515361 is handled. Duration 481 ms by bot id=8095548345
2025-09-10 13:29:19,699 | INFO | code-magnetism | Update 49515361 processed successfully
2025-09-10 13:29:19,705 | INFO | uvicorn.access | 91.108.5.52:0 - "POST /telegram/webhook?secret=change_me HTTP/1.1" 200
2025-09-10 13:29:22,627 | INFO | code-magnetism | Incoming update 49515362
2025-09-10 13:29:22,627 | INFO | code-magnetism | Callback from 815370781 (@goldfinger_uk): menu:faq
2025-09-10 13:29:23,105 | INFO | aiogram.event | Update id=49515362 is handled. Duration 472 ms by bot id=8095548345
2025-09-10 13:29:23,108 | INFO | code-magnetism | Update 49515362 processed successfully
2025-09-10 13:29:23,111 | INFO | uvicorn.access | 91.108.5.52:0 - "POST /telegram/webhook?secret=change_me HTTP/1.1" 200
2025-09-10 13:29:27,378 | INFO | code-magnetism | Incoming update 49515363
2025-09-10 13:29:27,378 | INFO | code-magnetism | Callback from 815370781 (@goldfinger_uk): menu:rules
2025-09-10 13:29:28,032 | INFO | aiogram.event | Update id=49515363 is handled. Duration 648 ms by bot id=8095548345
2025-09-10 13:29:28,034 | INFO | code-magnetism | Update 49515363 processed successfully
2025-09-10 13:29:28,043 | INFO | uvicorn.access | 91.108.5.52:0 - "POST /telegram/webhook?secret=change_me HTTP/1.1" 200
2025-09-10 13:29:37,239 | INFO | code-magnetism | Incoming update 49515364
2025-09-10 13:29:37,240 | INFO | code-magnetism | Callback from 815370781 (@goldfinger_uk): menu:pay
2025-09-10 13:29:37,712 | INFO | aiogram.event | Update id=49515364 is handled. Duration 466 ms by bot id=8095548345
2025-09-10 13:29:37,713 | INFO | code-magnetism | Update 49515364 processed successfully
2025-09-10 13:29:37,718 | INFO | uvicorn.access | 91.108.5.52:0 - "POST /telegram/webhook?secret=change_me HTTP/1.1" 200
2025-09-10 13:29:38,925 | INFO | code-magnetism | Incoming update 49515365
2025-09-10 13:29:38,926 | INFO | code-magnetism | Callback from 815370781 (@goldfinger_uk): menu:admin
2025-09-10 13:29:39,398 | INFO | aiogram.event | Update id=49515365 is handled. Duration 465 ms by bot id=8095548345
2025-09-10 13:29:39,399 | INFO | code-magnetism | Update 49515365 processed successfully
2025-09-10 13:29:39,403 | INFO | uvicorn.access | 91.108.5.52:0 - "POST /telegram/webhook?secret=change_me HTTP/1.1" 200
2025-09-10 13:29:41,977 | INFO | code-magnetism | Incoming update 49515366
2025-09-10 13:29:41,977 | INFO | code-magnetism | Callback from 815370781 (@goldfinger_uk): admin:users
2025-09-10 13:29:42,479 | INFO | aiogram.event | Update id=49515366 is handled. Duration 495 ms by bot id=8095548345
2025-09-10 13:29:42,494 | INFO | code-magnetism | Update 49515366 processed successfully
2025-09-10 13:29:42,500 | INFO | uvicorn.access | 91.108.5.52:0 - "POST /telegram/webhook?secret=change_me HTTP/1.1" 200
2025-09-10 13:29:52,001 | INFO | code-magnetism | Incoming update 49515367
2025-09-10 13:29:52,002 | INFO | code-magnetism | Callback from 815370781 (@goldfinger_uk): admin:content
2025-09-10 13:29:52,573 | INFO | aiogram.event | Update id=49515367 is handled. Duration 556 ms by bot id=8095548345
2025-09-10 13:29:52,589 | INFO | code-magnetism | Update 49515367 processed successfully
2025-09-10 13:29:52,591 | INFO | uvicorn.access | 91.108.5.52:0 - "POST /telegram/webhook?secret=change_me HTTP/1.1" 200
2025-09-10 13:29:56,113 | INFO | code-magnetism | Incoming update 49515368
2025-09-10 13:29:56,113 | INFO | code-magnetism | Callback from 815370781 (@goldfinger_uk): admin:stats
2025-09-10 13:29:56,712 | INFO | aiogram.event | Update id=49515368 is handled. Duration 592 ms by bot id=8095548345
2025-09-10 13:29:56,713 | INFO | code-magnetism | Update 49515368 processed successfully
2025-09-10 13:29:56,718 | INFO | uvicorn.access | 91.108.5.52:0 - "POST /telegram/webhook?secret=change_me HTTP/1.1" 200
2025-09-10 13:30:03,833 | INFO | code-magnetism | Incoming update 49515369
2025-09-10 13:30:03,833 | INFO | code-magnetism | Callback from 815370781 (@goldfinger_uk): admin:debug
2025-09-10 13:30:06,114 | INFO | aiogram.event | Update id=49515369 is handled. Duration 2274 ms by bot id=8095548345
2025-09-10 13:30:06,129 | INFO | code-magnetism | Update 49515369 processed successfully
2025-09-10 13:30:06,132 | INFO | uvicorn.access | 91.108.5.52:0 - "POST /telegram/webhook?secret=change_me HTTP/1.1" 200
2025-09-10 13:33:12,950 | INFO | code-magnetism | Incoming update 49515370
2025-09-10 13:33:12,952 | INFO | code-magnetism | Message from 815370781 (@goldfinger_uk): /content_set
2025-09-10 13:33:13,790 | INFO | aiogram.event | Update id=49515370 is handled. Duration 828 ms by bot id=8095548345
2025-09-10 13:33:13,792 | INFO | code-magnetism | Update 49515370 processed successfully
2025-09-10 13:33:13,800 | INFO | uvicorn.access | 91.108.5.52:0 - "POST /telegram/webhook?secret=change_me HTTP/1.1" 200
2025-09-10 13:33:30,362 | INFO | code-magnetism | Incoming update 49515371
2025-09-10 13:33:30,364 | INFO | code-magnetism | Message from 815370781 (@goldfinger_uk): Новый тест видеососа
2025-09-10 13:33:31,103 | INFO | aiogram.event | Update id=49515371 is handled. Duration 729 ms by bot id=8095548345
2025-09-10 13:33:31,104 | INFO | code-magnetism | Update 49515371 processed successfully
2025-09-10 13:33:31,109 | INFO | uvicorn.access | 91.108.5.52:0 - "POST /telegram/webhook?secret=change_me HTTP/1.1" 200
2025-09-10 13:33:34,198 | INFO | code-magnetism | Incoming update 49515372
2025-09-10 13:33:34,201 | INFO | code-magnetism | Message from 815370781 (@goldfinger_uk): /start
2025-09-10 13:33:35,311 | INFO | aiogram.event | Update id=49515372 is handled. Duration 1104 ms by bot id=8095548345
2025-09-10 13:33:35,312 | INFO | code-magnetism | Update 49515372 processed successfully
2025-09-10 13:33:35,316 | INFO | uvicorn.access | 91.108.5.52:0 - "POST /telegram/webhook?secret=change_me HTTP/1.1" 200
2025-09-10 13:33:37,536 | INFO | code-magnetism | Incoming update 49515373
2025-09-10 13:33:37,537 | INFO | code-magnetism | Callback from 815370781 (@goldfinger_uk): menu:funnel
2025-09-10 13:33:38,118 | INFO | aiogram.event | Update id=49515373 is handled. Duration 572 ms by bot id=8095548345
2025-09-10 13:33:38,119 | INFO | code-magnetism | Update 49515373 processed successfully
2025-09-10 13:33:38,127 | INFO | uvicorn.access | 91.108.5.52:0 - "POST /telegram/webhook?secret=change_me HTTP/1.1" 200
2025-09-10 13:33:49,109 | INFO | code-magnetism | Incoming update 49515374
2025-09-10 13:33:49,116 | INFO | code-magnetism | Callback from 815370781 (@goldfinger_uk): menu:test
2025-09-10 13:33:49,814 | INFO | aiogram.event | Update id=49515374 is handled. Duration 693 ms by bot id=8095548345
2025-09-10 13:33:49,816 | INFO | code-magnetism | Update 49515374 processed successfully
2025-09-10 13:33:49,823 | INFO | uvicorn.access | 91.108.5.52:0 - "POST /telegram/webhook?secret=change_me HTTP/1.1" 200
2025-09-10 13:33:51,594 | INFO | code-magnetism | Incoming update 49515375
2025-09-10 13:33:51,595 | INFO | code-magnetism | Callback from 815370781 (@goldfinger_uk): menu:rules
2025-09-10 13:33:52,159 | INFO | aiogram.event | Update id=49515375 is handled. Duration 557 ms by bot id=8095548345
2025-09-10 13:33:52,160 | INFO | code-magnetism | Update 49515375 processed successfully
2025-09-10 13:33:52,168 | INFO | uvicorn.access | 91.108.5.52:0 - "POST /telegram/webhook?secret=change_me HTTP/1.1" 200
2025-09-10 13:33:53,865 | INFO | code-magnetism | Incoming update 49515376
2025-09-10 13:33:53,866 | INFO | code-magnetism | Callback from 815370781 (@goldfinger_uk): menu:funnel
2025-09-10 13:33:54,410 | INFO | aiogram.event | Update id=49515376 is handled. Duration 535 ms by bot id=8095548345
2025-09-10 13:33:54,411 | INFO | code-magnetism | Update 49515376 processed successfully
2025-09-10 13:33:54,415 | INFO | uvicorn.access | 91.108.5.52:0 - "POST /telegram/webhook?secret=change_me HTTP/1.1" 200
2025-09-10 13:33:56,949 | INFO | code-magnetism | Incoming update 49515377
2025-09-10 13:33:56,949 | INFO | code-magnetism | Callback from 815370781 (@goldfinger_uk): menu:progress
2025-09-10 13:33:57,689 | INFO | aiogram.event | Update id=49515377 is handled. Duration 731 ms by bot id=8095548345
2025-09-10 13:33:57,690 | INFO | code-magnetism | Update 49515377 processed successfully
2025-09-10 13:33:57,694 | INFO | uvicorn.access | 91.108.5.52:0 - "POST /telegram/webhook?secret=change_me HTTP/1.1" 200
2025-09-10 13:34:06,560 | INFO | code-magnetism | Incoming update 49515378
2025-09-10 13:34:06,561 | INFO | code-magnetism | Callback from 815370781 (@goldfinger_uk): menu:about
2025-09-10 13:34:07,095 | INFO | aiogram.event | Update id=49515378 is handled. Duration 529 ms by bot id=8095548345
2025-09-10 13:34:07,096 | INFO | code-magnetism | Update 49515378 processed successfully
2025-09-10 13:34:07,101 | INFO | uvicorn.access | 91.108.5.52:0 - "POST /telegram/webhook?secret=change_me HTTP/1.1" 200
2025-09-10 13:42:57,206 | INFO | uvicorn.error | Shutting down
2025-09-10 13:42:57,325 | INFO | uvicorn.error | Waiting for application shutdown.
2025-09-10 13:42:57,326 | INFO | code-magnetism | Shutdown: останавливаем планировщик/закрываем БД...
2025-09-10 13:42:57,331 | INFO | scheduler | APScheduler shut down
2025-09-10 13:42:57,333 | INFO | code-magnetism | Scheduler stopped successfully
2025-09-10 13:42:57,335 | INFO | apscheduler.scheduler | Scheduler has been shut down
2025-09-10 13:42:57,339 | INFO | db | PostgreSQL pool closed
2025-09-10 13:42:57,340 | INFO | code-magnetism | Database closed successfully
2025-09-10 13:42:57,347 | INFO | code-magnetism | Shutdown завершён.
2025-09-10 13:42:57,350 | INFO | uvicorn.error | Application shutdown complete.
2025-09-10 13:42:57,351 | INFO | uvicorn.error | Finished server process [2676]
2025-09-10 13:48:12,660 | INFO | code-magnetism | Routers attached: ['main-router']
2025-09-10 13:48:13,823 | INFO | uvicorn.error | Started server process [10488]
2025-09-10 13:48:13,824 | INFO | uvicorn.error | Waiting for application startup.
2025-09-10 13:48:13,832 | INFO | code-magnetism | Startup: инициализация БД/планировщика/вебхука...
2025-09-10 13:48:13,833 | INFO | db | Connecting PostgreSQL: postgresql://magnet:***@localhost:5432/magnetism
2025-09-10 13:48:14,421 | INFO | db | PostgreSQL pool created
2025-09-10 13:48:14,422 | INFO | db | Applying schema from: C:\Users\Tim\Desktop\code-magnetism\schema.sql
2025-09-10 13:48:14,570 | INFO | db | Schema applied successfully.
2025-09-10 13:48:14,571 | INFO | db | Schema applied from C:\Users\Tim\Desktop\code-magnetism\schema.sql
2025-09-10 13:48:14,575 | INFO | code-magnetism | Database initialized successfully
2025-09-10 13:48:14,607 | INFO | apscheduler.scheduler | Adding job tentatively -- it will be properly scheduled when the scheduler starts
2025-09-10 13:48:14,608 | INFO | apscheduler.scheduler | Adding job tentatively -- it will be properly scheduled when the scheduler starts
2025-09-10 13:48:14,610 | INFO | apscheduler.scheduler | Adding job tentatively -- it will be properly scheduled when the scheduler starts
2025-09-10 13:48:14,630 | INFO | apscheduler.scheduler | Added job "job_daily_lessons" to job store "default"
2025-09-10 13:48:14,631 | INFO | apscheduler.scheduler | Added job "job_soft_reminders" to job store "default"
2025-09-10 13:48:14,633 | INFO | apscheduler.scheduler | Added job "job_access_expiry_reminders" to job store "default"
2025-09-10 13:48:14,634 | INFO | apscheduler.scheduler | Scheduler started
2025-09-10 13:48:14,636 | INFO | scheduler | APScheduler started with timezone=Europe/Moscow; lessons at 10:00
2025-09-10 13:48:14,637 | INFO | code-magnetism | Scheduler initialized successfully
2025-09-10 13:48:14,639 | INFO | code-magnetism | Setting Telegram webhook to: https://937e1e23c681.ngrok-free.app/telegram/webhook?secret=change_me
2025-09-10 13:48:15,296 | INFO | code-magnetism | Old webhook deleted
2025-09-10 13:48:15,504 | INFO | code-magnetism | Telegram webhook установлен: https://937e1e23c681.ngrok-free.app/telegram/webhook?secret=change_me
2025-09-10 13:48:15,506 | INFO | code-magnetism | Startup завершён.
2025-09-10 13:48:15,513 | INFO | uvicorn.error | Application startup complete.
2025-09-10 13:48:15,518 | INFO | uvicorn.error | Uvicorn running on http://0.0.0.0:8000 (Press CTRL+C to quit)
2025-09-10 13:48:24,251 | INFO | code-magnetism | Incoming update 49515380
2025-09-10 13:48:24,251 | INFO | code-magnetism | Message from 815370781 (@goldfinger_uk): /start
2025-09-10 13:48:25,238 | INFO | aiogram.event | Update id=49515380 is handled. Duration 981 ms by bot id=8095548345
2025-09-10 13:48:25,239 | INFO | code-magnetism | Update 49515380 processed successfully
2025-09-10 13:48:25,244 | INFO | uvicorn.access | 91.108.5.52:0 - "POST /telegram/webhook?secret=change_me HTTP/1.1" 200
2025-09-10 13:48:33,716 | INFO | code-magnetism | Incoming update 49515381
2025-09-10 13:48:33,722 | INFO | code-magnetism | Callback from 815370781 (@goldfinger_uk): menu:admin
2025-09-10 13:48:34,446 | INFO | aiogram.event | Update id=49515381 is handled. Duration 718 ms by bot id=8095548345
2025-09-10 13:48:34,451 | INFO | code-magnetism | Update 49515381 processed successfully
2025-09-10 13:48:34,455 | INFO | uvicorn.access | 91.108.5.52:0 - "POST /telegram/webhook?secret=change_me HTTP/1.1" 200
2025-09-10 13:48:38,994 | INFO | code-magnetism | Incoming update 49515382
2025-09-10 13:48:38,995 | INFO | code-magnetism | Callback from 815370781 (@goldfinger_uk): menu:main
2025-09-10 13:48:39,558 | INFO | aiogram.event | Update id=49515382 is handled. Duration 553 ms by bot id=8095548345
2025-09-10 13:48:39,560 | INFO | code-magnetism | Update 49515382 processed successfully
2025-09-10 13:48:39,568 | INFO | uvicorn.access | 91.108.5.52:0 - "POST /telegram/webhook?secret=change_me HTTP/1.1" 200
2025-09-10 13:48:42,135 | INFO | code-magnetism | Incoming update 49515383
2025-09-10 13:48:42,136 | INFO | code-magnetism | Callback from 815370781 (@goldfinger_uk): menu:support
2025-09-10 13:48:42,694 | INFO | aiogram.event | Update id=49515383 is handled. Duration 548 ms by bot id=8095548345
2025-09-10 13:48:42,695 | INFO | code-magnetism | Update 49515383 processed successfully
2025-09-10 13:48:42,700 | INFO | uvicorn.access | 91.108.5.52:0 - "POST /telegram/webhook?secret=change_me HTTP/1.1" 200
2025-09-10 13:48:45,893 | INFO | code-magnetism | Incoming update 49515384
2025-09-10 13:48:45,895 | INFO | code-magnetism | Callback from 815370781 (@goldfinger_uk): menu:progress
2025-09-10 13:48:46,564 | INFO | aiogram.event | Update id=49515384 is handled. Duration 658 ms by bot id=8095548345
2025-09-10 13:48:46,574 | INFO | code-magnetism | Update 49515384 processed successfully
2025-09-10 13:48:46,580 | INFO | uvicorn.access | 91.108.5.52:0 - "POST /telegram/webhook?secret=change_me HTTP/1.1" 200
2025-09-10 13:48:53,097 | INFO | code-magnetism | Incoming update 49515385
2025-09-10 13:48:53,097 | INFO | code-magnetism | Message from 1648917869 (@Tokyo_tokyo): /start
2025-09-10 13:48:53,557 | INFO | aiogram.event | Update id=49515385 is handled. Duration 454 ms by bot id=8095548345
2025-09-10 13:48:53,562 | INFO | code-magnetism | Update 49515385 processed successfully
2025-09-10 13:48:53,565 | INFO | uvicorn.access | 91.108.5.52:0 - "POST /telegram/webhook?secret=change_me HTTP/1.1" 200
2025-09-10 13:49:10,023 | INFO | code-magnetism | Incoming update 49515386
2025-09-10 13:49:10,024 | INFO | code-magnetism | Callback from 1648917869 (@Tokyo_tokyo): menu:about
2025-09-10 13:49:11,102 | INFO | aiogram.event | Update id=49515386 is handled. Duration 1072 ms by bot id=8095548345
2025-09-10 13:49:11,104 | INFO | code-magnetism | Update 49515386 processed successfully
2025-09-10 13:49:11,112 | INFO | uvicorn.access | 91.108.5.52:0 - "POST /telegram/webhook?secret=change_me HTTP/1.1" 200
2025-09-10 13:49:13,357 | INFO | code-magnetism | Incoming update 49515387
2025-09-10 13:49:13,357 | INFO | code-magnetism | Callback from 1648917869 (@Tokyo_tokyo): menu:faq
2025-09-10 13:49:13,969 | INFO | aiogram.event | Update id=49515387 is handled. Duration 606 ms by bot id=8095548345
2025-09-10 13:49:13,971 | INFO | code-magnetism | Update 49515387 processed successfully
2025-09-10 13:49:13,976 | INFO | uvicorn.access | 91.108.5.52:0 - "POST /telegram/webhook?secret=change_me HTTP/1.1" 200
2025-09-10 13:49:24,680 | INFO | code-magnetism | Incoming update 49515388
2025-09-10 13:49:24,681 | INFO | code-magnetism | Callback from 1648917869 (@Tokyo_tokyo): menu:funnel
2025-09-10 13:49:25,206 | INFO | aiogram.event | Update id=49515388 is handled. Duration 517 ms by bot id=8095548345
2025-09-10 13:49:25,207 | INFO | code-magnetism | Update 49515388 processed successfully
2025-09-10 13:49:25,211 | INFO | uvicorn.access | 91.108.5.52:0 - "POST /telegram/webhook?secret=change_me HTTP/1.1" 200
2025-09-10 13:49:32,201 | INFO | code-magnetism | Incoming update 49515389
2025-09-10 13:49:32,202 | INFO | code-magnetism | Callback from 1648917869 (@Tokyo_tokyo): menu:back
2025-09-10 13:49:33,113 | INFO | aiogram.event | Update id=49515389 is handled. Duration 905 ms by bot id=8095548345
2025-09-10 13:49:33,113 | INFO | code-magnetism | Update 49515389 processed successfully
2025-09-10 13:49:33,118 | INFO | uvicorn.access | 91.108.5.52:0 - "POST /telegram/webhook?secret=change_me HTTP/1.1" 200
2025-09-10 13:49:35,078 | INFO | code-magnetism | Incoming update 49515390
2025-09-10 13:49:35,080 | INFO | code-magnetism | Callback from 1648917869 (@Tokyo_tokyo): menu:progress
2025-09-10 13:49:35,754 | INFO | aiogram.event | Update id=49515390 is handled. Duration 665 ms by bot id=8095548345
2025-09-10 13:49:35,755 | INFO | code-magnetism | Update 49515390 processed successfully
2025-09-10 13:49:35,760 | INFO | uvicorn.access | 91.108.5.52:0 - "POST /telegram/webhook?secret=change_me HTTP/1.1" 200
2025-09-10 13:49:41,260 | INFO | code-magnetism | Incoming update 49515391
2025-09-10 13:49:41,261 | INFO | code-magnetism | Callback from 1648917869 (@Tokyo_tokyo): menu:support
2025-09-10 13:49:41,735 | INFO | aiogram.event | Update id=49515391 is handled. Duration 466 ms by bot id=8095548345
2025-09-10 13:49:41,737 | INFO | code-magnetism | Update 49515391 processed successfully
2025-09-10 13:49:41,745 | INFO | uvicorn.access | 91.108.5.52:0 - "POST /telegram/webhook?secret=change_me HTTP/1.1" 200
2025-09-10 13:49:45,936 | INFO | code-magnetism | Incoming update 49515392
2025-09-10 13:49:45,937 | INFO | code-magnetism | Callback from 1648917869 (@Tokyo_tokyo): menu:rules
2025-09-10 13:49:46,595 | INFO | aiogram.event | Update id=49515392 is handled. Duration 651 ms by bot id=8095548345
2025-09-10 13:49:46,597 | INFO | code-magnetism | Update 49515392 processed successfully
2025-09-10 13:49:46,604 | INFO | uvicorn.access | 91.108.5.52:0 - "POST /telegram/webhook?secret=change_me HTTP/1.1" 200
2025-09-10 13:49:53,670 | INFO | code-magnetism | Incoming update 49515393
2025-09-10 13:49:53,670 | INFO | code-magnetism | Callback from 1648917869 (@Tokyo_tokyo): menu:analysis
2025-09-10 13:49:54,202 | INFO | aiogram.event | Update id=49515393 is handled. Duration 525 ms by bot id=8095548345
2025-09-10 13:49:54,204 | INFO | code-magnetism | Update 49515393 processed successfully
2025-09-10 13:49:54,225 | INFO | uvicorn.access | 91.108.5.52:0 - "POST /telegram/webhook?secret=change_me HTTP/1.1" 200
2025-09-10 13:50:21,474 | INFO | code-magnetism | Incoming update 49515394
2025-09-10 13:50:21,480 | INFO | code-magnetism | Callback from 1648917869 (@Tokyo_tokyo): menu:rules
2025-09-10 13:50:22,584 | INFO | aiogram.event | Update id=49515394 is handled. Duration 1098 ms by bot id=8095548345
2025-09-10 13:50:22,587 | INFO | code-magnetism | Update 49515394 processed successfully
2025-09-10 13:50:22,594 | INFO | uvicorn.access | 91.108.5.52:0 - "POST /telegram/webhook?secret=change_me HTTP/1.1" 200
2025-09-10 13:50:23,644 | INFO | code-magnetism | Incoming update 49515395
2025-09-10 13:50:23,645 | INFO | code-magnetism | Callback from 1648917869 (@Tokyo_tokyo): menu:test
2025-09-10 13:50:24,261 | INFO | aiogram.event | Update id=49515395 is handled. Duration 605 ms by bot id=8095548345
2025-09-10 13:50:24,263 | INFO | code-magnetism | Update 49515395 processed successfully
2025-09-10 13:50:24,270 | INFO | uvicorn.access | 91.108.5.52:0 - "POST /telegram/webhook?secret=change_me HTTP/1.1" 200
2025-09-10 13:50:27,420 | INFO | code-magnetism | Incoming update 49515396
2025-09-10 13:50:27,421 | INFO | code-magnetism | Callback from 1648917869 (@Tokyo_tokyo): menu:pay
2025-09-10 13:50:28,066 | INFO | aiogram.event | Update id=49515396 is handled. Duration 635 ms by bot id=8095548345
2025-09-10 13:50:28,076 | INFO | code-magnetism | Update 49515396 processed successfully
2025-09-10 13:50:28,081 | INFO | uvicorn.access | 91.108.5.52:0 - "POST /telegram/webhook?secret=change_me HTTP/1.1" 200
2025-09-10 13:50:34,476 | INFO | code-magnetism | Incoming update 49515397
2025-09-10 13:50:34,477 | INFO | code-magnetism | Callback from 1648917869 (@Tokyo_tokyo): menu:admin
2025-09-10 13:50:35,126 | INFO | aiogram.event | Update id=49515397 is handled. Duration 637 ms by bot id=8095548345
2025-09-10 13:50:35,126 | INFO | code-magnetism | Update 49515397 processed successfully
2025-09-10 13:50:35,131 | INFO | uvicorn.access | 91.108.5.52:0 - "POST /telegram/webhook?secret=change_me HTTP/1.1" 200
2025-09-10 13:50:38,672 | INFO | code-magnetism | Incoming update 49515398
2025-09-10 13:50:38,673 | INFO | code-magnetism | Callback from 1648917869 (@Tokyo_tokyo): admin:users
2025-09-10 13:50:39,366 | INFO | aiogram.event | Update id=49515398 is handled. Duration 683 ms by bot id=8095548345
2025-09-10 13:50:39,368 | INFO | code-magnetism | Update 49515398 processed successfully
2025-09-10 13:50:39,374 | INFO | uvicorn.access | 91.108.5.52:0 - "POST /telegram/webhook?secret=change_me HTTP/1.1" 200
2025-09-10 13:50:42,315 | INFO | code-magnetism | Incoming update 49515399
2025-09-10 13:50:42,316 | INFO | code-magnetism | Callback from 1648917869 (@Tokyo_tokyo): admin:debug
2025-09-10 13:50:42,909 | INFO | aiogram.event | Update id=49515399 is handled. Duration 586 ms by bot id=8095548345
2025-09-10 13:50:42,910 | INFO | code-magnetism | Update 49515399 processed successfully
2025-09-10 13:50:42,915 | INFO | uvicorn.access | 91.108.5.52:0 - "POST /telegram/webhook?secret=change_me HTTP/1.1" 200
2025-09-10 13:50:45,029 | INFO | code-magnetism | Incoming update 49515400
2025-09-10 13:50:45,030 | INFO | code-magnetism | Callback from 1648917869 (@Tokyo_tokyo): admin:content
2025-09-10 13:50:45,603 | INFO | aiogram.event | Update id=49515400 is handled. Duration 563 ms by bot id=8095548345
2025-09-10 13:50:45,609 | INFO | code-magnetism | Update 49515400 processed successfully
2025-09-10 13:50:45,613 | INFO | uvicorn.access | 91.108.5.52:0 - "POST /telegram/webhook?secret=change_me HTTP/1.1" 200
2025-09-10 13:50:53,756 | INFO | code-magnetism | Incoming update 49515401
2025-09-10 13:50:53,762 | INFO | code-magnetism | Message from 1648917869 (@Tokyo_tokyo): /content_keys
2025-09-10 13:50:54,242 | INFO | aiogram.event | Update id=49515401 is handled. Duration 475 ms by bot id=8095548345
2025-09-10 13:50:54,250 | INFO | code-magnetism | Update 49515401 processed successfully
2025-09-10 13:50:54,256 | INFO | uvicorn.access | 91.108.5.52:0 - "POST /telegram/webhook?secret=change_me HTTP/1.1" 200
2025-09-10 13:51:02,213 | INFO | code-magnetism | Incoming update 49515402
2025-09-10 13:51:02,220 | INFO | code-magnetism | Message from 1648917869 (@Tokyo_tokyo): /content_get
2025-09-10 13:51:02,532 | INFO | aiogram.event | Update id=49515402 is handled. Duration 308 ms by bot id=8095548345
2025-09-10 13:51:02,532 | INFO | code-magnetism | Update 49515402 processed successfully
2025-09-10 13:51:02,536 | INFO | uvicorn.access | 91.108.5.52:0 - "POST /telegram/webhook?secret=change_me HTTP/1.1" 200
2025-09-10 13:51:07,397 | INFO | code-magnetism | Incoming update 49515403
2025-09-10 13:51:07,398 | INFO | code-magnetism | Callback from 1648917869 (@Tokyo_tokyo): admin:stats
2025-09-10 13:51:08,005 | INFO | aiogram.event | Update id=49515403 is handled. Duration 596 ms by bot id=8095548345
2025-09-10 13:51:08,007 | INFO | code-magnetism | Update 49515403 processed successfully
2025-09-10 13:51:08,014 | INFO | uvicorn.access | 91.108.5.52:0 - "POST /telegram/webhook?secret=change_me HTTP/1.1" 200
2025-09-10 13:51:15,941 | INFO | code-magnetism | Incoming update 49515404
2025-09-10 13:51:15,942 | INFO | code-magnetism | Callback from 1648917869 (@Tokyo_tokyo): admin:broadcast
2025-09-10 13:51:16,735 | INFO | aiogram.event | Update id=49515404 is handled. Duration 783 ms by bot id=8095548345
2025-09-10 13:51:16,744 | INFO | code-magnetism | Update 49515404 processed successfully
2025-09-10 13:51:16,751 | INFO | uvicorn.access | 91.108.5.52:0 - "POST /telegram/webhook?secret=change_me HTTP/1.1" 200
2025-09-10 13:51:20,820 | INFO | code-magnetism | Incoming update 49515405
2025-09-10 13:51:20,831 | INFO | code-magnetism | Message from 1648917869 (@Tokyo_tokyo): /broadcast
2025-09-10 13:51:21,125 | INFO | aiogram.event | Update id=49515405 is handled. Duration 287 ms by bot id=8095548345
2025-09-10 13:51:21,127 | INFO | code-magnetism | Update 49515405 processed successfully
2025-09-10 13:51:21,135 | INFO | uvicorn.access | 91.108.5.52:0 - "POST /telegram/webhook?secret=change_me HTTP/1.1" 200
2025-09-10 13:51:32,209 | INFO | code-magnetism | Incoming update 49515406
2025-09-10 13:51:32,210 | INFO | code-magnetism | Message from 1648917869 (@Tokyo_tokyo): гаааа
2025-09-10 13:51:32,572 | INFO | aiogram.event | Update id=49515406 is handled. Duration 356 ms by bot id=8095548345
2025-09-10 13:51:32,574 | INFO | code-magnetism | Update 49515406 processed successfully
2025-09-10 13:51:32,581 | INFO | uvicorn.access | 91.108.5.52:0 - "POST /telegram/webhook?secret=change_me HTTP/1.1" 200
2025-09-10 13:51:59,020 | INFO | code-magnetism | Incoming update 49515407
2025-09-10 13:51:59,022 | INFO | code-magnetism | Message from 1648917869 (@Tokyo_tokyo): fuck
2025-09-10 13:51:59,793 | INFO | aiogram.event | Update id=49515407 is handled. Duration 764 ms by bot id=8095548345
2025-09-10 13:51:59,802 | INFO | code-magnetism | Update 49515407 processed successfully
2025-09-10 13:51:59,808 | INFO | uvicorn.access | 91.108.5.52:0 - "POST /telegram/webhook?secret=change_me HTTP/1.1" 200
2025-09-11 19:34:08,580 | INFO | code-magnetism | Routers attached: ['main-router']
2025-09-11 19:34:10,264 | INFO | uvicorn.error | Started server process [3328]
2025-09-11 19:34:10,265 | INFO | uvicorn.error | Waiting for application startup.
2025-09-11 19:34:10,287 | INFO | code-magnetism | Startup: инициализация БД/планировщика/вебхука...
2025-09-11 19:34:10,289 | INFO | db | Connecting PostgreSQL: postgresql://magnet:***@localhost:5432/magnetism
2025-09-11 19:34:11,286 | INFO | db | PostgreSQL pool created
2025-09-11 19:34:11,287 | INFO | db | Applying schema from: C:\Users\Tim\Desktop\code-magnetism\schema.sql
2025-09-11 19:34:12,637 | INFO | db | Schema applied successfully.
2025-09-11 19:34:12,638 | INFO | db | Schema applied from C:\Users\Tim\Desktop\code-magnetism\schema.sql
2025-09-11 19:34:12,639 | INFO | code-magnetism | Database initialized successfully
2025-09-11 19:34:12,804 | INFO | apscheduler.scheduler | Adding job tentatively -- it will be properly scheduled when the scheduler starts
2025-09-11 19:34:12,806 | INFO | apscheduler.scheduler | Adding job tentatively -- it will be properly scheduled when the scheduler starts
2025-09-11 19:34:12,807 | INFO | apscheduler.scheduler | Adding job tentatively -- it will be properly scheduled when the scheduler starts
2025-09-11 19:34:12,827 | INFO | apscheduler.scheduler | Added job "job_daily_lessons" to job store "default"
2025-09-11 19:34:12,828 | INFO | apscheduler.scheduler | Added job "job_soft_reminders" to job store "default"
2025-09-11 19:34:12,830 | INFO | apscheduler.scheduler | Added job "job_access_expiry_reminders" to job store "default"
2025-09-11 19:34:12,830 | INFO | apscheduler.scheduler | Scheduler started
2025-09-11 19:34:12,831 | INFO | scheduler | APScheduler started with timezone=Europe/Moscow; lessons at 10:00
2025-09-11 19:34:12,834 | INFO | code-magnetism | Scheduler initialized successfully
2025-09-11 19:34:12,834 | INFO | code-magnetism | Setting Telegram webhook to: https://b007f3dfac6f.ngrok-free.app/telegram/webhook?secret=change_me
2025-09-11 19:34:13,866 | INFO | code-magnetism | Old webhook deleted
2025-09-11 19:34:14,108 | INFO | code-magnetism | Telegram webhook установлен: https://b007f3dfac6f.ngrok-free.app/telegram/webhook?secret=change_me
2025-09-11 19:34:14,109 | INFO | code-magnetism | Startup завершён.
2025-09-11 19:34:14,111 | INFO | uvicorn.error | Application startup complete.
2025-09-11 19:34:14,113 | INFO | uvicorn.error | Uvicorn running on http://0.0.0.0:8000 (Press CTRL+C to quit)
2025-09-11 19:34:33,620 | INFO | code-magnetism | Incoming update 49515408
2025-09-11 19:34:33,621 | INFO | code-magnetism | Message from 815370781 (@goldfinger_uk): /start
2025-09-11 19:34:35,092 | INFO | aiogram.event | Update id=49515408 is handled. Duration 1395 ms by bot id=8095548345
2025-09-11 19:34:35,093 | INFO | code-magnetism | Update 49515408 processed successfully
2025-09-11 19:34:35,094 | INFO | uvicorn.access | 91.108.5.52:0 - "POST /telegram/webhook?secret=change_me HTTP/1.1" 200
2025-09-11 19:34:40,866 | INFO | code-magnetism | Incoming update 49515409
2025-09-11 19:34:40,867 | INFO | code-magnetism | Callback from 815370781 (@goldfinger_uk): menu:about
2025-09-11 19:34:41,561 | INFO | aiogram.event | Update id=49515409 is handled. Duration 648 ms by bot id=8095548345
2025-09-11 19:34:41,562 | INFO | code-magnetism | Update 49515409 processed successfully
2025-09-11 19:34:41,564 | INFO | uvicorn.access | 91.108.5.52:0 - "POST /telegram/webhook?secret=change_me HTTP/1.1" 200
2025-09-11 19:34:51,279 | INFO | code-magnetism | Incoming update 49515410
2025-09-11 19:34:51,280 | INFO | code-magnetism | Callback from 815370781 (@goldfinger_uk): menu:progress
2025-09-11 19:34:51,951 | INFO | aiogram.event | Update id=49515410 is handled. Duration 662 ms by bot id=8095548345
2025-09-11 19:34:51,952 | INFO | code-magnetism | Update 49515410 processed successfully
2025-09-11 19:34:51,957 | INFO | uvicorn.access | 91.108.5.52:0 - "POST /telegram/webhook?secret=change_me HTTP/1.1" 200
2025-09-11 19:34:56,482 | INFO | code-magnetism | Incoming update 49515411
2025-09-11 19:34:56,483 | INFO | code-magnetism | Callback from 815370781 (@goldfinger_uk): menu:support
2025-09-11 19:34:56,989 | INFO | aiogram.event | Update id=49515411 is handled. Duration 499 ms by bot id=8095548345
2025-09-11 19:34:56,990 | INFO | code-magnetism | Update 49515411 processed successfully
2025-09-11 19:34:56,995 | INFO | uvicorn.access | 91.108.5.52:0 - "POST /telegram/webhook?secret=change_me HTTP/1.1" 200
2025-09-11 19:34:59,101 | INFO | code-magnetism | Incoming update 49515412
2025-09-11 19:34:59,101 | INFO | code-magnetism | Callback from 815370781 (@goldfinger_uk): menu:rules
2025-09-11 19:34:59,637 | INFO | aiogram.event | Update id=49515412 is handled. Duration 528 ms by bot id=8095548345
2025-09-11 19:34:59,638 | INFO | code-magnetism | Update 49515412 processed successfully
2025-09-11 19:34:59,644 | INFO | uvicorn.access | 91.108.5.52:0 - "POST /telegram/webhook?secret=change_me HTTP/1.1" 200
2025-09-11 19:35:05,115 | INFO | code-magnetism | Incoming update 49515413
2025-09-11 19:35:05,115 | INFO | code-magnetism | Callback from 815370781 (@goldfinger_uk): menu:analysis
2025-09-11 19:35:05,709 | INFO | aiogram.event | Update id=49515413 is handled. Duration 585 ms by bot id=8095548345
2025-09-11 19:35:05,709 | INFO | code-magnetism | Update 49515413 processed successfully
2025-09-11 19:35:05,715 | INFO | uvicorn.access | 91.108.5.52:0 - "POST /telegram/webhook?secret=change_me HTTP/1.1" 200
2025-09-11 19:35:08,000 | INFO | code-magnetism | Incoming update 49515414
2025-09-11 19:35:08,001 | INFO | code-magnetism | Callback from 815370781 (@goldfinger_uk): menu:test
2025-09-11 19:35:08,569 | INFO | aiogram.event | Update id=49515414 is handled. Duration 560 ms by bot id=8095548345
2025-09-11 19:35:08,570 | INFO | code-magnetism | Update 49515414 processed successfully
2025-09-11 19:35:08,573 | INFO | uvicorn.access | 91.108.5.52:0 - "POST /telegram/webhook?secret=change_me HTTP/1.1" 200
2025-09-11 19:35:17,073 | INFO | code-magnetism | Incoming update 49515415
2025-09-11 19:35:17,074 | INFO | code-magnetism | Callback from 815370781 (@goldfinger_uk): menu:pay
2025-09-11 19:35:17,588 | INFO | aiogram.event | Update id=49515415 is handled. Duration 506 ms by bot id=8095548345
2025-09-11 19:35:17,589 | INFO | code-magnetism | Update 49515415 processed successfully
2025-09-11 19:35:17,596 | INFO | uvicorn.access | 91.108.5.52:0 - "POST /telegram/webhook?secret=change_me HTTP/1.1" 200
2025-09-11 19:35:54,468 | INFO | code-magnetism | Incoming update 49515416
2025-09-11 19:35:54,470 | INFO | code-magnetism | Message from 1648917869 (@Tokyo_tokyo): /start
2025-09-11 19:35:55,314 | INFO | aiogram.event | Update id=49515416 is handled. Duration 837 ms by bot id=8095548345
2025-09-11 19:35:55,315 | INFO | code-magnetism | Update 49515416 processed successfully
2025-09-11 19:35:55,320 | INFO | uvicorn.access | 91.108.5.52:0 - "POST /telegram/webhook?secret=change_me HTTP/1.1" 200
2025-09-11 19:36:06,674 | INFO | code-magnetism | Incoming update 49515417
2025-09-11 19:36:06,675 | INFO | code-magnetism | Callback from 1648917869 (@Tokyo_tokyo): menu:about
2025-09-11 19:36:07,189 | INFO | aiogram.event | Update id=49515417 is handled. Duration 504 ms by bot id=8095548345
2025-09-11 19:36:07,190 | INFO | code-magnetism | Update 49515417 processed successfully
2025-09-11 19:36:07,195 | INFO | uvicorn.access | 91.108.5.52:0 - "POST /telegram/webhook?secret=change_me HTTP/1.1" 200
2025-09-11 19:36:15,704 | INFO | code-magnetism | Incoming update 49515418
2025-09-11 19:36:15,705 | INFO | code-magnetism | Callback from 1648917869 (@Tokyo_tokyo): menu:faq
2025-09-11 19:36:16,270 | INFO | aiogram.event | Update id=49515418 is handled. Duration 558 ms by bot id=8095548345
2025-09-11 19:36:16,271 | INFO | code-magnetism | Update 49515418 processed successfully
2025-09-11 19:36:16,277 | INFO | uvicorn.access | 91.108.5.52:0 - "POST /telegram/webhook?secret=change_me HTTP/1.1" 200
2025-09-11 19:36:46,530 | INFO | code-magnetism | Incoming update 49515419
2025-09-11 19:36:46,532 | INFO | code-magnetism | Callback from 1648917869 (@Tokyo_tokyo): menu:progress
2025-09-11 19:36:47,672 | INFO | aiogram.event | Update id=49515419 is handled. Duration 1134 ms by bot id=8095548345
2025-09-11 19:36:47,673 | INFO | code-magnetism | Update 49515419 processed successfully
2025-09-11 19:36:47,680 | INFO | uvicorn.access | 91.108.5.52:0 - "POST /telegram/webhook?secret=change_me HTTP/1.1" 200
2025-09-11 19:36:59,303 | INFO | code-magnetism | Incoming update 49515420
2025-09-11 19:36:59,304 | INFO | code-magnetism | Callback from 1648917869 (@Tokyo_tokyo): menu:support
2025-09-11 19:36:59,847 | INFO | aiogram.event | Update id=49515420 is handled. Duration 536 ms by bot id=8095548345
2025-09-11 19:36:59,848 | INFO | code-magnetism | Update 49515420 processed successfully
2025-09-11 19:36:59,854 | INFO | uvicorn.access | 91.108.5.52:0 - "POST /telegram/webhook?secret=change_me HTTP/1.1" 200
2025-09-11 19:37:43,088 | INFO | uvicorn.error | Shutting down
2025-09-11 19:37:43,197 | INFO | uvicorn.error | Waiting for application shutdown.
2025-09-11 19:37:43,199 | INFO | code-magnetism | Shutdown: останавливаем планировщик/закрываем БД...
2025-09-11 19:37:43,205 | INFO | scheduler | APScheduler shut down
2025-09-11 19:37:43,206 | INFO | code-magnetism | Scheduler stopped successfully
2025-09-11 19:37:43,210 | INFO | apscheduler.scheduler | Scheduler has been shut down
2025-09-11 19:37:43,222 | INFO | db | PostgreSQL pool closed
2025-09-11 19:37:43,222 | INFO | code-magnetism | Database closed successfully
2025-09-11 19:37:43,225 | INFO | code-magnetism | Shutdown завершён.
2025-09-11 19:37:43,230 | INFO | uvicorn.error | Application shutdown complete.
2025-09-11 19:37:43,236 | INFO | uvicorn.error | Finished server process [3328]
2025-09-11 19:38:05,430 | INFO | code-magnetism | Routers attached: ['main-router']
2025-09-11 19:38:05,893 | INFO | uvicorn.error | Started server process [6692]
2025-09-11 19:38:05,919 | INFO | uvicorn.error | Waiting for application startup.
2025-09-11 19:38:05,947 | INFO | code-magnetism | Startup: инициализация БД/планировщика/вебхука...
2025-09-11 19:38:05,971 | INFO | db | Connecting PostgreSQL: postgresql://magnet:***@localhost:5432/magnetism
2025-09-11 19:38:06,724 | INFO | db | PostgreSQL pool created
2025-09-11 19:38:06,726 | INFO | db | Applying schema from: C:\Users\Tim\Desktop\code-magnetism\schema.sql
2025-09-11 19:38:06,845 | INFO | db | Schema applied successfully.
2025-09-11 19:38:06,846 | INFO | db | Schema applied from C:\Users\Tim\Desktop\code-magnetism\schema.sql
2025-09-11 19:38:06,851 | INFO | code-magnetism | Database initialized successfully
2025-09-11 19:38:06,870 | INFO | apscheduler.scheduler | Adding job tentatively -- it will be properly scheduled when the scheduler starts
2025-09-11 19:38:06,876 | INFO | apscheduler.scheduler | Adding job tentatively -- it will be properly scheduled when the scheduler starts
2025-09-11 19:38:06,878 | INFO | apscheduler.scheduler | Adding job tentatively -- it will be properly scheduled when the scheduler starts
2025-09-11 19:38:06,882 | INFO | apscheduler.scheduler | Added job "job_daily_lessons" to job store "default"
2025-09-11 19:38:06,883 | INFO | apscheduler.scheduler | Added job "job_soft_reminders" to job store "default"
2025-09-11 19:38:06,885 | INFO | apscheduler.scheduler | Added job "job_access_expiry_reminders" to job store "default"
2025-09-11 19:38:06,887 | INFO | apscheduler.scheduler | Scheduler started
2025-09-11 19:38:06,890 | INFO | scheduler | APScheduler started with timezone=Europe/Moscow; lessons at 10:00
2025-09-11 19:38:06,891 | INFO | code-magnetism | Scheduler initialized successfully
2025-09-11 19:38:06,899 | INFO | code-magnetism | Setting Telegram webhook to: https://b007f3dfac6f.ngrok-free.app/telegram/webhook?secret=change_me
2025-09-11 19:38:07,559 | INFO | code-magnetism | Old webhook deleted
2025-09-11 19:38:07,765 | INFO | code-magnetism | Telegram webhook установлен: https://b007f3dfac6f.ngrok-free.app/telegram/webhook?secret=change_me
2025-09-11 19:38:07,766 | INFO | code-magnetism | Startup завершён.
2025-09-11 19:38:07,772 | INFO | uvicorn.error | Application startup complete.
2025-09-11 19:38:07,776 | INFO | uvicorn.error | Uvicorn running on http://0.0.0.0:8000 (Press CTRL+C to quit)
2025-09-11 19:39:08,245 | INFO | code-magnetism | Incoming update 49515421
2025-09-11 19:39:08,246 | INFO | code-magnetism | Message from 815370781 (@goldfinger_uk): /start
2025-09-11 19:39:09,154 | INFO | aiogram.event | Update id=49515421 is handled. Duration 900 ms by bot id=8095548345
2025-09-11 19:39:09,155 | INFO | code-magnetism | Update 49515421 processed successfully
2025-09-11 19:39:09,162 | INFO | uvicorn.access | 91.108.5.52:0 - "POST /telegram/webhook?secret=change_me HTTP/1.1" 200
2025-09-11 19:39:12,115 | INFO | code-magnetism | Incoming update 49515422
2025-09-11 19:39:12,116 | INFO | code-magnetism | Callback from 815370781 (@goldfinger_uk): menu:faq
2025-09-11 19:39:12,666 | INFO | aiogram.event | Update id=49515422 is handled. Duration 542 ms by bot id=8095548345
2025-09-11 19:39:12,667 | INFO | code-magnetism | Update 49515422 processed successfully
2025-09-11 19:39:12,673 | INFO | uvicorn.access | 91.108.5.52:0 - "POST /telegram/webhook?secret=change_me HTTP/1.1" 200
2025-09-11 19:39:15,080 | INFO | code-magnetism | Incoming update 49515423
2025-09-11 19:39:15,081 | INFO | code-magnetism | Message from 1648917869 (@Tokyo_tokyo): /start
2025-09-11 19:39:15,500 | INFO | aiogram.event | Update id=49515423 is handled. Duration 412 ms by bot id=8095548345
2025-09-11 19:39:15,501 | INFO | code-magnetism | Update 49515423 processed successfully
2025-09-11 19:39:15,506 | INFO | uvicorn.access | 91.108.5.52:0 - "POST /telegram/webhook?secret=change_me HTTP/1.1" 200
2025-09-11 19:39:19,363 | INFO | code-magnetism | Incoming update 49515424
2025-09-11 19:39:19,363 | INFO | code-magnetism | Callback from 1648917869 (@Tokyo_tokyo): menu:faq
2025-09-11 19:39:19,904 | INFO | aiogram.event | Update id=49515424 is handled. Duration 532 ms by bot id=8095548345
2025-09-11 19:39:19,904 | INFO | code-magnetism | Update 49515424 processed successfully
2025-09-11 19:39:19,911 | INFO | uvicorn.access | 91.108.5.52:0 - "POST /telegram/webhook?secret=change_me HTTP/1.1" 200
2025-09-11 19:39:28,025 | INFO | code-magnetism | Incoming update 49515425
2025-09-11 19:39:28,026 | INFO | code-magnetism | Callback from 1648917869 (@Tokyo_tokyo): menu:support
2025-09-11 19:39:28,549 | INFO | aiogram.event | Update id=49515425 is handled. Duration 508 ms by bot id=8095548345
2025-09-11 19:39:28,550 | INFO | code-magnetism | Update 49515425 processed successfully
2025-09-11 19:39:28,559 | INFO | uvicorn.access | 91.108.5.52:0 - "POST /telegram/webhook?secret=change_me HTTP/1.1" 200
2025-09-11 19:39:35,764 | INFO | code-magnetism | Incoming update 49515426
2025-09-11 19:39:35,765 | INFO | code-magnetism | Callback from 1648917869 (@Tokyo_tokyo): menu:test
2025-09-11 19:39:36,321 | INFO | aiogram.event | Update id=49515426 is handled. Duration 547 ms by bot id=8095548345
2025-09-11 19:39:36,322 | INFO | code-magnetism | Update 49515426 processed successfully
2025-09-11 19:39:36,328 | INFO | uvicorn.access | 91.108.5.52:0 - "POST /telegram/webhook?secret=change_me HTTP/1.1" 200
2025-09-11 19:40:53,298 | INFO | uvicorn.error | Shutting down
2025-09-11 19:40:53,414 | INFO | uvicorn.error | Waiting for application shutdown.
2025-09-11 19:40:53,415 | INFO | code-magnetism | Shutdown: останавливаем планировщик/закрываем БД...
2025-09-11 19:40:53,422 | INFO | scheduler | APScheduler shut down
2025-09-11 19:40:53,423 | INFO | code-magnetism | Scheduler stopped successfully
2025-09-11 19:40:53,426 | INFO | apscheduler.scheduler | Scheduler has been shut down
2025-09-11 19:40:53,438 | INFO | db | PostgreSQL pool closed
2025-09-11 19:40:53,440 | INFO | code-magnetism | Database closed successfully
2025-09-11 19:40:53,442 | INFO | code-magnetism | Shutdown завершён.
2025-09-11 19:40:53,446 | INFO | uvicorn.error | Application shutdown complete.
2025-09-11 19:40:53,447 | INFO | uvicorn.error | Finished server process [6692]
2025-09-11 19:41:15,134 | INFO | code-magnetism | Routers attached: ['main-router']
2025-09-11 19:41:15,556 | INFO | uvicorn.error | Started server process [7104]
2025-09-11 19:41:15,557 | INFO | uvicorn.error | Waiting for application startup.
2025-09-11 19:41:15,564 | INFO | code-magnetism | Startup: инициализация БД/планировщика/вебхука...
2025-09-11 19:41:15,565 | INFO | db | Connecting PostgreSQL: postgresql://magnet:***@localhost:5432/magnetism
2025-09-11 19:41:16,136 | INFO | db | PostgreSQL pool created
2025-09-11 19:41:16,138 | INFO | db | Applying schema from: C:\Users\Tim\Desktop\code-magnetism\schema.sql
2025-09-11 19:41:16,282 | INFO | db | Schema applied successfully.
2025-09-11 19:41:16,283 | INFO | db | Schema applied from C:\Users\Tim\Desktop\code-magnetism\schema.sql
2025-09-11 19:41:16,288 | INFO | code-magnetism | Database initialized successfully
2025-09-11 19:41:16,310 | INFO | apscheduler.scheduler | Adding job tentatively -- it will be properly scheduled when the scheduler starts
2025-09-11 19:41:16,312 | INFO | apscheduler.scheduler | Adding job tentatively -- it will be properly scheduled when the scheduler starts
2025-09-11 19:41:16,315 | INFO | apscheduler.scheduler | Adding job tentatively -- it will be properly scheduled when the scheduler starts
2025-09-11 19:41:16,321 | INFO | apscheduler.scheduler | Added job "job_daily_lessons" to job store "default"
2025-09-11 19:41:16,323 | INFO | apscheduler.scheduler | Added job "job_soft_reminders" to job store "default"
2025-09-11 19:41:16,325 | INFO | apscheduler.scheduler | Added job "job_access_expiry_reminders" to job store "default"
2025-09-11 19:41:16,326 | INFO | apscheduler.scheduler | Scheduler started
2025-09-11 19:41:16,329 | INFO | scheduler | APScheduler started with timezone=Europe/Moscow; lessons at 10:00
2025-09-11 19:41:16,331 | INFO | code-magnetism | Scheduler initialized successfully
2025-09-11 19:41:16,339 | INFO | code-magnetism | Setting Telegram webhook to: https://b007f3dfac6f.ngrok-free.app/telegram/webhook?secret=change_me
2025-09-11 19:41:17,058 | INFO | code-magnetism | Old webhook deleted
2025-09-11 19:41:17,277 | INFO | code-magnetism | Telegram webhook установлен: https://b007f3dfac6f.ngrok-free.app/telegram/webhook?secret=change_me
2025-09-11 19:41:17,277 | INFO | code-magnetism | Startup завершён.
2025-09-11 19:41:17,283 | INFO | uvicorn.error | Application startup complete.
2025-09-11 19:41:17,286 | INFO | uvicorn.error | Uvicorn running on http://0.0.0.0:8000 (Press CTRL+C to quit)
2025-09-11 19:41:20,527 | INFO | code-magnetism | Incoming update 49515427
2025-09-11 19:41:20,528 | INFO | code-magnetism | Message from 815370781 (@goldfinger_uk): /start
2025-09-11 19:41:21,580 | INFO | aiogram.event | Update id=49515427 is handled. Duration 1044 ms by bot id=8095548345
2025-09-11 19:41:21,581 | INFO | code-magnetism | Update 49515427 processed successfully
2025-09-11 19:41:21,587 | INFO | uvicorn.access | 91.108.5.52:0 - "POST /telegram/webhook?secret=change_me HTTP/1.1" 200
2025-09-11 19:41:22,846 | INFO | code-magnetism | Incoming update 49515428
2025-09-11 19:41:22,847 | INFO | code-magnetism | Callback from 815370781 (@goldfinger_uk): menu:faq
2025-09-11 19:41:23,495 | INFO | aiogram.event | Update id=49515428 is handled. Duration 640 ms by bot id=8095548345
2025-09-11 19:41:23,496 | INFO | code-magnetism | Update 49515428 processed successfully
2025-09-11 19:41:23,502 | INFO | uvicorn.access | 91.108.5.52:0 - "POST /telegram/webhook?secret=change_me HTTP/1.1" 200
2025-09-11 19:41:37,800 | INFO | code-magnetism | Incoming update 49515429
2025-09-11 19:41:37,800 | INFO | code-magnetism | Callback from 815370781 (@goldfinger_uk): menu:about
2025-09-11 19:41:38,337 | INFO | aiogram.event | Update id=49515429 is handled. Duration 528 ms by bot id=8095548345
2025-09-11 19:41:38,338 | INFO | code-magnetism | Update 49515429 processed successfully
2025-09-11 19:41:38,344 | INFO | uvicorn.access | 91.108.5.52:0 - "POST /telegram/webhook?secret=change_me HTTP/1.1" 200
2025-09-11 19:41:39,645 | INFO | code-magnetism | Incoming update 49515430
2025-09-11 19:41:39,645 | INFO | code-magnetism | Callback from 815370781 (@goldfinger_uk): menu:support
2025-09-11 19:41:40,154 | INFO | aiogram.event | Update id=49515430 is handled. Duration 501 ms by bot id=8095548345
2025-09-11 19:41:40,155 | INFO | code-magnetism | Update 49515430 processed successfully
2025-09-11 19:41:40,160 | INFO | uvicorn.access | 91.108.5.52:0 - "POST /telegram/webhook?secret=change_me HTTP/1.1" 200
2025-09-11 19:41:41,294 | INFO | code-magnetism | Incoming update 49515431
2025-09-11 19:41:41,295 | INFO | code-magnetism | Callback from 815370781 (@goldfinger_uk): menu:analysis
2025-09-11 19:41:41,841 | INFO | aiogram.event | Update id=49515431 is handled. Duration 538 ms by bot id=8095548345
2025-09-11 19:41:41,841 | INFO | code-magnetism | Update 49515431 processed successfully
2025-09-11 19:41:41,849 | INFO | uvicorn.access | 91.108.5.52:0 - "POST /telegram/webhook?secret=change_me HTTP/1.1" 200
2025-09-11 19:41:50,044 | INFO | code-magnetism | Incoming update 49515432
2025-09-11 19:41:50,045 | INFO | code-magnetism | Callback from 815370781 (@goldfinger_uk): menu:rules
2025-09-11 19:41:50,667 | INFO | aiogram.event | Update id=49515432 is handled. Duration 613 ms by bot id=8095548345
2025-09-11 19:41:50,675 | INFO | code-magnetism | Update 49515432 processed successfully
2025-09-11 19:41:50,680 | INFO | uvicorn.access | 91.108.5.52:0 - "POST /telegram/webhook?secret=change_me HTTP/1.1" 200
2025-09-11 19:41:52,234 | INFO | code-magnetism | Incoming update 49515433
2025-09-11 19:41:52,235 | INFO | code-magnetism | Callback from 815370781 (@goldfinger_uk): menu:progress
2025-09-11 19:41:52,580 | INFO | code-magnetism | Incoming update 49515434
2025-09-11 19:41:52,581 | INFO | code-magnetism | Message from 1648917869 (@Tokyo_tokyo): /start
2025-09-11 19:41:52,769 | INFO | aiogram.event | Update id=49515433 is handled. Duration 526 ms by bot id=8095548345
2025-09-11 19:41:52,769 | INFO | code-magnetism | Update 49515433 processed successfully
2025-09-11 19:41:52,775 | INFO | uvicorn.access | 91.108.5.52:0 - "POST /telegram/webhook?secret=change_me HTTP/1.1" 200
2025-09-11 19:41:53,401 | INFO | aiogram.event | Update id=49515434 is handled. Duration 813 ms by bot id=8095548345
2025-09-11 19:41:53,402 | INFO | code-magnetism | Update 49515434 processed successfully
2025-09-11 19:41:53,408 | INFO | uvicorn.access | 91.108.5.52:0 - "POST /telegram/webhook?secret=change_me HTTP/1.1" 200
2025-09-11 19:41:54,619 | INFO | code-magnetism | Incoming update 49515435
2025-09-11 19:41:54,619 | INFO | code-magnetism | Callback from 815370781 (@goldfinger_uk): menu:faq
2025-09-11 19:41:55,119 | INFO | aiogram.event | Update id=49515435 is handled. Duration 495 ms by bot id=8095548345
2025-09-11 19:41:55,120 | INFO | code-magnetism | Update 49515435 processed successfully
2025-09-11 19:41:55,126 | INFO | uvicorn.access | 91.108.5.52:0 - "POST /telegram/webhook?secret=change_me HTTP/1.1" 200
2025-09-11 19:41:58,200 | INFO | code-magnetism | Incoming update 49515436
2025-09-11 19:41:58,200 | INFO | code-magnetism | Callback from 1648917869 (@Tokyo_tokyo): menu:about
2025-09-11 19:41:58,813 | INFO | aiogram.event | Update id=49515436 is handled. Duration 605 ms by bot id=8095548345
2025-09-11 19:41:58,814 | INFO | code-magnetism | Update 49515436 processed successfully
2025-09-11 19:41:58,820 | INFO | uvicorn.access | 91.108.5.52:0 - "POST /telegram/webhook?secret=change_me HTTP/1.1" 200
2025-09-11 19:42:01,005 | INFO | code-magnetism | Incoming update 49515437
2025-09-11 19:42:01,006 | INFO | code-magnetism | Callback from 815370781 (@goldfinger_uk): menu:faq
2025-09-11 19:42:01,204 | INFO | code-magnetism | Incoming update 49515438
2025-09-11 19:42:01,205 | INFO | code-magnetism | Callback from 1648917869 (@Tokyo_tokyo): menu:faq
2025-09-11 19:42:01,557 | INFO | aiogram.event | Update id=49515437 is handled. Duration 543 ms by bot id=8095548345
2025-09-11 19:42:01,558 | INFO | code-magnetism | Update 49515437 processed successfully
2025-09-11 19:42:01,564 | INFO | uvicorn.access | 91.108.5.52:0 - "POST /telegram/webhook?secret=change_me HTTP/1.1" 200
2025-09-11 19:42:01,747 | INFO | aiogram.event | Update id=49515438 is handled. Duration 534 ms by bot id=8095548345
2025-09-11 19:42:01,748 | INFO | code-magnetism | Update 49515438 processed successfully
2025-09-11 19:42:01,754 | INFO | uvicorn.access | 91.108.5.52:0 - "POST /telegram/webhook?secret=change_me HTTP/1.1" 200
2025-09-11 19:42:01,967 | INFO | code-magnetism | Incoming update 49515439
2025-09-11 19:42:01,968 | INFO | code-magnetism | Callback from 815370781 (@goldfinger_uk): menu:about
2025-09-11 19:42:02,519 | INFO | aiogram.event | Update id=49515439 is handled. Duration 543 ms by bot id=8095548345
2025-09-11 19:42:02,519 | INFO | code-magnetism | Update 49515439 processed successfully
2025-09-11 19:42:02,525 | INFO | uvicorn.access | 91.108.5.52:0 - "POST /telegram/webhook?secret=change_me HTTP/1.1" 200
2025-09-11 19:42:03,461 | INFO | code-magnetism | Incoming update 49515440
2025-09-11 19:42:03,462 | INFO | code-magnetism | Callback from 815370781 (@goldfinger_uk): menu:rules
2025-09-11 19:42:04,063 | INFO | aiogram.event | Update id=49515440 is handled. Duration 593 ms by bot id=8095548345
2025-09-11 19:42:04,063 | INFO | code-magnetism | Update 49515440 processed successfully
2025-09-11 19:42:04,069 | INFO | uvicorn.access | 91.108.5.52:0 - "POST /telegram/webhook?secret=change_me HTTP/1.1" 200
2025-09-11 19:42:05,004 | INFO | code-magnetism | Incoming update 49515441
2025-09-11 19:42:05,005 | INFO | code-magnetism | Callback from 1648917869 (@Tokyo_tokyo): menu:funnel
2025-09-11 19:42:05,589 | INFO | aiogram.event | Update id=49515441 is handled. Duration 576 ms by bot id=8095548345
2025-09-11 19:42:05,590 | INFO | code-magnetism | Update 49515441 processed successfully
2025-09-11 19:42:05,597 | INFO | uvicorn.access | 91.108.5.52:0 - "POST /telegram/webhook?secret=change_me HTTP/1.1" 200
2025-09-11 19:42:05,722 | INFO | code-magnetism | Incoming update 49515442
2025-09-11 19:42:05,723 | INFO | code-magnetism | Callback from 815370781 (@goldfinger_uk): menu:analysis
2025-09-11 19:42:06,286 | INFO | aiogram.event | Update id=49515442 is handled. Duration 553 ms by bot id=8095548345
2025-09-11 19:42:06,287 | INFO | code-magnetism | Update 49515442 processed successfully
2025-09-11 19:42:06,292 | INFO | uvicorn.access | 91.108.5.52:0 - "POST /telegram/webhook?secret=change_me HTTP/1.1" 200
2025-09-11 19:42:06,532 | INFO | code-magnetism | Incoming update 49515443
2025-09-11 19:42:06,533 | INFO | code-magnetism | Callback from 815370781 (@goldfinger_uk): menu:test
2025-09-11 19:42:07,018 | INFO | aiogram.event | Update id=49515443 is handled. Duration 477 ms by bot id=8095548345
2025-09-11 19:42:07,019 | INFO | code-magnetism | Update 49515443 processed successfully
2025-09-11 19:42:07,025 | INFO | uvicorn.access | 91.108.5.52:0 - "POST /telegram/webhook?secret=change_me HTTP/1.1" 200
2025-09-11 19:42:07,266 | INFO | code-magnetism | Incoming update 49515444
2025-09-11 19:42:07,267 | INFO | code-magnetism | Callback from 815370781 (@goldfinger_uk): menu:support
2025-09-11 19:42:07,794 | INFO | aiogram.event | Update id=49515444 is handled. Duration 519 ms by bot id=8095548345
2025-09-11 19:42:07,795 | INFO | code-magnetism | Update 49515444 processed successfully
2025-09-11 19:42:07,801 | INFO | uvicorn.access | 91.108.5.52:0 - "POST /telegram/webhook?secret=change_me HTTP/1.1" 200
2025-09-11 19:42:08,040 | INFO | code-magnetism | Incoming update 49515445
2025-09-11 19:42:08,041 | INFO | code-magnetism | Callback from 815370781 (@goldfinger_uk): menu:rules
2025-09-11 19:42:08,401 | INFO | code-magnetism | Incoming update 49515449
2025-09-11 19:42:08,402 | INFO | code-magnetism | Callback from 1648917869 (@Tokyo_tokyo): access:free
2025-09-11 19:42:08,606 | INFO | aiogram.event | Update id=49515445 is handled. Duration 557 ms by bot id=8095548345
2025-09-11 19:42:08,607 | INFO | code-magnetism | Update 49515445 processed successfully
2025-09-11 19:42:08,614 | INFO | uvicorn.access | 91.108.5.52:0 - "POST /telegram/webhook?secret=change_me HTTP/1.1" 200
2025-09-11 19:42:08,858 | INFO | code-magnetism | Incoming update 49515446
2025-09-11 19:42:08,859 | INFO | code-magnetism | Callback from 815370781 (@goldfinger_uk): menu:funnel
2025-09-11 19:42:08,882 | INFO | aiogram.event | Update id=49515449 is handled. Duration 473 ms by bot id=8095548345
2025-09-11 19:42:08,885 | INFO | code-magnetism | Update 49515449 processed successfully
2025-09-11 19:42:08,888 | INFO | uvicorn.access | 91.108.5.52:0 - "POST /telegram/webhook?secret=change_me HTTP/1.1" 200
2025-09-11 19:42:09,401 | INFO | aiogram.event | Update id=49515446 is handled. Duration 534 ms by bot id=8095548345
2025-09-11 19:42:09,402 | INFO | code-magnetism | Update 49515446 processed successfully
2025-09-11 19:42:09,408 | INFO | uvicorn.access | 91.108.5.52:0 - "POST /telegram/webhook?secret=change_me HTTP/1.1" 200
2025-09-11 19:42:09,654 | INFO | code-magnetism | Incoming update 49515447
2025-09-11 19:42:09,655 | INFO | code-magnetism | Callback from 815370781 (@goldfinger_uk): menu:progress
2025-09-11 19:42:10,154 | INFO | aiogram.event | Update id=49515447 is handled. Duration 491 ms by bot id=8095548345
2025-09-11 19:42:10,155 | INFO | code-magnetism | Update 49515447 processed successfully
2025-09-11 19:42:10,161 | INFO | uvicorn.access | 91.108.5.52:0 - "POST /telegram/webhook?secret=change_me HTTP/1.1" 200
2025-09-11 19:42:10,403 | INFO | code-magnetism | Incoming update 49515448
2025-09-11 19:42:10,404 | INFO | code-magnetism | Callback from 815370781 (@goldfinger_uk): menu:support
2025-09-11 19:42:10,877 | INFO | aiogram.event | Update id=49515448 is handled. Duration 464 ms by bot id=8095548345
2025-09-11 19:42:10,878 | INFO | code-magnetism | Update 49515448 processed successfully
2025-09-11 19:42:10,884 | INFO | uvicorn.access | 91.108.5.52:0 - "POST /telegram/webhook?secret=change_me HTTP/1.1" 200
2025-09-11 19:42:11,967 | INFO | code-magnetism | Incoming update 49515450
2025-09-11 19:42:11,967 | INFO | code-magnetism | Callback from 1648917869 (@Tokyo_tokyo): funnel:lesson:3
2025-09-11 19:42:12,170 | INFO | handlers | funnel: delivered user_id=2 lesson=3
2025-09-11 19:42:12,849 | INFO | aiogram.event | Update id=49515450 is handled. Duration 874 ms by bot id=8095548345
2025-09-11 19:42:12,850 | INFO | code-magnetism | Update 49515450 processed successfully
2025-09-11 19:42:12,855 | INFO | uvicorn.access | 91.108.5.52:0 - "POST /telegram/webhook?secret=change_me HTTP/1.1" 200
2025-09-11 19:42:13,563 | INFO | code-magnetism | Incoming update 49515451
2025-09-11 19:42:13,564 | INFO | code-magnetism | Callback from 815370781 (@goldfinger_uk): menu:support
2025-09-11 19:42:14,056 | INFO | aiogram.event | Update id=49515451 is handled. Duration 485 ms by bot id=8095548345
2025-09-11 19:42:14,057 | INFO | code-magnetism | Update 49515451 processed successfully
2025-09-11 19:42:14,063 | INFO | uvicorn.access | 91.108.5.52:0 - "POST /telegram/webhook?secret=change_me HTTP/1.1" 200
2025-09-11 19:42:15,279 | INFO | code-magnetism | Incoming update 49515452
2025-09-11 19:42:15,279 | INFO | code-magnetism | Callback from 1648917869 (@Tokyo_tokyo): funnel:done:3
2025-09-11 19:42:15,802 | INFO | aiogram.event | Update id=49515452 is handled. Duration 519 ms by bot id=8095548345
2025-09-11 19:42:15,803 | INFO | code-magnetism | Update 49515452 processed successfully
2025-09-11 19:42:15,809 | INFO | uvicorn.access | 91.108.5.52:0 - "POST /telegram/webhook?secret=change_me HTTP/1.1" 200
2025-09-11 19:42:18,157 | INFO | code-magnetism | Incoming update 49515453
2025-09-11 19:42:18,158 | INFO | code-magnetism | Callback from 815370781 (@goldfinger_uk): menu:test
2025-09-11 19:42:18,695 | INFO | aiogram.event | Update id=49515453 is handled. Duration 529 ms by bot id=8095548345
2025-09-11 19:42:18,696 | INFO | code-magnetism | Update 49515453 processed successfully
2025-09-11 19:42:18,702 | INFO | uvicorn.access | 91.108.5.52:0 - "POST /telegram/webhook?secret=change_me HTTP/1.1" 200
2025-09-11 19:42:22,286 | INFO | code-magnetism | Incoming update 49515454
2025-09-11 19:42:22,287 | INFO | code-magnetism | Callback from 815370781 (@goldfinger_uk): menu:funnel
2025-09-11 19:42:22,809 | INFO | aiogram.event | Update id=49515454 is handled. Duration 514 ms by bot id=8095548345
2025-09-11 19:42:22,810 | INFO | code-magnetism | Update 49515454 processed successfully
2025-09-11 19:42:22,817 | INFO | uvicorn.access | 91.108.5.52:0 - "POST /telegram/webhook?secret=change_me HTTP/1.1" 200
2025-09-11 19:42:24,021 | INFO | code-magnetism | Incoming update 49515455
2025-09-11 19:42:24,022 | INFO | code-magnetism | Callback from 815370781 (@goldfinger_uk): menu:funnel
2025-09-11 19:42:24,629 | INFO | aiogram.event | Update id=49515455 is handled. Duration 598 ms by bot id=8095548345
2025-09-11 19:42:24,630 | INFO | code-magnetism | Update 49515455 processed successfully
2025-09-11 19:42:24,636 | INFO | uvicorn.access | 91.108.5.52:0 - "POST /telegram/webhook?secret=change_me HTTP/1.1" 200
2025-09-11 19:42:24,917 | INFO | code-magnetism | Incoming update 49515456
2025-09-11 19:42:24,917 | INFO | code-magnetism | Callback from 815370781 (@goldfinger_uk): menu:funnel
2025-09-11 19:42:25,416 | INFO | aiogram.event | Update id=49515456 is handled. Duration 491 ms by bot id=8095548345
2025-09-11 19:42:25,417 | INFO | code-magnetism | Update 49515456 processed successfully
2025-09-11 19:42:25,422 | INFO | uvicorn.access | 91.108.5.52:0 - "POST /telegram/webhook?secret=change_me HTTP/1.1" 200
2025-09-11 19:42:30,179 | INFO | code-magnetism | Incoming update 49515457
2025-09-11 19:42:30,180 | INFO | code-magnetism | Callback from 815370781 (@goldfinger_uk): menu:admin
2025-09-11 19:42:30,681 | INFO | aiogram.event | Update id=49515457 is handled. Duration 493 ms by bot id=8095548345
2025-09-11 19:42:30,682 | INFO | code-magnetism | Update 49515457 processed successfully
2025-09-11 19:42:30,688 | INFO | uvicorn.access | 91.108.5.52:0 - "POST /telegram/webhook?secret=change_me HTTP/1.1" 200
2025-09-11 19:42:31,079 | INFO | code-magnetism | Incoming update 49515458
2025-09-11 19:42:31,080 | INFO | code-magnetism | Message from 1648917869 (@Tokyo_tokyo): уу
2025-09-11 19:42:31,133 | INFO | aiogram.event | Update id=49515458 is handled. Duration 46 ms by bot id=8095548345
2025-09-11 19:42:31,134 | INFO | code-magnetism | Update 49515458 processed successfully
2025-09-11 19:42:31,140 | INFO | uvicorn.access | 91.108.5.52:0 - "POST /telegram/webhook?secret=change_me HTTP/1.1" 200
2025-09-11 19:42:31,645 | INFO | code-magnetism | Incoming update 49515459
2025-09-11 19:42:31,646 | INFO | code-magnetism | Callback from 815370781 (@goldfinger_uk): admin:broadcast
2025-09-11 19:42:32,180 | INFO | aiogram.event | Update id=49515459 is handled. Duration 527 ms by bot id=8095548345
2025-09-11 19:42:32,181 | INFO | code-magnetism | Update 49515459 processed successfully
2025-09-11 19:42:32,188 | INFO | uvicorn.access | 91.108.5.52:0 - "POST /telegram/webhook?secret=change_me HTTP/1.1" 200
2025-09-11 19:42:34,825 | INFO | code-magnetism | Incoming update 49515460
2025-09-11 19:42:34,826 | INFO | code-magnetism | Message from 815370781 (@goldfinger_uk): /broadcast
2025-09-11 19:42:35,118 | INFO | aiogram.event | Update id=49515460 is handled. Duration 284 ms by bot id=8095548345
2025-09-11 19:42:35,119 | INFO | code-magnetism | Update 49515460 processed successfully
2025-09-11 19:42:35,124 | INFO | uvicorn.access | 91.108.5.52:0 - "POST /telegram/webhook?secret=change_me HTTP/1.1" 200
2025-09-11 19:42:37,835 | INFO | code-magnetism | Incoming update 49515461
2025-09-11 19:42:37,836 | INFO | code-magnetism | Callback from 1648917869 (@Tokyo_tokyo): menu:back
2025-09-11 19:42:38,337 | INFO | aiogram.event | Update id=49515461 is handled. Duration 493 ms by bot id=8095548345
2025-09-11 19:42:38,337 | INFO | code-magnetism | Update 49515461 processed successfully
2025-09-11 19:42:38,343 | INFO | uvicorn.access | 91.108.5.52:0 - "POST /telegram/webhook?secret=change_me HTTP/1.1" 200
2025-09-11 19:42:53,933 | INFO | code-magnetism | Incoming update 49515462
2025-09-11 19:42:53,933 | INFO | code-magnetism | Callback from 1648917869 (@Tokyo_tokyo): funnel:skip:3
2025-09-11 19:42:53,957 | INFO | handlers | funnel: skipped user_id=2 lesson=3
2025-09-11 19:42:54,990 | INFO | aiogram.event | Update id=49515462 is handled. Duration 1050 ms by bot id=8095548345
2025-09-11 19:42:54,991 | INFO | code-magnetism | Update 49515462 processed successfully
2025-09-11 19:42:54,997 | INFO | uvicorn.access | 91.108.5.52:0 - "POST /telegram/webhook?secret=change_me HTTP/1.1" 200
2025-09-11 19:43:14,056 | INFO | code-magnetism | Incoming update 49515463
2025-09-11 19:43:14,056 | INFO | code-magnetism | Callback from 1648917869 (@Tokyo_tokyo): menu:progress
2025-09-11 19:43:14,962 | INFO | aiogram.event | Update id=49515463 is handled. Duration 897 ms by bot id=8095548345
2025-09-11 19:43:14,963 | INFO | code-magnetism | Update 49515463 processed successfully
2025-09-11 19:43:14,969 | INFO | uvicorn.access | 91.108.5.52:0 - "POST /telegram/webhook?secret=change_me HTTP/1.1" 200
2025-09-11 19:43:23,426 | INFO | code-magnetism | Incoming update 49515464
2025-09-11 19:43:23,427 | INFO | code-magnetism | Callback from 1648917869 (@Tokyo_tokyo): menu:funnel
2025-09-11 19:43:23,904 | INFO | aiogram.event | Update id=49515464 is handled. Duration 468 ms by bot id=8095548345
2025-09-11 19:43:23,905 | INFO | code-magnetism | Update 49515464 processed successfully
2025-09-11 19:43:23,911 | INFO | uvicorn.access | 91.108.5.52:0 - "POST /telegram/webhook?secret=change_me HTTP/1.1" 200
2025-09-11 19:43:27,429 | INFO | code-magnetism | Incoming update 49515465
2025-09-11 19:43:27,430 | INFO | code-magnetism | Callback from 1648917869 (@Tokyo_tokyo): access:free
2025-09-11 19:43:27,888 | INFO | aiogram.event | Update id=49515465 is handled. Duration 451 ms by bot id=8095548345
2025-09-11 19:43:27,889 | INFO | code-magnetism | Update 49515465 processed successfully
2025-09-11 19:43:27,894 | INFO | uvicorn.access | 91.108.5.52:0 - "POST /telegram/webhook?secret=change_me HTTP/1.1" 200
2025-09-11 19:43:30,085 | INFO | code-magnetism | Incoming update 49515466
2025-09-11 19:43:30,086 | INFO | code-magnetism | Callback from 1648917869 (@Tokyo_tokyo): funnel:lesson:3
2025-09-11 19:43:31,315 | INFO | aiogram.event | Update id=49515466 is handled. Duration 1221 ms by bot id=8095548345
2025-09-11 19:43:31,316 | INFO | code-magnetism | Update 49515466 processed successfully
2025-09-11 19:43:31,322 | INFO | uvicorn.access | 91.108.5.52:0 - "POST /telegram/webhook?secret=change_me HTTP/1.1" 200
2025-09-11 19:43:35,572 | INFO | code-magnetism | Incoming update 49515467
2025-09-11 19:43:35,573 | INFO | code-magnetism | Callback from 1648917869 (@Tokyo_tokyo): funnel:done:3
2025-09-11 19:43:36,105 | INFO | aiogram.event | Update id=49515467 is handled. Duration 524 ms by bot id=8095548345
2025-09-11 19:43:36,106 | INFO | code-magnetism | Update 49515467 processed successfully
2025-09-11 19:43:36,111 | INFO | uvicorn.access | 91.108.5.52:0 - "POST /telegram/webhook?secret=change_me HTTP/1.1" 200
2025-09-11 19:43:41,457 | INFO | code-magnetism | Incoming update 49515468
2025-09-11 19:43:41,458 | INFO | code-magnetism | Message from 1648917869 (@Tokyo_tokyo): аа
2025-09-11 19:43:41,469 | INFO | aiogram.event | Update id=49515468 is handled. Duration 4 ms by bot id=8095548345
2025-09-11 19:43:41,470 | INFO | code-magnetism | Update 49515468 processed successfully
2025-09-11 19:43:41,473 | INFO | uvicorn.access | 91.108.5.52:0 - "POST /telegram/webhook?secret=change_me HTTP/1.1" 200
2025-09-11 19:43:57,041 | INFO | code-magnetism | Incoming update 49515469
2025-09-11 19:43:57,042 | INFO | code-magnetism | Callback from 1648917869 (@Tokyo_tokyo): menu:main
2025-09-11 19:43:57,925 | INFO | aiogram.event | Update id=49515469 is handled. Duration 878 ms by bot id=8095548345
2025-09-11 19:43:57,926 | INFO | code-magnetism | Update 49515469 processed successfully
2025-09-11 19:43:57,932 | INFO | uvicorn.access | 91.108.5.52:0 - "POST /telegram/webhook?secret=change_me HTTP/1.1" 200
2025-09-11 19:44:02,105 | INFO | code-magnetism | Incoming update 49515470
2025-09-11 19:44:02,106 | INFO | code-magnetism | Callback from 1648917869 (@Tokyo_tokyo): menu:analysis
2025-09-11 19:44:02,579 | INFO | aiogram.event | Update id=49515470 is handled. Duration 465 ms by bot id=8095548345
2025-09-11 19:44:02,580 | INFO | code-magnetism | Update 49515470 processed successfully
2025-09-11 19:44:02,586 | INFO | uvicorn.access | 91.108.5.52:0 - "POST /telegram/webhook?secret=change_me HTTP/1.1" 200
2025-09-11 19:44:13,278 | INFO | code-magnetism | Incoming update 49515471
2025-09-11 19:44:13,279 | INFO | code-magnetism | Callback from 1648917869 (@Tokyo_tokyo): menu:rules
2025-09-11 19:44:13,848 | INFO | aiogram.event | Update id=49515471 is handled. Duration 561 ms by bot id=8095548345
2025-09-11 19:44:13,849 | INFO | code-magnetism | Update 49515471 processed successfully
2025-09-11 19:44:13,857 | INFO | uvicorn.access | 91.108.5.52:0 - "POST /telegram/webhook?secret=change_me HTTP/1.1" 200
2025-09-11 19:44:19,763 | INFO | code-magnetism | Incoming update 49515472
2025-09-11 19:44:19,763 | INFO | code-magnetism | Callback from 1648917869 (@Tokyo_tokyo): menu:faq
2025-09-11 19:44:20,242 | INFO | aiogram.event | Update id=49515472 is handled. Duration 470 ms by bot id=8095548345
2025-09-11 19:44:20,243 | INFO | code-magnetism | Update 49515472 processed successfully
2025-09-11 19:44:20,249 | INFO | uvicorn.access | 91.108.5.52:0 - "POST /telegram/webhook?secret=change_me HTTP/1.1" 200
2025-09-11 19:44:23,124 | INFO | code-magnetism | Incoming update 49515474
2025-09-11 19:44:23,125 | INFO | code-magnetism | Message from 815370781 (@goldfinger_uk): /start
2025-09-11 19:44:23,133 | INFO | code-magnetism | Incoming update 49515473
2025-09-11 19:44:23,134 | INFO | code-magnetism | Callback from 1648917869 (@Tokyo_tokyo): menu:test
2025-09-11 19:44:24,027 | INFO | aiogram.event | Update id=49515474 is handled. Duration 896 ms by bot id=8095548345
2025-09-11 19:44:24,028 | INFO | code-magnetism | Update 49515474 processed successfully
2025-09-11 19:44:24,035 | INFO | uvicorn.access | 91.108.5.52:0 - "POST /telegram/webhook?secret=change_me HTTP/1.1" 200
2025-09-11 19:44:24,271 | INFO | aiogram.event | Update id=49515473 is handled. Duration 1132 ms by bot id=8095548345
2025-09-11 19:44:24,271 | INFO | code-magnetism | Update 49515473 processed successfully
2025-09-11 19:44:24,278 | INFO | uvicorn.access | 91.108.5.52:0 - "POST /telegram/webhook?secret=change_me HTTP/1.1" 200
2025-09-11 19:44:28,919 | INFO | code-magnetism | Incoming update 49515475
2025-09-11 19:44:28,920 | INFO | code-magnetism | Callback from 1648917869 (@Tokyo_tokyo): menu:pay
2025-09-11 19:44:29,410 | INFO | aiogram.event | Update id=49515475 is handled. Duration 482 ms by bot id=8095548345
2025-09-11 19:44:29,411 | INFO | code-magnetism | Update 49515475 processed successfully
2025-09-11 19:44:29,417 | INFO | uvicorn.access | 91.108.5.52:0 - "POST /telegram/webhook?secret=change_me HTTP/1.1" 200
2025-09-11 19:45:04,781 | INFO | uvicorn.error | Shutting down
2025-09-11 19:45:04,884 | INFO | uvicorn.error | Waiting for application shutdown.
2025-09-11 19:45:04,885 | INFO | code-magnetism | Shutdown: останавливаем планировщик/закрываем БД...
2025-09-11 19:45:04,891 | INFO | scheduler | APScheduler shut down
2025-09-11 19:45:04,893 | INFO | code-magnetism | Scheduler stopped successfully
2025-09-11 19:45:04,895 | INFO | apscheduler.scheduler | Scheduler has been shut down
2025-09-11 19:45:04,908 | INFO | db | PostgreSQL pool closed
2025-09-11 19:45:04,909 | INFO | code-magnetism | Database closed successfully
2025-09-11 19:45:04,911 | INFO | code-magnetism | Shutdown завершён.
2025-09-11 19:45:04,913 | INFO | uvicorn.error | Application shutdown complete.
2025-09-11 19:45:04,915 | INFO | uvicorn.error | Finished server process [7104]
2025-09-12 07:37:24,225 | INFO | code-magnetism | Routers attached: ['main-router']
2025-09-12 07:37:25,796 | INFO | uvicorn.error | Started server process [4788]
2025-09-12 07:37:25,797 | INFO | uvicorn.error | Waiting for application startup.
2025-09-12 07:37:25,819 | INFO | code-magnetism | Startup: инициализация БД/планировщика/вебхука...
2025-09-12 07:37:25,822 | INFO | db | Connecting PostgreSQL: postgresql://magnet:***@localhost:5432/magnetism
2025-09-12 07:37:26,506 | INFO | db | PostgreSQL pool created
2025-09-12 07:37:26,507 | INFO | db | Applying schema from: C:\Users\Tim\Desktop\code-magnetism\schema.sql
2025-09-12 07:37:26,924 | INFO | db | Schema applied successfully.
2025-09-12 07:37:26,926 | INFO | db | Schema applied from C:\Users\Tim\Desktop\code-magnetism\schema.sql
2025-09-12 07:37:26,927 | INFO | code-magnetism | Database initialized successfully
2025-09-12 07:37:27,025 | INFO | apscheduler.scheduler | Adding job tentatively -- it will be properly scheduled when the scheduler starts
2025-09-12 07:37:27,029 | INFO | apscheduler.scheduler | Adding job tentatively -- it will be properly scheduled when the scheduler starts
2025-09-12 07:37:27,031 | INFO | apscheduler.scheduler | Adding job tentatively -- it will be properly scheduled when the scheduler starts
2025-09-12 07:37:27,048 | INFO | apscheduler.scheduler | Added job "job_daily_lessons" to job store "default"
2025-09-12 07:37:27,050 | INFO | apscheduler.scheduler | Added job "job_soft_reminders" to job store "default"
2025-09-12 07:37:27,051 | INFO | apscheduler.scheduler | Added job "job_access_expiry_reminders" to job store "default"
2025-09-12 07:37:27,052 | INFO | apscheduler.scheduler | Scheduler started
2025-09-12 07:37:27,055 | INFO | scheduler | APScheduler started with timezone=Europe/Moscow; lessons at 10:00
2025-09-12 07:37:27,058 | INFO | code-magnetism | Scheduler initialized successfully
2025-09-12 07:37:27,062 | INFO | code-magnetism | Setting Telegram webhook to: https://910b22307036.ngrok-free.app/telegram/webhook?secret=change_me
2025-09-12 07:37:28,388 | INFO | code-magnetism | Old webhook deleted
2025-09-12 07:37:28,662 | INFO | code-magnetism | Telegram webhook установлен: https://910b22307036.ngrok-free.app/telegram/webhook?secret=change_me
2025-09-12 07:37:28,664 | INFO | code-magnetism | Startup завершён.
2025-09-12 07:37:28,672 | INFO | uvicorn.error | Application startup complete.
2025-09-12 07:37:28,678 | INFO | uvicorn.error | Uvicorn running on http://0.0.0.0:8000 (Press CTRL+C to quit)
2025-09-12 08:05:29,181 | INFO | code-magnetism | Incoming update 49515479
2025-09-12 08:05:29,182 | INFO | code-magnetism | Message from 1648917869 (@Tokyo_tokyo): /start
2025-09-12 08:05:30,694 | INFO | aiogram.event | Update id=49515479 is handled. Duration 1508 ms by bot id=8095548345
2025-09-12 08:05:30,696 | INFO | code-magnetism | Update 49515479 processed successfully
2025-09-12 08:05:30,698 | INFO | uvicorn.access | 91.108.5.52:0 - "POST /telegram/webhook?secret=change_me HTTP/1.1" 200
2025-09-12 08:05:37,274 | INFO | code-magnetism | Incoming update 49515480
2025-09-12 08:05:37,275 | INFO | code-magnetism | Callback from 1648917869 (@Tokyo_tokyo): menu:about
2025-09-12 08:05:37,865 | INFO | aiogram.event | Update id=49515480 is handled. Duration 586 ms by bot id=8095548345
2025-09-12 08:05:37,866 | INFO | code-magnetism | Update 49515480 processed successfully
2025-09-12 08:05:37,868 | INFO | uvicorn.access | 91.108.5.52:0 - "POST /telegram/webhook?secret=change_me HTTP/1.1" 200
2025-09-12 08:06:03,176 | INFO | code-magnetism | Incoming update 49515481
2025-09-12 08:06:03,177 | INFO | code-magnetism | Callback from 1648917869 (@Tokyo_tokyo): menu:faq
2025-09-12 08:06:04,339 | INFO | aiogram.event | Update id=49515481 is handled. Duration 1157 ms by bot id=8095548345
2025-09-12 08:06:04,340 | INFO | code-magnetism | Update 49515481 processed successfully
2025-09-12 08:06:04,342 | INFO | uvicorn.access | 91.108.5.52:0 - "POST /telegram/webhook?secret=change_me HTTP/1.1" 200
2025-09-12 08:06:06,759 | INFO | code-magnetism | Incoming update 49515482
2025-09-12 08:06:06,761 | INFO | code-magnetism | Callback from 1648917869 (@Tokyo_tokyo): menu:funnel
2025-09-12 08:06:07,334 | INFO | aiogram.event | Update id=49515482 is handled. Duration 568 ms by bot id=8095548345
2025-09-12 08:06:07,335 | INFO | code-magnetism | Update 49515482 processed successfully
2025-09-12 08:06:07,338 | INFO | uvicorn.access | 91.108.5.52:0 - "POST /telegram/webhook?secret=change_me HTTP/1.1" 200
2025-09-12 08:06:18,430 | INFO | code-magnetism | Incoming update 49515483
2025-09-12 08:06:18,431 | INFO | code-magnetism | Callback from 1648917869 (@Tokyo_tokyo): access:paid
2025-09-12 08:06:19,145 | INFO | aiogram.event | Update id=49515483 is handled. Duration 711 ms by bot id=8095548345
2025-09-12 08:06:19,147 | INFO | code-magnetism | Update 49515483 processed successfully
2025-09-12 08:06:19,149 | INFO | uvicorn.access | 91.108.5.52:0 - "POST /telegram/webhook?secret=change_me HTTP/1.1" 200
2025-09-12 08:48:47,984 | INFO | code-magnetism | Incoming update 49515484
2025-09-12 08:48:47,985 | INFO | code-magnetism | Message from 1648917869 (@Tokyo_tokyo): /start
2025-09-12 08:48:49,535 | INFO | aiogram.event | Update id=49515484 is handled. Duration 1547 ms by bot id=8095548345
2025-09-12 08:48:49,539 | INFO | code-magnetism | Update 49515484 processed successfully
2025-09-12 08:48:49,542 | INFO | uvicorn.access | 91.108.5.52:0 - "POST /telegram/webhook?secret=change_me HTTP/1.1" 200
2025-09-12 08:53:31,762 | INFO | uvicorn.error | Shutting down
2025-09-12 08:53:31,878 | INFO | uvicorn.error | Waiting for application shutdown.
2025-09-12 08:53:31,880 | INFO | code-magnetism | Shutdown: останавливаем планировщик/закрываем БД...
2025-09-12 08:53:31,888 | INFO | scheduler | APScheduler shut down
2025-09-12 08:53:31,889 | INFO | code-magnetism | Scheduler stopped successfully
2025-09-12 08:53:31,894 | INFO | apscheduler.scheduler | Scheduler has been shut down
2025-09-12 08:53:31,913 | INFO | db | PostgreSQL pool closed
2025-09-12 08:53:31,914 | INFO | code-magnetism | Database closed successfully
2025-09-12 08:53:31,916 | INFO | code-magnetism | Shutdown завершён.
2025-09-12 08:53:31,918 | INFO | uvicorn.error | Application shutdown complete.
2025-09-12 08:53:31,919 | INFO | uvicorn.error | Finished server process [4788]
2025-09-12 09:31:51,892 | INFO | code-magnetism | Routers attached: ['main-router']
2025-09-12 09:31:53,483 | INFO | uvicorn.error | Started server process [2096]
2025-09-12 09:31:53,484 | INFO | uvicorn.error | Waiting for application startup.
2025-09-12 09:31:53,507 | INFO | code-magnetism | Startup: инициализация БД/планировщика/вебхука...
2025-09-12 09:31:53,509 | INFO | db | Connecting PostgreSQL: postgresql://magnet:***@localhost:5432/magnetism
2025-09-12 09:31:54,195 | INFO | db | PostgreSQL pool created
2025-09-12 09:31:54,196 | INFO | db | Applying schema from: C:\Users\Tim\Desktop\code-magnetism\schema.sql
2025-09-12 09:31:54,646 | INFO | db | Schema applied successfully.
2025-09-12 09:31:54,647 | INFO | db | Schema applied from C:\Users\Tim\Desktop\code-magnetism\schema.sql
2025-09-12 09:31:54,648 | INFO | code-magnetism | Database initialized successfully
2025-09-12 09:31:54,713 | INFO | apscheduler.scheduler | Adding job tentatively -- it will be properly scheduled when the scheduler starts
2025-09-12 09:31:54,715 | INFO | apscheduler.scheduler | Adding job tentatively -- it will be properly scheduled when the scheduler starts
2025-09-12 09:31:54,717 | INFO | apscheduler.scheduler | Adding job tentatively -- it will be properly scheduled when the scheduler starts
2025-09-12 09:31:54,737 | INFO | apscheduler.scheduler | Added job "job_daily_lessons" to job store "default"
2025-09-12 09:31:54,739 | INFO | apscheduler.scheduler | Added job "job_soft_reminders" to job store "default"
2025-09-12 09:31:54,740 | INFO | apscheduler.scheduler | Added job "job_access_expiry_reminders" to job store "default"
2025-09-12 09:31:54,741 | INFO | apscheduler.scheduler | Scheduler started
2025-09-12 09:31:54,744 | INFO | scheduler | APScheduler started with timezone=Europe/Moscow; lessons at 10:00
2025-09-12 09:31:54,745 | INFO | code-magnetism | Scheduler initialized successfully
2025-09-12 09:31:54,747 | INFO | code-magnetism | Setting Telegram webhook to: https://82759fc31912.ngrok-free.app/telegram/webhook?secret=change_me
2025-09-12 09:31:55,732 | INFO | code-magnetism | Old webhook deleted
2025-09-12 09:31:55,958 | INFO | code-magnetism | Telegram webhook установлен: https://82759fc31912.ngrok-free.app/telegram/webhook?secret=change_me
2025-09-12 09:31:55,959 | INFO | code-magnetism | Startup завершён.
2025-09-12 09:31:55,964 | INFO | uvicorn.error | Application startup complete.
2025-09-12 09:31:55,968 | INFO | uvicorn.error | Uvicorn running on http://0.0.0.0:8000 (Press CTRL+C to quit)
2025-09-12 10:00:00,004 | INFO | apscheduler.executors.default | Running job "job_daily_lessons (trigger: cron[hour='10', minute='0'], next run at: 2025-09-13 10:00:00 -03)" (scheduled at 2025-09-12 10:00:00-03:00)
2025-09-23 11:23:58,465 | INFO | code-magnetism | Routers attached: ['main-router']
2025-09-23 11:28:14,651 | INFO | uvicorn.error | Started server process [4832]
2025-09-23 11:28:14,652 | INFO | uvicorn.error | Waiting for application startup.
2025-09-23 11:28:14,658 | INFO | code-magnetism | Startup: инициализация БД/планировщика/вебхука...
2025-09-23 11:28:14,659 | INFO | db | Connecting PostgreSQL: postgresql://magnet:***@localhost:5432/magnetism
2025-09-23 11:28:15,290 | INFO | db | PostgreSQL pool created
2025-09-23 11:28:15,292 | INFO | db | Applying schema from: C:\Users\Tim\source\repos\cambly-work\telegram-botCM\schema.sql
2025-09-23 11:28:15,875 | INFO | db | Schema applied successfully.
2025-09-23 11:28:15,876 | INFO | db | Schema applied from C:\Users\Tim\source\repos\cambly-work\telegram-botCM\schema.sql
2025-09-23 11:28:15,883 | INFO | code-magnetism | Database initialized successfully
2025-09-23 11:28:15,958 | INFO | apscheduler.scheduler | Adding job tentatively -- it will be properly scheduled when the scheduler starts
2025-09-23 11:28:15,960 | INFO | apscheduler.scheduler | Adding job tentatively -- it will be properly scheduled when the scheduler starts
2025-09-23 11:28:15,964 | INFO | apscheduler.scheduler | Adding job tentatively -- it will be properly scheduled when the scheduler starts
2025-09-23 11:28:15,983 | INFO | apscheduler.scheduler | Added job "job_daily_lessons" to job store "default"
2025-09-23 11:28:15,985 | INFO | apscheduler.scheduler | Added job "job_soft_reminders" to job store "default"
2025-09-23 11:28:15,990 | INFO | apscheduler.scheduler | Added job "job_access_expiry_reminders" to job store "default"
2025-09-23 11:28:15,995 | INFO | apscheduler.scheduler | Scheduler started
2025-09-23 11:28:15,997 | INFO | scheduler | APScheduler started with timezone=Europe/Moscow; lessons at 10:00
2025-09-23 11:28:15,999 | INFO | code-magnetism | Scheduler initialized successfully
2025-09-23 11:28:16,001 | INFO | code-magnetism | Setting Telegram webhook to: https://5ef43a4597d2.ngrok-free.app/telegram/webhook?secret=change_me
2025-09-23 11:28:16,702 | INFO | code-magnetism | Old webhook deleted
2025-09-23 11:28:16,927 | INFO | code-magnetism | Telegram webhook установлен: https://5ef43a4597d2.ngrok-free.app/telegram/webhook?secret=change_me
2025-09-23 11:28:16,928 | INFO | code-magnetism | Startup завершён.
2025-09-23 11:28:16,935 | INFO | uvicorn.error | Application startup complete.
2025-09-23 11:28:16,939 | INFO | uvicorn.error | Uvicorn running on http://0.0.0.0:8000 (Press CTRL+C to quit)
2025-09-23 11:28:46,145 | INFO | code-magnetism | Incoming update 822055101
2025-09-23 11:28:46,147 | INFO | code-magnetism | Message from 815370781 (@goldfinger_uk): /start
2025-09-23 11:28:47,012 | INFO | aiogram.event | Update id=822055101 is handled. Duration 854 ms by bot id=8485537220
2025-09-23 11:28:47,013 | INFO | code-magnetism | Update 822055101 processed successfully
2025-09-23 11:28:47,026 | INFO | uvicorn.access | 91.108.5.36:0 - "POST /telegram/webhook?secret=change_me HTTP/1.1" 200
2025-09-23 11:28:55,979 | INFO | code-magnetism | Incoming update 822055102
2025-09-23 11:28:55,980 | INFO | code-magnetism | Message from 815370781 (@goldfinger_uk): Админ-панель
2025-09-23 11:28:56,324 | INFO | aiogram.event | Update id=822055102 is handled. Duration 335 ms by bot id=8485537220
2025-09-23 11:28:56,325 | INFO | code-magnetism | Update 822055102 processed successfully
2025-09-23 11:28:56,330 | INFO | uvicorn.access | 91.108.5.36:0 - "POST /telegram/webhook?secret=change_me HTTP/1.1" 200
2025-09-23 11:28:59,763 | INFO | code-magnetism | Incoming update 822055103
2025-09-23 11:28:59,764 | INFO | code-magnetism | Message from 815370781 (@goldfinger_uk): О клубе
2025-09-23 11:29:00,203 | INFO | aiogram.event | Update id=822055103 is handled. Duration 431 ms by bot id=8485537220
2025-09-23 11:29:00,209 | INFO | code-magnetism | Update 822055103 processed successfully
2025-09-23 11:29:00,210 | INFO | uvicorn.access | 91.108.5.36:0 - "POST /telegram/webhook?secret=change_me HTTP/1.1" 200
2025-09-23 11:29:14,911 | INFO | code-magnetism | Incoming update 822055104
2025-09-23 11:29:14,911 | INFO | code-magnetism | Message from 815370781 (@goldfinger_uk): Пройти тест
2025-09-23 11:29:15,167 | INFO | aiogram.event | Update id=822055104 is handled. Duration 250 ms by bot id=8485537220
2025-09-23 11:29:15,168 | INFO | code-magnetism | Update 822055104 processed successfully
2025-09-23 11:29:15,175 | INFO | uvicorn.access | 91.108.5.36:0 - "POST /telegram/webhook?secret=change_me HTTP/1.1" 200
2025-09-23 11:31:37,000 | INFO | code-magnetism | Incoming update 822055105
2025-09-23 11:31:37,000 | INFO | code-magnetism | Message from 815370781 (@goldfinger_uk): О
2025-09-23 11:31:37,767 | INFO | aiogram.event | Update id=822055105 is handled. Duration 763 ms by bot id=8485537220
2025-09-23 11:31:37,768 | INFO | code-magnetism | Update 822055105 processed successfully
2025-09-23 11:31:37,770 | INFO | uvicorn.access | 91.108.5.36:0 - "POST /telegram/webhook?secret=change_me HTTP/1.1" 200
2025-09-23 11:31:46,801 | INFO | code-magnetism | Incoming update 822055106
2025-09-23 11:31:46,803 | INFO | code-magnetism | Message from 815370781 (@goldfinger_uk): /start
2025-09-23 11:31:47,705 | INFO | aiogram.event | Update id=822055106 is handled. Duration 900 ms by bot id=8485537220
2025-09-23 11:31:47,707 | INFO | code-magnetism | Update 822055106 processed successfully
2025-09-23 11:31:47,710 | INFO | uvicorn.access | 91.108.5.36:0 - "POST /telegram/webhook?secret=change_me HTTP/1.1" 200
2025-09-23 11:33:08,975 | INFO | code-magnetism | Incoming update 822055107
2025-09-23 11:33:08,976 | INFO | code-magnetism | Message from 815370781 (@goldfinger_uk): /start
2025-09-23 11:33:09,891 | INFO | aiogram.event | Update id=822055107 is handled. Duration 913 ms by bot id=8485537220
2025-09-23 11:33:09,893 | INFO | code-magnetism | Update 822055107 processed successfully
2025-09-23 11:33:09,895 | INFO | uvicorn.access | 91.108.5.36:0 - "POST /telegram/webhook?secret=change_me HTTP/1.1" 200
2025-09-23 11:34:49,953 | INFO | code-magnetism | Incoming update 822055108
2025-09-23 11:34:49,954 | INFO | code-magnetism | Message from 1648917869 (@Tokyo_tokyo): /start
2025-09-23 11:34:50,797 | INFO | aiogram.event | Update id=822055108 is handled. Duration 841 ms by bot id=8485537220
2025-09-23 11:34:50,798 | INFO | code-magnetism | Update 822055108 processed successfully
2025-09-23 11:34:50,799 | INFO | uvicorn.access | 91.108.5.36:0 - "POST /telegram/webhook?secret=change_me HTTP/1.1" 200
2025-09-23 11:35:36,985 | INFO | code-magnetism | Incoming update 822055109
2025-09-23 11:35:36,986 | INFO | code-magnetism | Message from 1648917869 (@Tokyo_tokyo): /start
2025-09-23 11:35:37,886 | INFO | aiogram.event | Update id=822055109 is handled. Duration 898 ms by bot id=8485537220
2025-09-23 11:35:37,887 | INFO | code-magnetism | Update 822055109 processed successfully
2025-09-23 11:35:37,888 | INFO | uvicorn.access | 91.108.5.36:0 - "POST /telegram/webhook?secret=change_me HTTP/1.1" 200
2025-09-23 11:37:08,958 | INFO | code-magnetism | Incoming update 822055110
2025-09-23 11:37:08,959 | INFO | code-magnetism | Message from 1648917869 (@Tokyo_tokyo): /start
2025-09-23 11:37:09,784 | INFO | aiogram.event | Update id=822055110 is handled. Duration 823 ms by bot id=8485537220
2025-09-23 11:37:09,785 | INFO | code-magnetism | Update 822055110 processed successfully
2025-09-23 11:37:09,786 | INFO | uvicorn.access | 91.108.5.36:0 - "POST /telegram/webhook?secret=change_me HTTP/1.1" 200
2025-09-23 11:37:38,631 | INFO | code-magnetism | Incoming update 822055111
2025-09-23 11:37:38,632 | INFO | code-magnetism | Message from 1648917869 (@Tokyo_tokyo): Админ-панель
2025-09-23 11:37:39,484 | INFO | aiogram.event | Update id=822055111 is handled. Duration 850 ms by bot id=8485537220
2025-09-23 11:37:39,485 | INFO | code-magnetism | Update 822055111 processed successfully
2025-09-23 11:37:39,486 | INFO | uvicorn.access | 91.108.5.36:0 - "POST /telegram/webhook?secret=change_me HTTP/1.1" 200
2025-09-23 11:37:44,964 | INFO | code-magnetism | Incoming update 822055112
2025-09-23 11:37:44,965 | INFO | code-magnetism | Message from 1648917869 (@Tokyo_tokyo): FAQ
2025-09-23 11:37:45,378 | INFO | aiogram.event | Update id=822055112 is handled. Duration 410 ms by bot id=8485537220
2025-09-23 11:37:45,379 | INFO | code-magnetism | Update 822055112 processed successfully
2025-09-23 11:37:45,382 | INFO | uvicorn.access | 91.108.5.36:0 - "POST /telegram/webhook?secret=change_me HTTP/1.1" 200
2025-09-23 11:38:06,349 | INFO | code-magnetism | Incoming update 822055113
2025-09-23 11:38:06,350 | INFO | code-magnetism | Message from 1648917869 (@Tokyo_tokyo): Оплатить доступ
2025-09-23 11:38:07,148 | INFO | aiogram.event | Update id=822055113 is handled. Duration 795 ms by bot id=8485537220
2025-09-23 11:38:07,148 | INFO | code-magnetism | Update 822055113 processed successfully
2025-09-23 11:38:07,150 | INFO | uvicorn.access | 91.108.5.36:0 - "POST /telegram/webhook?secret=change_me HTTP/1.1" 200
2025-09-23 11:38:19,850 | INFO | code-magnetism | Incoming update 822055114
2025-09-23 11:38:19,852 | INFO | code-magnetism | Message from 1648917869 (@Tokyo_tokyo): Поддержка
2025-09-23 11:38:20,109 | INFO | aiogram.event | Update id=822055114 is handled. Duration 255 ms by bot id=8485537220
2025-09-23 11:38:20,110 | INFO | code-magnetism | Update 822055114 processed successfully
2025-09-23 11:38:20,112 | INFO | uvicorn.access | 91.108.5.36:0 - "POST /telegram/webhook?secret=change_me HTTP/1.1" 200
2025-09-23 11:40:29,408 | INFO | code-magnetism | Incoming update 822055115
2025-09-23 11:40:29,408 | INFO | code-magnetism | Callback from 1648917869 (@Tokyo_tokyo): menu:rules
2025-09-23 11:40:30,584 | INFO | aiogram.event | Update id=822055115 is handled. Duration 1126 ms by bot id=8485537220
2025-09-23 11:40:30,589 | INFO | code-magnetism | Update 822055115 processed successfully
2025-09-23 11:40:30,594 | INFO | uvicorn.access | 91.108.5.36:0 - "POST /telegram/webhook?secret=change_me HTTP/1.1" 200
2025-09-23 11:40:46,592 | INFO | code-magnetism | Incoming update 822055116
2025-09-23 11:40:46,593 | INFO | code-magnetism | Message from 1648917869 (@Tokyo_tokyo): /start
2025-09-23 11:40:47,538 | INFO | aiogram.event | Update id=822055116 is handled. Duration 943 ms by bot id=8485537220
2025-09-23 11:40:47,539 | INFO | code-magnetism | Update 822055116 processed successfully
2025-09-23 11:40:47,540 | INFO | uvicorn.access | 91.108.5.36:0 - "POST /telegram/webhook?secret=change_me HTTP/1.1" 200
2025-09-23 11:41:43,488 | INFO | code-magnetism | Incoming update 822055117
2025-09-23 11:41:43,489 | INFO | code-magnetism | Message from 1648917869 (@Tokyo_tokyo): Пройти тест
2025-09-23 11:41:44,221 | INFO | aiogram.event | Update id=822055117 is handled. Duration 730 ms by bot id=8485537220
2025-09-23 11:41:44,222 | INFO | code-magnetism | Update 822055117 processed successfully
2025-09-23 11:41:44,223 | INFO | uvicorn.access | 91.108.5.36:0 - "POST /telegram/webhook?secret=change_me HTTP/1.1" 200
2025-09-23 11:41:50,563 | INFO | code-magnetism | Incoming update 822055118
2025-09-23 11:41:50,565 | INFO | code-magnetism | Message from 1648917869 (@Tokyo_tokyo): Бесплатные уроки
2025-09-23 11:41:50,916 | INFO | aiogram.event | Update id=822055118 is handled. Duration 349 ms by bot id=8485537220
2025-09-23 11:41:50,918 | INFO | code-magnetism | Update 822055118 processed successfully
2025-09-23 11:41:50,919 | INFO | uvicorn.access | 91.108.5.36:0 - "POST /telegram/webhook?secret=change_me HTTP/1.1" 200
2025-09-23 11:41:55,895 | INFO | code-magnetism | Incoming update 822055119
2025-09-23 11:41:55,897 | INFO | code-magnetism | Message from 1648917869 (@Tokyo_tokyo): Мой прогресс
2025-09-23 11:41:56,161 | INFO | aiogram.event | Update id=822055119 is handled. Duration 261 ms by bot id=8485537220
2025-09-23 11:41:56,162 | INFO | code-magnetism | Update 822055119 processed successfully
2025-09-23 11:41:56,165 | INFO | uvicorn.access | 91.108.5.36:0 - "POST /telegram/webhook?secret=change_me HTTP/1.1" 200
2025-09-23 11:42:07,908 | INFO | code-magnetism | Incoming update 822055120
2025-09-23 11:42:07,909 | INFO | code-magnetism | Message from 1648917869 (@Tokyo_tokyo): Пройти тест
2025-09-23 11:42:08,168 | INFO | aiogram.event | Update id=822055120 is handled. Duration 256 ms by bot id=8485537220
2025-09-23 11:42:08,169 | INFO | code-magnetism | Update 822055120 processed successfully
2025-09-23 11:42:08,170 | INFO | uvicorn.access | 91.108.5.36:0 - "POST /telegram/webhook?secret=change_me HTTP/1.1" 200
2025-09-23 11:42:18,203 | INFO | code-magnetism | Incoming update 822055121
2025-09-23 11:42:18,204 | INFO | code-magnetism | Message from 1648917869 (@Tokyo_tokyo): Пройти тест
2025-09-23 11:42:18,511 | INFO | aiogram.event | Update id=822055121 is handled. Duration 304 ms by bot id=8485537220
2025-09-23 11:42:18,513 | INFO | code-magnetism | Update 822055121 processed successfully
2025-09-23 11:42:18,514 | INFO | uvicorn.access | 91.108.5.36:0 - "POST /telegram/webhook?secret=change_me HTTP/1.1" 200
2025-09-23 11:42:20,733 | INFO | code-magnetism | Incoming update 822055122
2025-09-23 11:42:20,734 | INFO | code-magnetism | Message from 1648917869 (@Tokyo_tokyo): Записаться на разбор
2025-09-23 11:42:21,055 | INFO | aiogram.event | Update id=822055122 is handled. Duration 319 ms by bot id=8485537220
2025-09-23 11:42:21,056 | INFO | code-magnetism | Update 822055122 processed successfully
2025-09-23 11:42:21,057 | INFO | uvicorn.access | 91.108.5.36:0 - "POST /telegram/webhook?secret=change_me HTTP/1.1" 200
2025-09-23 11:42:39,652 | INFO | code-magnetism | Incoming update 822055123
2025-09-23 11:42:39,653 | INFO | code-magnetism | Message from 815370781 (@goldfinger_uk): FAQ
2025-09-23 11:42:40,498 | INFO | aiogram.event | Update id=822055123 is handled. Duration 843 ms by bot id=8485537220
2025-09-23 11:42:40,499 | INFO | code-magnetism | Update 822055123 processed successfully
2025-09-23 11:42:40,501 | INFO | uvicorn.access | 91.108.5.36:0 - "POST /telegram/webhook?secret=change_me HTTP/1.1" 200
2025-09-23 11:42:41,750 | INFO | code-magnetism | Incoming update 822055124
2025-09-23 11:42:41,752 | INFO | code-magnetism | Message from 815370781 (@goldfinger_uk): О клубе
2025-09-23 11:42:42,047 | INFO | aiogram.event | Update id=822055124 is handled. Duration 293 ms by bot id=8485537220
2025-09-23 11:42:42,048 | INFO | code-magnetism | Update 822055124 processed successfully
2025-09-23 11:42:42,050 | INFO | uvicorn.access | 91.108.5.36:0 - "POST /telegram/webhook?secret=change_me HTTP/1.1" 200
2025-09-23 11:42:44,811 | INFO | code-magnetism | Incoming update 822055125
2025-09-23 11:42:44,815 | INFO | code-magnetism | Message from 815370781 (@goldfinger_uk): Правила
2025-09-23 11:42:45,165 | INFO | aiogram.event | Update id=822055125 is handled. Duration 348 ms by bot id=8485537220
2025-09-23 11:42:45,166 | INFO | code-magnetism | Update 822055125 processed successfully
2025-09-23 11:42:45,167 | INFO | uvicorn.access | 91.108.5.36:0 - "POST /telegram/webhook?secret=change_me HTTP/1.1" 200
2025-09-23 11:42:46,181 | INFO | code-magnetism | Incoming update 822055126
2025-09-23 11:42:46,182 | INFO | code-magnetism | Message from 815370781 (@goldfinger_uk): Пройти тест
2025-09-23 11:42:46,480 | INFO | aiogram.event | Update id=822055126 is handled. Duration 295 ms by bot id=8485537220
2025-09-23 11:42:46,481 | INFO | code-magnetism | Update 822055126 processed successfully
2025-09-23 11:42:46,483 | INFO | uvicorn.access | 91.108.5.36:0 - "POST /telegram/webhook?secret=change_me HTTP/1.1" 200
2025-09-23 11:42:47,972 | INFO | code-magnetism | Incoming update 822055127
2025-09-23 11:42:47,972 | INFO | code-magnetism | Message from 815370781 (@goldfinger_uk): Записаться на разбор
2025-09-23 11:42:48,270 | INFO | aiogram.event | Update id=822055127 is handled. Duration 294 ms by bot id=8485537220
2025-09-23 11:42:48,271 | INFO | code-magnetism | Update 822055127 processed successfully
2025-09-23 11:42:48,272 | INFO | uvicorn.access | 91.108.5.36:0 - "POST /telegram/webhook?secret=change_me HTTP/1.1" 200
2025-09-23 12:10:42,093 | INFO | code-magnetism | Incoming update 822055128
2025-09-23 12:10:42,094 | INFO | code-magnetism | Message from 1648917869 (@Tokyo_tokyo): /start
2025-09-23 12:10:44,894 | INFO | aiogram.event | Update id=822055128 is handled. Duration 2797 ms by bot id=8485537220
2025-09-23 12:10:44,895 | INFO | code-magnetism | Update 822055128 processed successfully
2025-09-23 12:10:44,897 | INFO | uvicorn.access | 91.108.5.36:0 - "POST /telegram/webhook?secret=change_me HTTP/1.1" 200
2025-09-23 12:10:49,602 | INFO | code-magnetism | Incoming update 822055129
2025-09-23 12:10:49,603 | INFO | code-magnetism | Message from 1648917869 (@Tokyo_tokyo): FAQ
2025-09-23 12:10:49,908 | INFO | aiogram.event | Update id=822055129 is handled. Duration 303 ms by bot id=8485537220
2025-09-23 12:10:49,909 | INFO | code-magnetism | Update 822055129 processed successfully
2025-09-23 12:10:49,910 | INFO | uvicorn.access | 91.108.5.36:0 - "POST /telegram/webhook?secret=change_me HTTP/1.1" 200
2025-09-23 12:11:05,847 | INFO | code-magnetism | Incoming update 822055130
2025-09-23 12:11:05,848 | INFO | code-magnetism | Message from 1648917869 (@Tokyo_tokyo): Пройти тест
2025-09-23 12:11:07,072 | INFO | aiogram.event | Update id=822055130 is handled. Duration 1220 ms by bot id=8485537220
2025-09-23 12:11:07,073 | INFO | code-magnetism | Update 822055130 processed successfully
2025-09-23 12:11:07,074 | INFO | uvicorn.access | 91.108.5.36:0 - "POST /telegram/webhook?secret=change_me HTTP/1.1" 200
2025-09-23 12:11:13,892 | INFO | code-magnetism | Incoming update 822055131
2025-09-23 12:11:13,892 | INFO | code-magnetism | Message from 1648917869 (@Tokyo_tokyo): Мой прогресс
2025-09-23 12:11:14,273 | INFO | aiogram.event | Update id=822055131 is handled. Duration 377 ms by bot id=8485537220
2025-09-23 12:11:14,276 | INFO | code-magnetism | Update 822055131 processed successfully
2025-09-23 12:11:14,277 | INFO | uvicorn.access | 91.108.5.36:0 - "POST /telegram/webhook?secret=change_me HTTP/1.1" 200
2025-09-23 12:11:18,004 | INFO | code-magnetism | Incoming update 822055132
2025-09-23 12:11:18,005 | INFO | code-magnetism | Message from 1648917869 (@Tokyo_tokyo): Поддержка
2025-09-23 12:11:18,298 | INFO | aiogram.event | Update id=822055132 is handled. Duration 290 ms by bot id=8485537220
2025-09-23 12:11:18,307 | INFO | code-magnetism | Update 822055132 processed successfully
2025-09-23 12:11:18,310 | INFO | uvicorn.access | 91.108.5.36:0 - "POST /telegram/webhook?secret=change_me HTTP/1.1" 200
2025-09-23 12:11:29,670 | INFO | code-magnetism | Incoming update 822055133
2025-09-23 12:11:29,671 | INFO | code-magnetism | Message from 1648917869 (@Tokyo_tokyo): Правила
2025-09-23 12:11:29,958 | INFO | aiogram.event | Update id=822055133 is handled. Duration 284 ms by bot id=8485537220
2025-09-23 12:11:29,960 | INFO | code-magnetism | Update 822055133 processed successfully
2025-09-23 12:11:29,963 | INFO | uvicorn.access | 91.108.5.36:0 - "POST /telegram/webhook?secret=change_me HTTP/1.1" 200
2025-09-23 12:11:40,479 | INFO | code-magnetism | Incoming update 822055134
2025-09-23 12:11:40,481 | INFO | code-magnetism | Message from 1648917869 (@Tokyo_tokyo): Записаться на разбор
2025-09-23 12:11:40,858 | INFO | aiogram.event | Update id=822055134 is handled. Duration 374 ms by bot id=8485537220
2025-09-23 12:11:40,859 | INFO | code-magnetism | Update 822055134 processed successfully
2025-09-23 12:11:40,861 | INFO | uvicorn.access | 91.108.5.36:0 - "POST /telegram/webhook?secret=change_me HTTP/1.1" 200
2025-09-23 12:11:45,429 | INFO | code-magnetism | Incoming update 822055135
2025-09-23 12:11:45,431 | INFO | code-magnetism | Message from 1648917869 (@Tokyo_tokyo): Оплатить доступ
2025-09-23 12:11:45,709 | INFO | aiogram.event | Update id=822055135 is handled. Duration 276 ms by bot id=8485537220
2025-09-23 12:11:45,710 | INFO | code-magnetism | Update 822055135 processed successfully
2025-09-23 12:11:45,711 | INFO | uvicorn.access | 91.108.5.36:0 - "POST /telegram/webhook?secret=change_me HTTP/1.1" 200
2025-09-23 14:26:59,384 | INFO | code-magnetism | Incoming update 822055136
2025-09-23 14:26:59,391 | INFO | code-magnetism | Message from 815370781 (@goldfinger_uk): FAQ
2025-09-23 14:27:00,693 | INFO | aiogram.event | Update id=822055136 is handled. Duration 1283 ms by bot id=8485537220
2025-09-23 14:27:00,694 | INFO | code-magnetism | Update 822055136 processed successfully
2025-09-23 14:27:00,698 | INFO | uvicorn.access | 91.108.5.36:0 - "POST /telegram/webhook?secret=change_me HTTP/1.1" 200
2025-09-23 18:49:55,381 | INFO | code-magnetism | Incoming update 822055137
2025-09-23 18:49:55,388 | INFO | code-magnetism | Message from 815370781 (@goldfinger_uk): О клубе
2025-09-23 18:49:56,715 | INFO | aiogram.event | Update id=822055137 is handled. Duration 1311 ms by bot id=8485537220
2025-09-23 18:49:56,717 | INFO | code-magnetism | Update 822055137 processed successfully
2025-09-23 18:49:56,720 | INFO | uvicorn.access | 91.108.5.36:0 - "POST /telegram/webhook?secret=change_me HTTP/1.1" 200
2025-09-23 18:49:56,952 | INFO | code-magnetism | Incoming update 822055138
2025-09-23 18:49:56,953 | INFO | code-magnetism | Message from 815370781 (@goldfinger_uk): Правила
2025-09-23 18:49:57,199 | INFO | aiogram.event | Update id=822055138 is handled. Duration 243 ms by bot id=8485537220
2025-09-23 18:49:57,200 | INFO | code-magnetism | Update 822055138 processed successfully
2025-09-23 18:49:57,201 | INFO | uvicorn.access | 91.108.5.36:0 - "POST /telegram/webhook?secret=change_me HTTP/1.1" 200
2025-09-23 18:49:59,166 | INFO | code-magnetism | Incoming update 822055139
2025-09-23 18:49:59,168 | INFO | code-magnetism | Message from 815370781 (@goldfinger_uk): Поддержка
2025-09-23 18:49:59,425 | INFO | aiogram.event | Update id=822055139 is handled. Duration 253 ms by bot id=8485537220
2025-09-23 18:49:59,426 | INFO | code-magnetism | Update 822055139 processed successfully
2025-09-23 18:49:59,429 | INFO | uvicorn.access | 91.108.5.36:0 - "POST /telegram/webhook?secret=change_me HTTP/1.1" 200
2025-09-23 18:50:02,162 | INFO | code-magnetism | Incoming update 822055140
2025-09-23 18:50:02,164 | INFO | code-magnetism | Message from 815370781 (@goldfinger_uk): Поддержка
2025-09-23 18:50:02,430 | INFO | aiogram.event | Update id=822055140 is handled. Duration 263 ms by bot id=8485537220
2025-09-23 18:50:02,432 | INFO | code-magnetism | Update 822055140 processed successfully
2025-09-23 18:50:02,434 | INFO | uvicorn.access | 91.108.5.36:0 - "POST /telegram/webhook?secret=change_me HTTP/1.1" 200
2025-09-23 18:50:03,730 | INFO | code-magnetism | Incoming update 822055141
2025-09-23 18:50:03,731 | INFO | code-magnetism | Message from 815370781 (@goldfinger_uk): О клубе
2025-09-23 18:50:03,995 | INFO | aiogram.event | Update id=822055141 is handled. Duration 260 ms by bot id=8485537220
2025-09-23 18:50:03,996 | INFO | code-magnetism | Update 822055141 processed successfully
2025-09-23 18:50:04,000 | INFO | uvicorn.access | 91.108.5.36:0 - "POST /telegram/webhook?secret=change_me HTTP/1.1" 200
2025-09-23 18:50:05,880 | INFO | code-magnetism | Incoming update 822055142
2025-09-23 18:50:05,881 | INFO | code-magnetism | Message from 815370781 (@goldfinger_uk): Оплатить доступ
2025-09-23 18:50:06,160 | INFO | aiogram.event | Update id=822055142 is handled. Duration 276 ms by bot id=8485537220
2025-09-23 18:50:06,161 | INFO | code-magnetism | Update 822055142 processed successfully
2025-09-23 18:50:06,166 | INFO | uvicorn.access | 91.108.5.36:0 - "POST /telegram/webhook?secret=change_me HTTP/1.1" 200
2025-09-23 21:23:34,893 | INFO | code-magnetism | Incoming update 822055143
2025-09-23 21:23:34,895 | INFO | code-magnetism | Message from 1648917869 (@Tokyo_tokyo): О клубе
2025-09-23 21:23:36,033 | INFO | aiogram.event | Update id=822055143 is handled. Duration 1133 ms by bot id=8485537220
2025-09-23 21:23:36,034 | INFO | code-magnetism | Update 822055143 processed successfully
2025-09-23 21:23:36,037 | INFO | uvicorn.access | 91.108.5.36:0 - "POST /telegram/webhook?secret=change_me HTTP/1.1" 200
2025-09-24 06:21:44,162 | INFO | code-magnetism | Incoming update 822055144
2025-09-24 06:21:44,330 | INFO | code-magnetism | Message from 815370781 (@goldfinger_uk): FAQ
2025-09-24 06:21:49,156 | INFO | aiogram.event | Update id=822055144 is handled. Duration 4439 ms by bot id=8485537220
2025-09-24 06:21:49,157 | INFO | code-magnetism | Update 822055144 processed successfully
2025-09-24 06:21:49,159 | INFO | uvicorn.access | 91.108.5.36:0 - "POST /telegram/webhook?secret=change_me HTTP/1.1" 200
2025-09-24 06:21:49,428 | INFO | code-magnetism | Incoming update 822055145
2025-09-24 06:21:49,429 | INFO | code-magnetism | Message from 815370781 (@goldfinger_uk): FAQ
2025-09-24 06:21:49,742 | INFO | aiogram.event | Update id=822055145 is handled. Duration 311 ms by bot id=8485537220
2025-09-24 06:21:49,743 | INFO | code-magnetism | Update 822055145 processed successfully
2025-09-24 06:21:49,745 | INFO | uvicorn.access | 91.108.5.36:0 - "POST /telegram/webhook?secret=change_me HTTP/1.1" 200
2025-09-24 06:22:16,639 | INFO | code-magnetism | Incoming update 822055146
2025-09-24 06:22:16,640 | INFO | code-magnetism | Message from 815370781 (@goldfinger_uk): Админ-панель
2025-09-24 06:22:17,716 | INFO | aiogram.event | Update id=822055146 is handled. Duration 1073 ms by bot id=8485537220
2025-09-24 06:22:17,717 | INFO | code-magnetism | Update 822055146 processed successfully
2025-09-24 06:22:17,718 | INFO | uvicorn.access | 91.108.5.36:0 - "POST /telegram/webhook?secret=change_me HTTP/1.1" 200
2025-09-24 06:45:37,674 | INFO | code-magnetism | Incoming update 822055147
2025-09-24 06:45:37,681 | INFO | code-magnetism | Message from 815370781 (@goldfinger_uk): О клубе
2025-09-24 06:45:39,087 | INFO | aiogram.event | Update id=822055147 is handled. Duration 1389 ms by bot id=8485537220
2025-09-24 06:45:39,093 | INFO | code-magnetism | Update 822055147 processed successfully
2025-09-24 06:45:39,100 | INFO | uvicorn.access | 91.108.5.36:0 - "POST /telegram/webhook?secret=change_me HTTP/1.1" 200
2025-09-24 06:59:42,706 | INFO | uvicorn.error | Shutting down
2025-09-24 06:59:42,921 | INFO | uvicorn.error | Waiting for application shutdown.
2025-09-24 06:59:42,963 | INFO | code-magnetism | Shutdown: останавливаем планировщик/закрываем БД...
2025-09-24 06:59:43,045 | INFO | scheduler | APScheduler shut down
2025-09-24 06:59:43,047 | INFO | code-magnetism | Scheduler stopped successfully
2025-09-24 06:59:43,202 | INFO | apscheduler.scheduler | Scheduler has been shut down
2025-09-24 06:59:43,215 | INFO | db | PostgreSQL pool closed
2025-09-24 06:59:43,216 | INFO | code-magnetism | Database closed successfully
2025-09-24 06:59:43,247 | INFO | code-magnetism | Shutdown завершён.
2025-09-24 06:59:43,256 | INFO | uvicorn.error | Application shutdown complete.
2025-09-24 06:59:43,276 | INFO | uvicorn.error | Finished server process [4832]
2025-09-24 10:10:35,181 | INFO | code-magnetism | Routers attached: ['main-router']
2025-09-24 10:10:36,787 | INFO | uvicorn.error | Started server process [6776]
2025-09-24 10:10:36,788 | INFO | uvicorn.error | Waiting for application startup.
2025-09-24 10:10:36,822 | INFO | code-magnetism | Startup: инициализация БД/планировщика/вебхука...
2025-09-24 10:10:36,823 | INFO | db | Connecting PostgreSQL: postgresql://magnet:***@localhost:5432/magnetism
2025-09-24 10:10:37,890 | INFO | db | PostgreSQL pool created
2025-09-24 10:10:37,893 | INFO | db | Applying schema from: C:\Users\Tim\source\repos\cambly-work\telegram-botCM\schema.sql
2025-09-24 10:10:39,375 | INFO | db | Schema applied successfully.
2025-09-24 10:10:39,377 | INFO | db | Schema applied from C:\Users\Tim\source\repos\cambly-work\telegram-botCM\schema.sql
2025-09-24 10:10:39,384 | INFO | code-magnetism | Database initialized successfully
2025-09-24 10:10:39,587 | INFO | apscheduler.scheduler | Adding job tentatively -- it will be properly scheduled when the scheduler starts
2025-09-24 10:10:39,591 | INFO | apscheduler.scheduler | Adding job tentatively -- it will be properly scheduled when the scheduler starts
2025-09-24 10:10:39,598 | INFO | apscheduler.scheduler | Adding job tentatively -- it will be properly scheduled when the scheduler starts
2025-09-24 10:10:39,632 | INFO | apscheduler.scheduler | Added job "job_daily_lessons" to job store "default"
2025-09-24 10:10:39,634 | INFO | apscheduler.scheduler | Added job "job_soft_reminders" to job store "default"
2025-09-24 10:10:39,642 | INFO | apscheduler.scheduler | Added job "job_access_expiry_reminders" to job store "default"
2025-09-24 10:10:39,644 | INFO | apscheduler.scheduler | Scheduler started
2025-09-24 10:10:39,648 | INFO | scheduler | APScheduler started with timezone=Europe/Moscow; lessons at 10:00
2025-09-24 10:10:39,650 | INFO | code-magnetism | Scheduler initialized successfully
2025-09-24 10:10:39,654 | INFO | code-magnetism | Setting Telegram webhook to: https://5ef43a4597d2.ngrok-free.app/telegram/webhook?secret=change_me
2025-09-24 10:10:40,609 | INFO | code-magnetism | Old webhook deleted
2025-09-24 10:10:40,889 | INFO | code-magnetism | Telegram webhook установлен: https://5ef43a4597d2.ngrok-free.app/telegram/webhook?secret=change_me
2025-09-24 10:10:40,892 | INFO | code-magnetism | Startup завершён.
2025-09-24 10:10:40,900 | INFO | uvicorn.error | Application startup complete.
2025-09-24 10:10:40,905 | INFO | uvicorn.error | Uvicorn running on http://0.0.0.0:8000 (Press CTRL+C to quit)
2025-09-24 10:10:45,057 | INFO | code-magnetism | Incoming update 822055181
2025-09-24 10:10:45,058 | INFO | code-magnetism | Message from 815370781 (@goldfinger_uk): FAQ
2025-09-24 10:10:45,368 | INFO | aiogram.event | Update id=822055181 is handled. Duration 268 ms by bot id=8485537220
2025-09-24 10:10:45,369 | INFO | code-magnetism | Update 822055181 processed successfully
2025-09-24 10:10:45,374 | INFO | uvicorn.access | 91.108.5.36:0 - "POST /telegram/webhook?secret=change_me HTTP/1.1" 200
2025-09-24 10:10:47,342 | INFO | code-magnetism | Incoming update 822055182
2025-09-24 10:10:47,344 | INFO | code-magnetism | Message from 815370781 (@goldfinger_uk): /start
2025-09-24 10:10:48,573 | INFO | aiogram.event | Update id=822055182 is handled. Duration 1219 ms by bot id=8485537220
2025-09-24 10:10:48,579 | INFO | code-magnetism | Update 822055182 processed successfully
2025-09-24 10:10:48,585 | INFO | uvicorn.access | 91.108.5.36:0 - "POST /telegram/webhook?secret=change_me HTTP/1.1" 200
2025-09-24 10:10:57,287 | INFO | code-magnetism | Incoming update 822055183
2025-09-24 10:10:57,293 | INFO | code-magnetism | Message from 815370781 (@goldfinger_uk): О клубе
2025-09-24 10:10:57,553 | INFO | aiogram.event | Update id=822055183 is handled. Duration 255 ms by bot id=8485537220
2025-09-24 10:10:57,556 | INFO | code-magnetism | Update 822055183 processed successfully
2025-09-24 10:10:57,563 | INFO | uvicorn.access | 91.108.5.36:0 - "POST /telegram/webhook?secret=change_me HTTP/1.1" 200
2025-09-24 10:10:58,944 | INFO | code-magnetism | Incoming update 822055184
2025-09-24 10:10:58,956 | INFO | code-magnetism | Message from 815370781 (@goldfinger_uk): Мой прогресс
2025-09-24 10:10:59,233 | INFO | aiogram.event | Update id=822055184 is handled. Duration 271 ms by bot id=8485537220
2025-09-24 10:10:59,236 | INFO | code-magnetism | Update 822055184 processed successfully
2025-09-24 10:10:59,244 | INFO | uvicorn.access | 91.108.5.36:0 - "POST /telegram/webhook?secret=change_me HTTP/1.1" 200
2025-09-24 10:11:00,332 | INFO | code-magnetism | Incoming update 822055185
2025-09-24 10:11:00,334 | INFO | code-magnetism | Message from 815370781 (@goldfinger_uk): Правила
2025-09-24 10:11:00,586 | INFO | aiogram.event | Update id=822055185 is handled. Duration 241 ms by bot id=8485537220
2025-09-24 10:11:00,588 | INFO | code-magnetism | Update 822055185 processed successfully
2025-09-24 10:11:00,596 | INFO | uvicorn.access | 91.108.5.36:0 - "POST /telegram/webhook?secret=change_me HTTP/1.1" 200
2025-09-24 10:11:01,740 | INFO | code-magnetism | Incoming update 822055186
2025-09-24 10:11:01,745 | INFO | code-magnetism | Message from 815370781 (@goldfinger_uk): Пройти тест
2025-09-24 10:11:02,029 | INFO | aiogram.event | Update id=822055186 is handled. Duration 275 ms by bot id=8485537220
2025-09-24 10:11:02,031 | INFO | code-magnetism | Update 822055186 processed successfully
2025-09-24 10:11:02,040 | INFO | uvicorn.access | 91.108.5.36:0 - "POST /telegram/webhook?secret=change_me HTTP/1.1" 200
2025-09-24 10:11:03,696 | INFO | code-magnetism | Incoming update 822055187
2025-09-24 10:11:03,698 | INFO | code-magnetism | Message from 815370781 (@goldfinger_uk): Записаться на разбор
2025-09-24 10:11:03,994 | INFO | aiogram.event | Update id=822055187 is handled. Duration 285 ms by bot id=8485537220
2025-09-24 10:11:03,996 | INFO | code-magnetism | Update 822055187 processed successfully
2025-09-24 10:11:04,004 | INFO | uvicorn.access | 91.108.5.36:0 - "POST /telegram/webhook?secret=change_me HTTP/1.1" 200
2025-09-24 10:11:09,546 | INFO | code-magnetism | Incoming update 822055188
2025-09-24 10:11:09,553 | INFO | code-magnetism | Message from 815370781 (@goldfinger_uk): Админ-панель
2025-09-24 10:11:09,917 | INFO | aiogram.event | Update id=822055188 is handled. Duration 358 ms by bot id=8485537220
2025-09-24 10:11:09,919 | INFO | code-magnetism | Update 822055188 processed successfully
2025-09-24 10:11:09,927 | INFO | uvicorn.access | 91.108.5.36:0 - "POST /telegram/webhook?secret=change_me HTTP/1.1" 200
2025-09-24 10:11:11,993 | INFO | code-magnetism | Incoming update 822055189
2025-09-24 10:11:12,004 | INFO | code-magnetism | Message from 815370781 (@goldfinger_uk): О клубе
2025-09-24 10:11:12,246 | INFO | aiogram.event | Update id=822055189 is handled. Duration 239 ms by bot id=8485537220
2025-09-24 10:11:12,249 | INFO | code-magnetism | Update 822055189 processed successfully
2025-09-24 10:11:12,257 | INFO | uvicorn.access | 91.108.5.36:0 - "POST /telegram/webhook?secret=change_me HTTP/1.1" 200
2025-09-24 11:15:48,173 | INFO | code-magnetism | Routers attached: ['main-router']
2025-09-24 11:15:48,500 | INFO | uvicorn.error | Started server process [5568]
2025-09-24 11:15:48,501 | INFO | uvicorn.error | Waiting for application startup.
2025-09-24 11:15:48,506 | INFO | code-magnetism | Startup: инициализация БД/планировщика/вебхука...
2025-09-24 11:15:48,508 | INFO | db | Connecting PostgreSQL: postgresql://magnet:***@localhost:5432/magnetism
2025-09-24 11:15:48,944 | INFO | db | PostgreSQL pool created
2025-09-24 11:15:48,945 | INFO | db | Applying schema from: C:\Users\Tim\source\repos\cambly-work\telegram-botCM\schema.sql
2025-09-24 11:15:49,052 | INFO | db | Schema applied successfully.
2025-09-24 11:15:49,054 | INFO | db | Schema applied from C:\Users\Tim\source\repos\cambly-work\telegram-botCM\schema.sql
2025-09-24 11:15:49,058 | INFO | code-magnetism | Database initialized successfully
2025-09-24 11:15:49,075 | INFO | apscheduler.scheduler | Adding job tentatively -- it will be properly scheduled when the scheduler starts
2025-09-24 11:15:49,077 | INFO | apscheduler.scheduler | Adding job tentatively -- it will be properly scheduled when the scheduler starts
2025-09-24 11:15:49,080 | INFO | apscheduler.scheduler | Adding job tentatively -- it will be properly scheduled when the scheduler starts
2025-09-24 11:15:49,084 | INFO | apscheduler.scheduler | Added job "job_daily_lessons" to job store "default"
2025-09-24 11:15:49,086 | INFO | apscheduler.scheduler | Added job "job_soft_reminders" to job store "default"
2025-09-24 11:15:49,089 | INFO | apscheduler.scheduler | Added job "job_access_expiry_reminders" to job store "default"
2025-09-24 11:15:49,094 | INFO | apscheduler.scheduler | Scheduler started
2025-09-24 11:15:49,096 | INFO | scheduler | APScheduler started with timezone=Europe/Moscow; lessons at 10:00
2025-09-24 11:15:49,098 | INFO | code-magnetism | Scheduler initialized successfully
2025-09-24 11:15:49,100 | INFO | code-magnetism | Setting Telegram webhook to: https://5ef43a4597d2.ngrok-free.app/telegram/webhook?secret=change_me
2025-09-24 11:15:49,815 | INFO | code-magnetism | Old webhook deleted
2025-09-24 11:15:50,048 | INFO | code-magnetism | Telegram webhook установлен: https://5ef43a4597d2.ngrok-free.app/telegram/webhook?secret=change_me
2025-09-24 11:15:50,050 | INFO | code-magnetism | Startup завершён.
2025-09-24 11:15:50,055 | INFO | uvicorn.error | Application startup complete.
2025-09-24 11:15:50,058 | INFO | uvicorn.error | Uvicorn running on http://0.0.0.0:8000 (Press CTRL+C to quit)
2025-09-24 11:18:07,883 | INFO | code-magnetism | Incoming update 822055193
2025-09-24 11:18:07,884 | INFO | code-magnetism | Message from 815370781 (@goldfinger_uk): /start
2025-09-24 11:18:07,925 | INFO | aiogram.event | Update id=822055193 is not handled. Duration 35 ms by bot id=8485537220
2025-09-24 11:18:07,927 | ERROR | code-magnetism | Ошибка обработки Telegram update 822055193: while scanning a simple key
  in "C:\Users\Tim\source\repos\cambly-work\telegram-botCM\content.yaml", line 65, column 1
could not find expected ':'
  in "C:\Users\Tim\source\repos\cambly-work\telegram-botCM\content.yaml", line 66, column 8
Traceback (most recent call last):
  File "C:\Users\Tim\source\repos\cambly-work\telegram-botCM\app.py", line 496, in telegram_webhook
    await dp.feed_update(bot, update)
  File "C:\Users\Tim\AppData\Local\Programs\Python\Python313\Lib\site-packages\aiogram\dispatcher\dispatcher.py", line 158, in feed_update
    response = await self.update.wrap_outer_middleware(
               ^^^^^^^^^^^^^^^^^^^^^^^^^^^^^^^^^^^^^^^^
    ...<7 lines>...
    )
    ^
  File "C:\Users\Tim\AppData\Local\Programs\Python\Python313\Lib\site-packages\aiogram\dispatcher\middlewares\error.py", line 25, in __call__
    return await handler(event, data)
           ^^^^^^^^^^^^^^^^^^^^^^^^^^
  File "C:\Users\Tim\AppData\Local\Programs\Python\Python313\Lib\site-packages\aiogram\dispatcher\middlewares\user_context.py", line 56, in __call__
    return await handler(event, data)
           ^^^^^^^^^^^^^^^^^^^^^^^^^^
  File "C:\Users\Tim\AppData\Local\Programs\Python\Python313\Lib\site-packages\aiogram\fsm\middleware.py", line 42, in __call__
    return await handler(event, data)
           ^^^^^^^^^^^^^^^^^^^^^^^^^^
  File "C:\Users\Tim\AppData\Local\Programs\Python\Python313\Lib\site-packages\aiogram\dispatcher\event\telegram.py", line 121, in trigger
    return await wrapped_inner(event, kwargs)
           ^^^^^^^^^^^^^^^^^^^^^^^^^^^^^^^^^^
  File "C:\Users\Tim\AppData\Local\Programs\Python\Python313\Lib\site-packages\aiogram\dispatcher\event\handler.py", line 43, in call
    return await wrapped()
           ^^^^^^^^^^^^^^^
  File "C:\Users\Tim\AppData\Local\Programs\Python\Python313\Lib\site-packages\aiogram\dispatcher\dispatcher.py", line 276, in _listen_update
    return await self.propagate_event(update_type=update_type, event=event, **kwargs)
           ^^^^^^^^^^^^^^^^^^^^^^^^^^^^^^^^^^^^^^^^^^^^^^^^^^^^^^^^^^^^^^^^^^^^^^^^^^
  File "C:\Users\Tim\AppData\Local\Programs\Python\Python313\Lib\site-packages\aiogram\dispatcher\router.py", line 146, in propagate_event
    return await observer.wrap_outer_middleware(_wrapped, event=event, data=kwargs)
           ^^^^^^^^^^^^^^^^^^^^^^^^^^^^^^^^^^^^^^^^^^^^^^^^^^^^^^^^^^^^^^^^^^^^^^^^
  File "C:\Users\Tim\AppData\Local\Programs\Python\Python313\Lib\site-packages\aiogram\dispatcher\router.py", line 141, in _wrapped
    return await self._propagate_event(
           ^^^^^^^^^^^^^^^^^^^^^^^^^^^^
        observer=observer, update_type=update_type, event=telegram_event, **data
        ^^^^^^^^^^^^^^^^^^^^^^^^^^^^^^^^^^^^^^^^^^^^^^^^^^^^^^^^^^^^^^^^^^^^^^^^
    )
    ^
  File "C:\Users\Tim\AppData\Local\Programs\Python\Python313\Lib\site-packages\aiogram\dispatcher\router.py", line 174, in _propagate_event
    response = await router.propagate_event(update_type=update_type, event=event, **kwargs)
               ^^^^^^^^^^^^^^^^^^^^^^^^^^^^^^^^^^^^^^^^^^^^^^^^^^^^^^^^^^^^^^^^^^^^^^^^^^^^
  File "C:\Users\Tim\AppData\Local\Programs\Python\Python313\Lib\site-packages\aiogram\dispatcher\router.py", line 146, in propagate_event
    return await observer.wrap_outer_middleware(_wrapped, event=event, data=kwargs)
           ^^^^^^^^^^^^^^^^^^^^^^^^^^^^^^^^^^^^^^^^^^^^^^^^^^^^^^^^^^^^^^^^^^^^^^^^
  File "C:\Users\Tim\AppData\Local\Programs\Python\Python313\Lib\site-packages\aiogram\dispatcher\router.py", line 141, in _wrapped
    return await self._propagate_event(
           ^^^^^^^^^^^^^^^^^^^^^^^^^^^^
        observer=observer, update_type=update_type, event=telegram_event, **data
        ^^^^^^^^^^^^^^^^^^^^^^^^^^^^^^^^^^^^^^^^^^^^^^^^^^^^^^^^^^^^^^^^^^^^^^^^
    )
    ^
  File "C:\Users\Tim\AppData\Local\Programs\Python\Python313\Lib\site-packages\aiogram\dispatcher\router.py", line 166, in _propagate_event
    response = await observer.trigger(event, **kwargs)
               ^^^^^^^^^^^^^^^^^^^^^^^^^^^^^^^^^^^^^^^
  File "C:\Users\Tim\AppData\Local\Programs\Python\Python313\Lib\site-packages\aiogram\dispatcher\event\telegram.py", line 121, in trigger
    return await wrapped_inner(event, kwargs)
           ^^^^^^^^^^^^^^^^^^^^^^^^^^^^^^^^^^
  File "C:\Users\Tim\AppData\Local\Programs\Python\Python313\Lib\site-packages\aiogram\dispatcher\event\handler.py", line 43, in call
    return await wrapped()
           ^^^^^^^^^^^^^^^
  File "C:\Users\Tim\source\repos\cambly-work\telegram-botCM\handlers.py", line 1299, in on_start
    kb = await build_menu_keyboard(user=user, is_admin=is_admin, section="root")
         ^^^^^^^^^^^^^^^^^^^^^^^^^^^^^^^^^^^^^^^^^^^^^^^^^^^^^^^^^^^^^^^^^^^^^^^
  File "C:\Users\Tim\source\repos\cambly-work\telegram-botCM\handlers.py", line 372, in build_menu_keyboard
    flags = await get_menu_flags()
            ^^^^^^^^^^^^^^^^^^^^^^
  File "C:\Users\Tim\source\repos\cambly-work\telegram-botCM\handlers.py", line 362, in get_menu_flags
    flags[setting_key] = await get_bool_setting(setting_key, default)
                         ^^^^^^^^^^^^^^^^^^^^^^^^^^^^^^^^^^^^^^^^^^^^
  File "C:\Users\Tim\source\repos\cambly-work\telegram-botCM\handlers.py", line 346, in get_bool_setting
    raw_value = await get_content(f"settings.{key}", "true" if default else "false")
                ^^^^^^^^^^^^^^^^^^^^^^^^^^^^^^^^^^^^^^^^^^^^^^^^^^^^^^^^^^^^^^^^^^^^
  File "C:\Users\Tim\source\repos\cambly-work\telegram-botCM\handlers.py", line 192, in get_content
    y = _load_yaml_content()
  File "C:\Users\Tim\source\repos\cambly-work\telegram-botCM\handlers.py", line 173, in _load_yaml_content
    _CONTENT_CACHE = yaml.safe_load(f) or {}
                     ~~~~~~~~~~~~~~^^^
  File "C:\Users\Tim\AppData\Local\Programs\Python\Python313\Lib\site-packages\yaml\__init__.py", line 125, in safe_load
    return load(stream, SafeLoader)
  File "C:\Users\Tim\AppData\Local\Programs\Python\Python313\Lib\site-packages\yaml\__init__.py", line 81, in load
    return loader.get_single_data()
           ~~~~~~~~~~~~~~~~~~~~~~^^
  File "C:\Users\Tim\AppData\Local\Programs\Python\Python313\Lib\site-packages\yaml\constructor.py", line 49, in get_single_data
    node = self.get_single_node()
  File "C:\Users\Tim\AppData\Local\Programs\Python\Python313\Lib\site-packages\yaml\composer.py", line 36, in get_single_node
    document = self.compose_document()
  File "C:\Users\Tim\AppData\Local\Programs\Python\Python313\Lib\site-packages\yaml\composer.py", line 55, in compose_document
    node = self.compose_node(None, None)
  File "C:\Users\Tim\AppData\Local\Programs\Python\Python313\Lib\site-packages\yaml\composer.py", line 84, in compose_node
    node = self.compose_mapping_node(anchor)
  File "C:\Users\Tim\AppData\Local\Programs\Python\Python313\Lib\site-packages\yaml\composer.py", line 133, in compose_mapping_node
    item_value = self.compose_node(node, item_key)
  File "C:\Users\Tim\AppData\Local\Programs\Python\Python313\Lib\site-packages\yaml\composer.py", line 64, in compose_node
    if self.check_event(AliasEvent):
       ~~~~~~~~~~~~~~~~^^^^^^^^^^^^
  File "C:\Users\Tim\AppData\Local\Programs\Python\Python313\Lib\site-packages\yaml\parser.py", line 98, in check_event
    self.current_event = self.state()
                         ~~~~~~~~~~^^
  File "C:\Users\Tim\AppData\Local\Programs\Python\Python313\Lib\site-packages\yaml\parser.py", line 449, in parse_block_mapping_value
    if not self.check_token(KeyToken, ValueToken, BlockEndToken):
           ~~~~~~~~~~~~~~~~^^^^^^^^^^^^^^^^^^^^^^^^^^^^^^^^^^^^^
  File "C:\Users\Tim\AppData\Local\Programs\Python\Python313\Lib\site-packages\yaml\scanner.py", line 115, in check_token
    while self.need_more_tokens():
          ~~~~~~~~~~~~~~~~~~~~~^^
  File "C:\Users\Tim\AppData\Local\Programs\Python\Python313\Lib\site-packages\yaml\scanner.py", line 152, in need_more_tokens
    self.stale_possible_simple_keys()
    ~~~~~~~~~~~~~~~~~~~~~~~~~~~~~~~^^
  File "C:\Users\Tim\AppData\Local\Programs\Python\Python313\Lib\site-packages\yaml\scanner.py", line 291, in stale_possible_simple_keys
    raise ScannerError("while scanning a simple key", key.mark,
            "could not find expected ':'", self.get_mark())
yaml.scanner.ScannerError: while scanning a simple key
  in "C:\Users\Tim\source\repos\cambly-work\telegram-botCM\content.yaml", line 65, column 1
could not find expected ':'
  in "C:\Users\Tim\source\repos\cambly-work\telegram-botCM\content.yaml", line 66, column 8
2025-09-24 11:18:08,811 | INFO | code-magnetism | Notification sent to admin 815370781
2025-09-24 11:18:09,100 | INFO | code-magnetism | Notification sent to admin 1648917869
2025-09-24 11:18:09,102 | INFO | uvicorn.access | 91.108.5.36:0 - "POST /telegram/webhook?secret=change_me HTTP/1.1" 200
2025-09-24 11:18:12,540 | INFO | code-magnetism | Incoming update 822055194
2025-09-24 11:18:12,541 | INFO | code-magnetism | Message from 815370781 (@goldfinger_uk): О клубе
2025-09-24 11:18:12,830 | INFO | aiogram.event | Update id=822055194 is handled. Duration 282 ms by bot id=8485537220
2025-09-24 11:18:12,831 | INFO | code-magnetism | Update 822055194 processed successfully
2025-09-24 11:18:12,837 | INFO | uvicorn.access | 91.108.5.36:0 - "POST /telegram/webhook?secret=change_me HTTP/1.1" 200
2025-09-24 11:18:17,701 | INFO | code-magnetism | Incoming update 822055195
2025-09-24 11:18:17,702 | INFO | code-magnetism | Message from 815370781 (@goldfinger_uk): Мой прогресс
2025-09-24 11:18:18,131 | INFO | aiogram.event | Update id=822055195 is handled. Duration 422 ms by bot id=8485537220
2025-09-24 11:18:18,133 | INFO | code-magnetism | Update 822055195 processed successfully
2025-09-24 11:18:18,138 | INFO | uvicorn.access | 91.108.5.36:0 - "POST /telegram/webhook?secret=change_me HTTP/1.1" 200
2025-09-24 11:26:47,606 | INFO | uvicorn.error | Shutting down
2025-09-24 11:26:47,722 | INFO | uvicorn.error | Waiting for application shutdown.
2025-09-24 11:26:47,723 | INFO | code-magnetism | Shutdown: останавливаем планировщик/закрываем БД...
2025-09-24 11:26:47,724 | INFO | scheduler | APScheduler shut down
2025-09-24 11:26:47,725 | INFO | code-magnetism | Scheduler stopped successfully
2025-09-24 11:26:47,726 | INFO | apscheduler.scheduler | Scheduler has been shut down
2025-09-24 11:26:47,727 | INFO | db | PostgreSQL pool closed
2025-09-24 11:26:47,728 | INFO | code-magnetism | Database closed successfully
2025-09-24 11:26:47,728 | INFO | code-magnetism | Shutdown завершён.
2025-09-24 11:26:47,729 | INFO | uvicorn.error | Application shutdown complete.
2025-09-24 11:26:47,730 | INFO | uvicorn.error | Finished server process [5568]
2025-09-24 11:27:06,467 | INFO | code-magnetism | Routers attached: ['main-router']
2025-09-24 11:27:06,796 | INFO | uvicorn.error | Started server process [2100]
2025-09-24 11:27:06,797 | INFO | uvicorn.error | Waiting for application startup.
2025-09-24 11:27:06,802 | INFO | code-magnetism | Startup: инициализация БД/планировщика/вебхука...
2025-09-24 11:27:06,804 | INFO | db | Connecting PostgreSQL: postgresql://magnet:***@localhost:5432/magnetism
2025-09-24 11:27:07,241 | INFO | db | PostgreSQL pool created
2025-09-24 11:27:07,243 | INFO | db | Applying schema from: C:\Users\Tim\source\repos\cambly-work\telegram-botCM\schema.sql
2025-09-24 11:27:07,371 | INFO | db | Schema applied successfully.
2025-09-24 11:27:07,372 | INFO | db | Schema applied from C:\Users\Tim\source\repos\cambly-work\telegram-botCM\schema.sql
2025-09-24 11:27:07,376 | INFO | code-magnetism | Database initialized successfully
2025-09-24 11:27:07,393 | INFO | apscheduler.scheduler | Adding job tentatively -- it will be properly scheduled when the scheduler starts
2025-09-24 11:27:07,396 | INFO | apscheduler.scheduler | Adding job tentatively -- it will be properly scheduled when the scheduler starts
2025-09-24 11:27:07,398 | INFO | apscheduler.scheduler | Adding job tentatively -- it will be properly scheduled when the scheduler starts
2025-09-24 11:27:07,404 | INFO | apscheduler.scheduler | Added job "job_daily_lessons" to job store "default"
2025-09-24 11:27:07,407 | INFO | apscheduler.scheduler | Added job "job_soft_reminders" to job store "default"
2025-09-24 11:27:07,409 | INFO | apscheduler.scheduler | Added job "job_access_expiry_reminders" to job store "default"
2025-09-24 11:27:07,410 | INFO | apscheduler.scheduler | Scheduler started
2025-09-24 11:27:07,412 | INFO | scheduler | APScheduler started with timezone=Europe/Moscow; lessons at 10:00
2025-09-24 11:27:07,414 | INFO | code-magnetism | Scheduler initialized successfully
2025-09-24 11:27:07,416 | INFO | code-magnetism | Setting Telegram webhook to: https://5ef43a4597d2.ngrok-free.app/telegram/webhook?secret=change_me
2025-09-24 11:27:08,060 | INFO | code-magnetism | Old webhook deleted
2025-09-24 11:27:08,269 | INFO | code-magnetism | Telegram webhook установлен: https://5ef43a4597d2.ngrok-free.app/telegram/webhook?secret=change_me
2025-09-24 11:27:08,271 | INFO | code-magnetism | Startup завершён.
2025-09-24 11:27:08,275 | INFO | uvicorn.error | Application startup complete.
2025-09-24 11:27:08,278 | INFO | uvicorn.error | Uvicorn running on http://0.0.0.0:8000 (Press CTRL+C to quit)
2025-09-24 11:27:45,744 | INFO | code-magnetism | Incoming update 822055196
2025-09-24 11:27:45,745 | INFO | code-magnetism | Message from 815370781 (@goldfinger_uk): /start
2025-09-24 11:27:46,901 | INFO | aiogram.event | Update id=822055196 is handled. Duration 1149 ms by bot id=8485537220
2025-09-24 11:27:46,902 | INFO | code-magnetism | Update 822055196 processed successfully
2025-09-24 11:27:46,912 | INFO | uvicorn.access | 91.108.5.36:0 - "POST /telegram/webhook?secret=change_me HTTP/1.1" 200
2025-09-24 11:27:57,693 | INFO | code-magnetism | Incoming update 822055197
2025-09-24 11:27:57,694 | INFO | code-magnetism | Message from 815370781 (@goldfinger_uk): 🎓 Обучение
2025-09-24 11:27:58,064 | INFO | aiogram.event | Update id=822055197 is handled. Duration 363 ms by bot id=8485537220
2025-09-24 11:27:58,066 | INFO | code-magnetism | Update 822055197 processed successfully
2025-09-24 11:27:58,072 | INFO | uvicorn.access | 91.108.5.36:0 - "POST /telegram/webhook?secret=change_me HTTP/1.1" 200
2025-09-24 11:27:59,827 | INFO | code-magnetism | Incoming update 822055198
2025-09-24 11:27:59,828 | INFO | code-magnetism | Message from 815370781 (@goldfinger_uk): ℹ️ О клубе
2025-09-24 11:28:00,177 | INFO | aiogram.event | Update id=822055198 is handled. Duration 341 ms by bot id=8485537220
2025-09-24 11:28:00,178 | INFO | code-magnetism | Update 822055198 processed successfully
2025-09-24 11:28:00,184 | INFO | uvicorn.access | 91.108.5.36:0 - "POST /telegram/webhook?secret=change_me HTTP/1.1" 200
2025-09-24 11:28:01,427 | INFO | code-magnetism | Incoming update 822055199
2025-09-24 11:28:01,429 | INFO | code-magnetism | Message from 815370781 (@goldfinger_uk): 📦 Материалы
2025-09-24 11:28:01,757 | INFO | aiogram.event | Update id=822055199 is handled. Duration 321 ms by bot id=8485537220
2025-09-24 11:28:01,758 | INFO | code-magnetism | Update 822055199 processed successfully
2025-09-24 11:28:01,763 | INFO | uvicorn.access | 91.108.5.36:0 - "POST /telegram/webhook?secret=change_me HTTP/1.1" 200
2025-09-24 11:28:03,557 | INFO | code-magnetism | Incoming update 822055200
2025-09-24 11:28:03,558 | INFO | code-magnetism | Message from 815370781 (@goldfinger_uk): 🆘 Поддержка
2025-09-24 11:28:03,824 | INFO | aiogram.event | Update id=822055200 is handled. Duration 260 ms by bot id=8485537220
2025-09-24 11:28:03,825 | INFO | code-magnetism | Update 822055200 processed successfully
2025-09-24 11:28:03,830 | INFO | uvicorn.access | 91.108.5.36:0 - "POST /telegram/webhook?secret=change_me HTTP/1.1" 200
2025-09-24 11:28:05,354 | INFO | code-magnetism | Incoming update 822055201
2025-09-24 11:28:05,356 | INFO | code-magnetism | Message from 815370781 (@goldfinger_uk): 💳 Оплата
2025-09-24 11:28:05,668 | INFO | aiogram.event | Update id=822055201 is handled. Duration 305 ms by bot id=8485537220
2025-09-24 11:28:05,669 | INFO | code-magnetism | Update 822055201 processed successfully
2025-09-24 11:28:05,674 | INFO | uvicorn.access | 91.108.5.36:0 - "POST /telegram/webhook?secret=change_me HTTP/1.1" 200
2025-09-24 11:28:06,709 | INFO | code-magnetism | Incoming update 822055202
2025-09-24 11:28:06,711 | INFO | code-magnetism | Message from 815370781 (@goldfinger_uk): ⚙️ Админка
2025-09-24 11:28:06,999 | INFO | aiogram.event | Update id=822055202 is handled. Duration 281 ms by bot id=8485537220
2025-09-24 11:28:07,000 | INFO | code-magnetism | Update 822055202 processed successfully
2025-09-24 11:28:07,005 | INFO | uvicorn.access | 91.108.5.36:0 - "POST /telegram/webhook?secret=change_me HTTP/1.1" 200
2025-09-24 11:28:13,320 | INFO | code-magnetism | Incoming update 822055203
2025-09-24 11:28:13,321 | INFO | code-magnetism | Message from 815370781 (@goldfinger_uk): /start
2025-09-24 11:28:13,749 | INFO | aiogram.event | Update id=822055203 is handled. Duration 422 ms by bot id=8485537220
2025-09-24 11:28:13,750 | INFO | code-magnetism | Update 822055203 processed successfully
2025-09-24 11:28:13,755 | INFO | uvicorn.access | 91.108.5.36:0 - "POST /telegram/webhook?secret=change_me HTTP/1.1" 200
2025-09-24 11:28:14,877 | INFO | code-magnetism | Incoming update 822055204
2025-09-24 11:28:14,878 | INFO | code-magnetism | Message from 815370781 (@goldfinger_uk): 👤 Профиль
2025-09-24 11:28:15,213 | INFO | aiogram.event | Update id=822055204 is handled. Duration 329 ms by bot id=8485537220
2025-09-24 11:28:15,215 | INFO | code-magnetism | Update 822055204 processed successfully
2025-09-24 11:28:15,220 | INFO | uvicorn.access | 91.108.5.36:0 - "POST /telegram/webhook?secret=change_me HTTP/1.1" 200
2025-09-24 11:29:30,375 | INFO | code-magnetism | Incoming update 822055205
2025-09-24 11:29:30,376 | INFO | code-magnetism | Message from 815370781 (@goldfinger_uk): ⚙️ Админка
2025-09-24 11:29:31,130 | INFO | aiogram.event | Update id=822055205 is handled. Duration 747 ms by bot id=8485537220
2025-09-24 11:29:31,131 | INFO | code-magnetism | Update 822055205 processed successfully
2025-09-24 11:29:31,136 | INFO | uvicorn.access | 91.108.5.36:0 - "POST /telegram/webhook?secret=change_me HTTP/1.1" 200
2025-09-24 11:29:32,870 | INFO | code-magnetism | Incoming update 822055206
2025-09-24 11:29:32,871 | INFO | code-magnetism | Message from 815370781 (@goldfinger_uk): 🎓 Обучение
2025-09-24 11:29:33,158 | INFO | aiogram.event | Update id=822055206 is handled. Duration 282 ms by bot id=8485537220
2025-09-24 11:29:33,159 | INFO | code-magnetism | Update 822055206 processed successfully
2025-09-24 11:29:33,164 | INFO | uvicorn.access | 91.108.5.36:0 - "POST /telegram/webhook?secret=change_me HTTP/1.1" 200
2025-09-24 11:39:04,722 | INFO | uvicorn.error | Shutting down
2025-09-24 11:39:04,837 | INFO | uvicorn.error | Waiting for application shutdown.
2025-09-24 11:39:04,843 | INFO | code-magnetism | Shutdown: останавливаем планировщик/закрываем БД...
2025-09-24 11:39:04,845 | INFO | scheduler | APScheduler shut down
2025-09-24 11:39:04,846 | INFO | code-magnetism | Scheduler stopped successfully
2025-09-24 11:39:04,851 | INFO | apscheduler.scheduler | Scheduler has been shut down
2025-09-24 11:39:04,856 | INFO | db | PostgreSQL pool closed
2025-09-24 11:39:04,858 | INFO | code-magnetism | Database closed successfully
2025-09-24 11:39:04,860 | INFO | code-magnetism | Shutdown завершён.
2025-09-24 11:39:04,862 | INFO | uvicorn.error | Application shutdown complete.
2025-09-24 11:39:04,863 | INFO | uvicorn.error | Finished server process [2100]
2025-09-24 11:39:23,442 | INFO | code-magnetism | Routers attached: ['main-router']
2025-09-24 11:39:23,771 | INFO | uvicorn.error | Started server process [5688]
2025-09-24 11:39:23,772 | INFO | uvicorn.error | Waiting for application startup.
2025-09-24 11:39:23,777 | INFO | code-magnetism | Startup: инициализация БД/планировщика/вебхука...
2025-09-24 11:39:23,779 | INFO | db | Connecting PostgreSQL: postgresql://magnet:***@localhost:5432/magnetism
2025-09-24 11:39:24,332 | INFO | db | PostgreSQL pool created
2025-09-24 11:39:24,334 | INFO | db | Applying schema from: C:\Users\Tim\source\repos\cambly-work\telegram-botCM\schema.sql
2025-09-24 11:39:24,435 | INFO | db | Schema applied successfully.
2025-09-24 11:39:24,437 | INFO | db | Schema applied from C:\Users\Tim\source\repos\cambly-work\telegram-botCM\schema.sql
2025-09-24 11:39:24,441 | INFO | code-magnetism | Database initialized successfully
2025-09-24 11:39:24,458 | INFO | apscheduler.scheduler | Adding job tentatively -- it will be properly scheduled when the scheduler starts
2025-09-24 11:39:24,460 | INFO | apscheduler.scheduler | Adding job tentatively -- it will be properly scheduled when the scheduler starts
2025-09-24 11:39:24,463 | INFO | apscheduler.scheduler | Adding job tentatively -- it will be properly scheduled when the scheduler starts
2025-09-24 11:39:24,468 | INFO | apscheduler.scheduler | Added job "job_daily_lessons" to job store "default"
2025-09-24 11:39:24,469 | INFO | apscheduler.scheduler | Added job "job_soft_reminders" to job store "default"
2025-09-24 11:39:24,471 | INFO | apscheduler.scheduler | Added job "job_access_expiry_reminders" to job store "default"
2025-09-24 11:39:24,477 | INFO | apscheduler.scheduler | Scheduler started
2025-09-24 11:39:24,479 | INFO | scheduler | APScheduler started with timezone=Europe/Moscow; lessons at 10:00
2025-09-24 11:39:24,481 | INFO | code-magnetism | Scheduler initialized successfully
2025-09-24 11:39:24,483 | INFO | code-magnetism | Setting Telegram webhook to: https://5ef43a4597d2.ngrok-free.app/telegram/webhook?secret=change_me
2025-09-24 11:39:25,163 | INFO | code-magnetism | Old webhook deleted
2025-09-24 11:39:25,376 | INFO | code-magnetism | Telegram webhook установлен: https://5ef43a4597d2.ngrok-free.app/telegram/webhook?secret=change_me
2025-09-24 11:39:25,378 | INFO | code-magnetism | Startup завершён.
2025-09-24 11:39:25,383 | INFO | uvicorn.error | Application startup complete.
2025-09-24 11:39:25,386 | INFO | uvicorn.error | Uvicorn running on http://0.0.0.0:8000 (Press CTRL+C to quit)
2025-09-24 11:39:49,362 | INFO | code-magnetism | Incoming update 822055207
2025-09-24 11:39:49,363 | INFO | code-magnetism | Message from 815370781 (@goldfinger_uk): /start
2025-09-24 11:39:50,280 | INFO | aiogram.event | Update id=822055207 is handled. Duration 911 ms by bot id=8485537220
2025-09-24 11:39:50,282 | INFO | code-magnetism | Update 822055207 processed successfully
2025-09-24 11:39:50,288 | INFO | uvicorn.access | 91.108.5.36:0 - "POST /telegram/webhook?secret=change_me HTTP/1.1" 200
2025-09-24 11:39:52,247 | INFO | code-magnetism | Incoming update 822055208
2025-09-24 11:39:52,248 | INFO | code-magnetism | Message from 815370781 (@goldfinger_uk): ℹ️ О клубе
2025-09-24 11:39:52,559 | INFO | aiogram.event | Update id=822055208 is handled. Duration 305 ms by bot id=8485537220
2025-09-24 11:39:52,560 | INFO | code-magnetism | Update 822055208 processed successfully
2025-09-24 11:39:52,565 | INFO | uvicorn.access | 91.108.5.36:0 - "POST /telegram/webhook?secret=change_me HTTP/1.1" 200
2025-09-24 11:39:55,859 | INFO | code-magnetism | Incoming update 822055209
2025-09-24 11:39:55,860 | INFO | code-magnetism | Message from 815370781 (@goldfinger_uk): ⬅️ В главное меню
2025-09-24 11:39:56,164 | INFO | aiogram.event | Update id=822055209 is handled. Duration 296 ms by bot id=8485537220
2025-09-24 11:39:56,165 | INFO | code-magnetism | Update 822055209 processed successfully
2025-09-24 11:39:56,170 | INFO | uvicorn.access | 91.108.5.36:0 - "POST /telegram/webhook?secret=change_me HTTP/1.1" 200
2025-09-24 11:39:57,518 | INFO | code-magnetism | Incoming update 822055210
2025-09-24 11:39:57,519 | INFO | code-magnetism | Message from 815370781 (@goldfinger_uk): 💳 Оплата
2025-09-24 11:39:57,991 | INFO | aiogram.event | Update id=822055210 is handled. Duration 466 ms by bot id=8485537220
2025-09-24 11:39:57,992 | INFO | code-magnetism | Update 822055210 processed successfully
2025-09-24 11:39:57,997 | INFO | uvicorn.access | 91.108.5.36:0 - "POST /telegram/webhook?secret=change_me HTTP/1.1" 200
2025-09-24 11:40:15,736 | INFO | code-magnetism | Incoming update 822055211
2025-09-24 11:40:15,738 | INFO | code-magnetism | Message from 815370781 (@goldfinger_uk): 🎓 Обучение
2025-09-24 11:40:16,550 | INFO | aiogram.event | Update id=822055211 is handled. Duration 806 ms by bot id=8485537220
2025-09-24 11:40:16,551 | INFO | code-magnetism | Update 822055211 processed successfully
2025-09-24 11:40:16,557 | INFO | uvicorn.access | 91.108.5.36:0 - "POST /telegram/webhook?secret=change_me HTTP/1.1" 200
2025-09-24 11:40:24,606 | INFO | code-magnetism | Incoming update 822055212
2025-09-24 11:40:24,608 | INFO | code-magnetism | Message from 815370781 (@goldfinger_uk): Пройти тест
2025-09-24 11:40:24,923 | INFO | aiogram.event | Update id=822055212 is handled. Duration 310 ms by bot id=8485537220
2025-09-24 11:40:24,924 | INFO | code-magnetism | Update 822055212 processed successfully
2025-09-24 11:40:24,930 | INFO | uvicorn.access | 91.108.5.36:0 - "POST /telegram/webhook?secret=change_me HTTP/1.1" 200
2025-09-24 11:40:26,948 | INFO | code-magnetism | Incoming update 822055213
2025-09-24 11:40:26,949 | INFO | code-magnetism | Message from 815370781 (@goldfinger_uk): ⬅️ В главное меню
2025-09-24 11:40:27,351 | INFO | aiogram.event | Update id=822055213 is handled. Duration 395 ms by bot id=8485537220
2025-09-24 11:40:27,352 | INFO | code-magnetism | Update 822055213 processed successfully
2025-09-24 11:40:27,359 | INFO | uvicorn.access | 91.108.5.36:0 - "POST /telegram/webhook?secret=change_me HTTP/1.1" 200
2025-09-24 11:40:31,119 | INFO | code-magnetism | Incoming update 822055214
2025-09-24 11:40:31,120 | INFO | code-magnetism | Message from 815370781 (@goldfinger_uk): 💳 Оплата
2025-09-24 11:40:31,420 | INFO | aiogram.event | Update id=822055214 is handled. Duration 294 ms by bot id=8485537220
2025-09-24 11:40:31,421 | INFO | code-magnetism | Update 822055214 processed successfully
2025-09-24 11:40:31,426 | INFO | uvicorn.access | 91.108.5.36:0 - "POST /telegram/webhook?secret=change_me HTTP/1.1" 200
2025-09-24 11:40:33,026 | INFO | code-magnetism | Incoming update 822055215
2025-09-24 11:40:33,028 | INFO | code-magnetism | Message from 815370781 (@goldfinger_uk): ℹ️ О клубе
2025-09-24 11:40:33,363 | INFO | aiogram.event | Update id=822055215 is handled. Duration 327 ms by bot id=8485537220
2025-09-24 11:40:33,364 | INFO | code-magnetism | Update 822055215 processed successfully
2025-09-24 11:40:33,399 | INFO | uvicorn.access | 91.108.5.36:0 - "POST /telegram/webhook?secret=change_me HTTP/1.1" 200
2025-09-24 11:40:34,812 | INFO | code-magnetism | Incoming update 822055216
2025-09-24 11:40:34,813 | INFO | code-magnetism | Message from 815370781 (@goldfinger_uk): ⬅️ В главное меню
2025-09-24 11:40:35,221 | INFO | aiogram.event | Update id=822055216 is handled. Duration 400 ms by bot id=8485537220
2025-09-24 11:40:35,223 | INFO | code-magnetism | Update 822055216 processed successfully
2025-09-24 11:40:35,229 | INFO | uvicorn.access | 91.108.5.36:0 - "POST /telegram/webhook?secret=change_me HTTP/1.1" 200
2025-09-24 11:40:37,422 | INFO | code-magnetism | Incoming update 822055217
2025-09-24 11:40:37,423 | INFO | code-magnetism | Message from 815370781 (@goldfinger_uk): 🆘 Поддержка
2025-09-24 11:40:37,723 | INFO | aiogram.event | Update id=822055217 is handled. Duration 294 ms by bot id=8485537220
2025-09-24 11:40:37,724 | INFO | code-magnetism | Update 822055217 processed successfully
2025-09-24 11:40:37,730 | INFO | uvicorn.access | 91.108.5.36:0 - "POST /telegram/webhook?secret=change_me HTTP/1.1" 200
2025-09-24 11:40:40,496 | INFO | code-magnetism | Incoming update 822055218
2025-09-24 11:40:40,497 | INFO | code-magnetism | Message from 815370781 (@goldfinger_uk): 💳 Оплата
2025-09-24 11:40:40,801 | INFO | aiogram.event | Update id=822055218 is handled. Duration 298 ms by bot id=8485537220
2025-09-24 11:40:40,802 | INFO | code-magnetism | Update 822055218 processed successfully
2025-09-24 11:40:40,807 | INFO | uvicorn.access | 91.108.5.36:0 - "POST /telegram/webhook?secret=change_me HTTP/1.1" 200
2025-09-24 11:40:44,282 | INFO | code-magnetism | Incoming update 822055219
2025-09-24 11:40:44,283 | INFO | code-magnetism | Message from 815370781 (@goldfinger_uk): ⚙️ Админка
2025-09-24 11:40:44,624 | INFO | aiogram.event | Update id=822055219 is handled. Duration 333 ms by bot id=8485537220
2025-09-24 11:40:44,625 | INFO | code-magnetism | Update 822055219 processed successfully
2025-09-24 11:40:44,631 | INFO | uvicorn.access | 91.108.5.36:0 - "POST /telegram/webhook?secret=change_me HTTP/1.1" 200
2025-09-24 11:40:47,827 | INFO | code-magnetism | Incoming update 822055220
2025-09-24 11:40:47,828 | INFO | code-magnetism | Message from 815370781 (@goldfinger_uk): Управление контентом
2025-09-24 11:40:48,130 | INFO | aiogram.event | Update id=822055220 is handled. Duration 296 ms by bot id=8485537220
2025-09-24 11:40:48,131 | INFO | code-magnetism | Update 822055220 processed successfully
2025-09-24 11:40:48,136 | INFO | uvicorn.access | 91.108.5.36:0 - "POST /telegram/webhook?secret=change_me HTTP/1.1" 200
2025-09-24 11:40:51,046 | INFO | code-magnetism | Incoming update 822055221
2025-09-24 11:40:51,047 | INFO | code-magnetism | Message from 815370781 (@goldfinger_uk): /content_keys
2025-09-24 11:40:51,439 | INFO | aiogram.event | Update id=822055221 is handled. Duration 383 ms by bot id=8485537220
2025-09-24 11:40:51,440 | INFO | code-magnetism | Update 822055221 processed successfully
2025-09-24 11:40:51,447 | INFO | uvicorn.access | 91.108.5.36:0 - "POST /telegram/webhook?secret=change_me HTTP/1.1" 200
2025-09-24 11:40:57,783 | INFO | code-magnetism | Incoming update 822055222
2025-09-24 11:40:57,784 | INFO | code-magnetism | Message from 815370781 (@goldfinger_uk): Тонкие настройки
2025-09-24 11:40:58,167 | INFO | aiogram.event | Update id=822055222 is handled. Duration 376 ms by bot id=8485537220
2025-09-24 11:40:58,168 | INFO | code-magnetism | Update 822055222 processed successfully
2025-09-24 11:40:58,174 | INFO | uvicorn.access | 91.108.5.36:0 - "POST /telegram/webhook?secret=change_me HTTP/1.1" 200
2025-09-24 11:41:00,406 | INFO | code-magnetism | Incoming update 822055223
2025-09-24 11:41:00,407 | INFO | code-magnetism | Message from 815370781 (@goldfinger_uk): 📝 Тексты окон
2025-09-24 11:41:00,721 | INFO | aiogram.event | Update id=822055223 is handled. Duration 308 ms by bot id=8485537220
2025-09-24 11:41:00,722 | INFO | code-magnetism | Update 822055223 processed successfully
2025-09-24 11:41:00,727 | INFO | uvicorn.access | 91.108.5.36:0 - "POST /telegram/webhook?secret=change_me HTTP/1.1" 200
2025-09-24 11:41:02,629 | INFO | code-magnetism | Incoming update 822055224
2025-09-24 11:41:02,630 | INFO | code-magnetism | Message from 815370781 (@goldfinger_uk): 💳 Оплата и поддержка
2025-09-24 11:41:02,968 | INFO | aiogram.event | Update id=822055224 is handled. Duration 330 ms by bot id=8485537220
2025-09-24 11:41:02,969 | INFO | code-magnetism | Update 822055224 processed successfully
2025-09-24 11:41:02,974 | INFO | uvicorn.access | 91.108.5.36:0 - "POST /telegram/webhook?secret=change_me HTTP/1.1" 200
2025-09-24 11:46:29,411 | INFO | code-magnetism | Incoming update 822055225
2025-09-24 11:46:29,412 | INFO | code-magnetism | Message from 815370781 (@goldfinger_uk): ⬅️ В главное меню
2025-09-24 11:46:30,637 | INFO | aiogram.event | Update id=822055225 is handled. Duration 1216 ms by bot id=8485537220
2025-09-24 11:46:30,638 | INFO | code-magnetism | Update 822055225 processed successfully
2025-09-24 11:46:30,644 | INFO | uvicorn.access | 91.108.5.36:0 - "POST /telegram/webhook?secret=change_me HTTP/1.1" 200
2025-09-24 11:46:38,376 | INFO | code-magnetism | Incoming update 822055226
2025-09-24 11:46:38,377 | INFO | code-magnetism | Message from 815370781 (@goldfinger_uk): ℹ️ О клубе
2025-09-24 11:46:38,739 | INFO | aiogram.event | Update id=822055226 is handled. Duration 357 ms by bot id=8485537220
2025-09-24 11:46:38,741 | INFO | code-magnetism | Update 822055226 processed successfully
2025-09-24 11:46:38,747 | INFO | uvicorn.access | 91.108.5.36:0 - "POST /telegram/webhook?secret=change_me HTTP/1.1" 200
2025-09-24 11:46:44,694 | INFO | code-magnetism | Incoming update 822055227
2025-09-24 11:46:44,696 | INFO | code-magnetism | Message from 815370781 (@goldfinger_uk): FAQ
2025-09-24 11:46:44,967 | INFO | aiogram.event | Update id=822055227 is handled. Duration 266 ms by bot id=8485537220
2025-09-24 11:46:44,968 | INFO | code-magnetism | Update 822055227 processed successfully
2025-09-24 11:46:44,973 | INFO | uvicorn.access | 91.108.5.36:0 - "POST /telegram/webhook?secret=change_me HTTP/1.1" 200
2025-09-24 11:46:46,489 | INFO | code-magnetism | Incoming update 822055228
2025-09-24 11:46:46,491 | INFO | code-magnetism | Message from 815370781 (@goldfinger_uk): О клубе
2025-09-24 11:46:46,803 | INFO | aiogram.event | Update id=822055228 is handled. Duration 306 ms by bot id=8485537220
2025-09-24 11:46:46,805 | INFO | code-magnetism | Update 822055228 processed successfully
2025-09-24 11:46:46,810 | INFO | uvicorn.access | 91.108.5.36:0 - "POST /telegram/webhook?secret=change_me HTTP/1.1" 200
2025-09-24 11:46:48,687 | INFO | code-magnetism | Incoming update 822055229
2025-09-24 11:46:48,688 | INFO | code-magnetism | Message from 815370781 (@goldfinger_uk): Правила
2025-09-24 11:46:48,992 | INFO | aiogram.event | Update id=822055229 is handled. Duration 298 ms by bot id=8485537220
2025-09-24 11:46:48,993 | INFO | code-magnetism | Update 822055229 processed successfully
2025-09-24 11:46:48,999 | INFO | uvicorn.access | 91.108.5.36:0 - "POST /telegram/webhook?secret=change_me HTTP/1.1" 200
2025-09-24 11:46:51,810 | INFO | code-magnetism | Incoming update 822055230
2025-09-24 11:46:51,812 | INFO | code-magnetism | Message from 815370781 (@goldfinger_uk): ⬅️ В главное меню
2025-09-24 11:46:52,129 | INFO | aiogram.event | Update id=822055230 is handled. Duration 310 ms by bot id=8485537220
2025-09-24 11:46:52,130 | INFO | code-magnetism | Update 822055230 processed successfully
2025-09-24 11:46:52,135 | INFO | uvicorn.access | 91.108.5.36:0 - "POST /telegram/webhook?secret=change_me HTTP/1.1" 200
2025-09-24 11:46:55,229 | INFO | code-magnetism | Incoming update 822055231
2025-09-24 11:46:55,230 | INFO | code-magnetism | Message from 815370781 (@goldfinger_uk): 📦 Материалы
2025-09-24 11:46:55,502 | INFO | aiogram.event | Update id=822055231 is handled. Duration 266 ms by bot id=8485537220
2025-09-24 11:46:55,503 | INFO | code-magnetism | Update 822055231 processed successfully
2025-09-24 11:46:55,508 | INFO | uvicorn.access | 91.108.5.36:0 - "POST /telegram/webhook?secret=change_me HTTP/1.1" 200
2025-09-24 11:46:57,331 | INFO | code-magnetism | Incoming update 822055232
2025-09-24 11:46:57,332 | INFO | code-magnetism | Message from 815370781 (@goldfinger_uk): Материалы недели
2025-09-24 11:46:57,597 | INFO | aiogram.event | Update id=822055232 is handled. Duration 260 ms by bot id=8485537220
2025-09-24 11:46:57,599 | INFO | code-magnetism | Update 822055232 processed successfully
2025-09-24 11:46:57,603 | INFO | uvicorn.access | 91.108.5.36:0 - "POST /telegram/webhook?secret=change_me HTTP/1.1" 200
2025-09-24 11:46:59,356 | INFO | code-magnetism | Incoming update 822055233
2025-09-24 11:46:59,357 | INFO | code-magnetism | Message from 815370781 (@goldfinger_uk): Расписание
2025-09-24 11:46:59,627 | INFO | aiogram.event | Update id=822055233 is handled. Duration 266 ms by bot id=8485537220
2025-09-24 11:46:59,629 | INFO | code-magnetism | Update 822055233 processed successfully
2025-09-24 11:46:59,633 | INFO | uvicorn.access | 91.108.5.36:0 - "POST /telegram/webhook?secret=change_me HTTP/1.1" 200
2025-09-24 11:47:01,037 | INFO | code-magnetism | Incoming update 822055234
2025-09-24 11:47:01,038 | INFO | code-magnetism | Message from 815370781 (@goldfinger_uk): ⬅️ В главное меню
2025-09-24 11:47:01,290 | INFO | aiogram.event | Update id=822055234 is handled. Duration 245 ms by bot id=8485537220
2025-09-24 11:47:01,291 | INFO | code-magnetism | Update 822055234 processed successfully
2025-09-24 11:47:01,296 | INFO | uvicorn.access | 91.108.5.36:0 - "POST /telegram/webhook?secret=change_me HTTP/1.1" 200
2025-09-24 11:47:03,136 | INFO | code-magnetism | Incoming update 822055235
2025-09-24 11:47:03,137 | INFO | code-magnetism | Message from 815370781 (@goldfinger_uk): 🆘 Поддержка
2025-09-24 11:47:03,429 | INFO | aiogram.event | Update id=822055235 is handled. Duration 284 ms by bot id=8485537220
2025-09-24 11:47:03,430 | INFO | code-magnetism | Update 822055235 processed successfully
2025-09-24 11:47:03,435 | INFO | uvicorn.access | 91.108.5.36:0 - "POST /telegram/webhook?secret=change_me HTTP/1.1" 200
2025-09-24 11:47:05,202 | INFO | code-magnetism | Incoming update 822055236
2025-09-24 11:47:05,203 | INFO | code-magnetism | Message from 815370781 (@goldfinger_uk): 🎓 Обучение
2025-09-24 11:47:05,530 | INFO | aiogram.event | Update id=822055236 is handled. Duration 317 ms by bot id=8485537220
2025-09-24 11:47:05,532 | INFO | code-magnetism | Update 822055236 processed successfully
2025-09-24 11:47:05,538 | INFO | uvicorn.access | 91.108.5.36:0 - "POST /telegram/webhook?secret=change_me HTTP/1.1" 200
2025-09-24 11:47:07,180 | INFO | code-magnetism | Incoming update 822055237
2025-09-24 11:47:07,181 | INFO | code-magnetism | Message from 815370781 (@goldfinger_uk): Бесплатные уроки
2025-09-24 11:47:07,517 | INFO | aiogram.event | Update id=822055237 is handled. Duration 329 ms by bot id=8485537220
2025-09-24 11:47:07,519 | INFO | code-magnetism | Update 822055237 processed successfully
2025-09-24 11:47:07,526 | INFO | uvicorn.access | 91.108.5.36:0 - "POST /telegram/webhook?secret=change_me HTTP/1.1" 200
2025-09-24 11:47:08,494 | INFO | code-magnetism | Incoming update 822055238
2025-09-24 11:47:08,495 | INFO | code-magnetism | Message from 815370781 (@goldfinger_uk): Записаться на разбор
2025-09-24 11:47:08,922 | INFO | aiogram.event | Update id=822055238 is handled. Duration 421 ms by bot id=8485537220
2025-09-24 11:47:08,924 | INFO | code-magnetism | Update 822055238 processed successfully
2025-09-24 11:47:08,930 | INFO | uvicorn.access | 91.108.5.36:0 - "POST /telegram/webhook?secret=change_me HTTP/1.1" 200
2025-09-24 11:47:09,900 | INFO | code-magnetism | Incoming update 822055239
2025-09-24 11:47:09,902 | INFO | code-magnetism | Message from 815370781 (@goldfinger_uk): Мой прогресс
2025-09-24 11:47:10,185 | INFO | aiogram.event | Update id=822055239 is handled. Duration 274 ms by bot id=8485537220
2025-09-24 11:47:10,186 | INFO | code-magnetism | Update 822055239 processed successfully
2025-09-24 11:47:10,191 | INFO | uvicorn.access | 91.108.5.36:0 - "POST /telegram/webhook?secret=change_me HTTP/1.1" 200
2025-09-24 11:47:11,156 | INFO | code-magnetism | Incoming update 822055240
2025-09-24 11:47:11,157 | INFO | code-magnetism | Message from 815370781 (@goldfinger_uk): Пройти тест
2025-09-24 11:47:11,441 | INFO | aiogram.event | Update id=822055240 is handled. Duration 276 ms by bot id=8485537220
2025-09-24 11:47:11,443 | INFO | code-magnetism | Update 822055240 processed successfully
2025-09-24 11:47:11,447 | INFO | uvicorn.access | 91.108.5.36:0 - "POST /telegram/webhook?secret=change_me HTTP/1.1" 200
2025-09-24 11:47:13,188 | INFO | code-magnetism | Incoming update 822055241
2025-09-24 11:47:13,189 | INFO | code-magnetism | Message from 815370781 (@goldfinger_uk): ⬅️ В главное меню
2025-09-24 11:47:13,447 | INFO | aiogram.event | Update id=822055241 is handled. Duration 251 ms by bot id=8485537220
2025-09-24 11:47:13,448 | INFO | code-magnetism | Update 822055241 processed successfully
2025-09-24 11:47:13,453 | INFO | uvicorn.access | 91.108.5.36:0 - "POST /telegram/webhook?secret=change_me HTTP/1.1" 200
2025-09-24 11:47:15,496 | INFO | code-magnetism | Incoming update 822055242
2025-09-24 11:47:15,497 | INFO | code-magnetism | Message from 815370781 (@goldfinger_uk): 👤 Профиль
2025-09-24 11:47:15,769 | INFO | aiogram.event | Update id=822055242 is handled. Duration 266 ms by bot id=8485537220
2025-09-24 11:47:15,771 | INFO | code-magnetism | Update 822055242 processed successfully
2025-09-24 11:47:15,776 | INFO | uvicorn.access | 91.108.5.36:0 - "POST /telegram/webhook?secret=change_me HTTP/1.1" 200
2025-09-24 11:47:21,316 | INFO | code-magnetism | Incoming update 822055243
2025-09-24 11:47:21,317 | INFO | code-magnetism | Message from 815370781 (@goldfinger_uk): Мой профиль
2025-09-24 11:47:21,625 | INFO | aiogram.event | Update id=822055243 is handled. Duration 302 ms by bot id=8485537220
2025-09-24 11:47:21,627 | INFO | code-magnetism | Update 822055243 processed successfully
2025-09-24 11:47:21,632 | INFO | uvicorn.access | 91.108.5.36:0 - "POST /telegram/webhook?secret=change_me HTTP/1.1" 200
2025-09-24 11:47:25,474 | INFO | code-magnetism | Incoming update 822055244
2025-09-24 11:47:25,475 | INFO | code-magnetism | Message from 815370781 (@goldfinger_uk): 💳 Оплата
2025-09-24 11:47:25,825 | INFO | aiogram.event | Update id=822055244 is handled. Duration 345 ms by bot id=8485537220
2025-09-24 11:47:25,826 | INFO | code-magnetism | Update 822055244 processed successfully
2025-09-24 11:47:25,832 | INFO | uvicorn.access | 91.108.5.36:0 - "POST /telegram/webhook?secret=change_me HTTP/1.1" 200
2025-09-24 11:47:29,429 | INFO | code-magnetism | Incoming update 822055245
2025-09-24 11:47:29,430 | INFO | code-magnetism | Message from 815370781 (@goldfinger_uk): 💳 Оплата
2025-09-24 11:47:29,704 | INFO | aiogram.event | Update id=822055245 is handled. Duration 268 ms by bot id=8485537220
2025-09-24 11:47:29,705 | INFO | code-magnetism | Update 822055245 processed successfully
2025-09-24 11:47:29,710 | INFO | uvicorn.access | 91.108.5.36:0 - "POST /telegram/webhook?secret=change_me HTTP/1.1" 200
2025-09-24 11:47:32,196 | INFO | code-magnetism | Incoming update 822055246
2025-09-24 11:47:32,197 | INFO | code-magnetism | Message from 815370781 (@goldfinger_uk): ⚙️ Админка
2025-09-24 11:47:32,450 | INFO | aiogram.event | Update id=822055246 is handled. Duration 245 ms by bot id=8485537220
2025-09-24 11:47:32,451 | INFO | code-magnetism | Update 822055246 processed successfully
2025-09-24 11:47:32,456 | INFO | uvicorn.access | 91.108.5.36:0 - "POST /telegram/webhook?secret=change_me HTTP/1.1" 200
2025-09-24 11:47:35,736 | INFO | code-magnetism | Incoming update 822055247
2025-09-24 11:47:35,737 | INFO | code-magnetism | Message from 815370781 (@goldfinger_uk): Управление пользователями
2025-09-24 11:47:36,035 | INFO | aiogram.event | Update id=822055247 is handled. Duration 290 ms by bot id=8485537220
2025-09-24 11:47:36,036 | INFO | code-magnetism | Update 822055247 processed successfully
2025-09-24 11:47:36,042 | INFO | uvicorn.access | 91.108.5.36:0 - "POST /telegram/webhook?secret=change_me HTTP/1.1" 200
2025-09-24 11:47:39,036 | INFO | code-magnetism | Incoming update 822055248
2025-09-24 11:47:39,037 | INFO | code-magnetism | Message from 815370781 (@goldfinger_uk): Управление контентом
2025-09-24 11:47:39,373 | INFO | aiogram.event | Update id=822055248 is handled. Duration 330 ms by bot id=8485537220
2025-09-24 11:47:39,374 | INFO | code-magnetism | Update 822055248 processed successfully
2025-09-24 11:47:39,380 | INFO | uvicorn.access | 91.108.5.36:0 - "POST /telegram/webhook?secret=change_me HTTP/1.1" 200
2025-09-24 11:47:43,796 | INFO | code-magnetism | Incoming update 822055249
2025-09-24 11:47:43,798 | INFO | code-magnetism | Message from 815370781 (@goldfinger_uk): Диагностика
2025-09-24 11:47:44,091 | INFO | aiogram.event | Update id=822055249 is handled. Duration 286 ms by bot id=8485537220
2025-09-24 11:47:44,093 | INFO | code-magnetism | Update 822055249 processed successfully
2025-09-24 11:47:44,097 | INFO | uvicorn.access | 91.108.5.36:0 - "POST /telegram/webhook?secret=change_me HTTP/1.1" 200
2025-09-24 11:47:46,049 | INFO | code-magnetism | Incoming update 822055250
2025-09-24 11:47:46,050 | INFO | code-magnetism | Message from 815370781 (@goldfinger_uk): Рассылка
2025-09-24 11:47:46,364 | INFO | aiogram.event | Update id=822055250 is handled. Duration 307 ms by bot id=8485537220
2025-09-24 11:47:46,365 | INFO | code-magnetism | Update 822055250 processed successfully
2025-09-24 11:47:46,369 | INFO | uvicorn.access | 91.108.5.36:0 - "POST /telegram/webhook?secret=change_me HTTP/1.1" 200
2025-09-24 11:47:51,110 | INFO | code-magnetism | Incoming update 822055251
2025-09-24 11:47:51,111 | INFO | code-magnetism | Message from 815370781 (@goldfinger_uk): Статистика
2025-09-24 11:47:51,699 | INFO | aiogram.event | Update id=822055251 is handled. Duration 581 ms by bot id=8485537220
2025-09-24 11:47:51,701 | INFO | code-magnetism | Update 822055251 processed successfully
2025-09-24 11:47:51,707 | INFO | uvicorn.access | 91.108.5.36:0 - "POST /telegram/webhook?secret=change_me HTTP/1.1" 200
2025-09-24 11:47:55,156 | INFO | code-magnetism | Incoming update 822055252
2025-09-24 11:47:55,157 | INFO | code-magnetism | Message from 815370781 (@goldfinger_uk): Тонкие настройки
2025-09-24 11:47:55,502 | INFO | aiogram.event | Update id=822055252 is handled. Duration 338 ms by bot id=8485537220
2025-09-24 11:47:55,503 | INFO | code-magnetism | Update 822055252 processed successfully
2025-09-24 11:47:55,509 | INFO | uvicorn.access | 91.108.5.36:0 - "POST /telegram/webhook?secret=change_me HTTP/1.1" 200
2025-09-24 11:47:59,328 | INFO | code-magnetism | Incoming update 822055253
2025-09-24 11:47:59,329 | INFO | code-magnetism | Message from 815370781 (@goldfinger_uk): ⬅️ В админку
2025-09-24 11:47:59,615 | INFO | aiogram.event | Update id=822055253 is handled. Duration 280 ms by bot id=8485537220
2025-09-24 11:47:59,616 | INFO | code-magnetism | Update 822055253 processed successfully
2025-09-24 11:47:59,623 | INFO | uvicorn.access | 91.108.5.36:0 - "POST /telegram/webhook?secret=change_me HTTP/1.1" 200
2025-09-24 11:48:00,897 | INFO | code-magnetism | Incoming update 822055254
2025-09-24 11:48:00,898 | INFO | code-magnetism | Message from 815370781 (@goldfinger_uk): Тонкие настройки
2025-09-24 11:48:01,208 | INFO | aiogram.event | Update id=822055254 is handled. Duration 302 ms by bot id=8485537220
2025-09-24 11:48:01,209 | INFO | code-magnetism | Update 822055254 processed successfully
2025-09-24 11:48:01,216 | INFO | uvicorn.access | 91.108.5.36:0 - "POST /telegram/webhook?secret=change_me HTTP/1.1" 200
2025-09-24 11:48:02,854 | INFO | code-magnetism | Incoming update 822055255
2025-09-24 11:48:02,855 | INFO | code-magnetism | Message from 815370781 (@goldfinger_uk): ✅ Окно оплаты
2025-09-24 11:48:02,916 | INFO | handlers | content: set key=settings.payments_open len=5
2025-09-24 11:48:02,942 | ERROR | handlers | Failed to log admin action: invalid input for query argument $3: {'key': 'payments_open', 'value': False} (expected str, got dict)
2025-09-24 11:48:03,201 | INFO | aiogram.event | Update id=822055255 is handled. Duration 339 ms by bot id=8485537220
2025-09-24 11:48:03,203 | INFO | code-magnetism | Update 822055255 processed successfully
2025-09-24 11:48:03,209 | INFO | uvicorn.access | 91.108.5.36:0 - "POST /telegram/webhook?secret=change_me HTTP/1.1" 200
2025-09-24 11:48:04,956 | INFO | code-magnetism | Incoming update 822055256
2025-09-24 11:48:04,957 | INFO | code-magnetism | Message from 815370781 (@goldfinger_uk): ❌ Окно оплаты
2025-09-24 11:48:05,000 | INFO | handlers | content: set key=settings.payments_open len=4
2025-09-24 11:48:05,003 | ERROR | handlers | Failed to log admin action: invalid input for query argument $3: {'key': 'payments_open', 'value': True} (expected str, got dict)
2025-09-24 11:48:05,405 | INFO | aiogram.event | Update id=822055256 is handled. Duration 441 ms by bot id=8485537220
2025-09-24 11:48:05,411 | INFO | code-magnetism | Update 822055256 processed successfully
2025-09-24 11:48:05,417 | INFO | uvicorn.access | 91.108.5.36:0 - "POST /telegram/webhook?secret=change_me HTTP/1.1" 200
2025-09-24 11:48:08,036 | INFO | code-magnetism | Incoming update 822055257
2025-09-24 11:48:08,037 | INFO | code-magnetism | Message from 815370781 (@goldfinger_uk): ✅ Материалы недели
2025-09-24 11:48:08,084 | INFO | handlers | content: set key=settings.show_weekly_materials len=5
2025-09-24 11:48:08,087 | ERROR | handlers | Failed to log admin action: invalid input for query argument $3: {'key': 'show_weekly_materials', 'value'... (expected str, got dict)
2025-09-24 11:48:08,335 | INFO | aiogram.event | Update id=822055257 is handled. Duration 290 ms by bot id=8485537220
2025-09-24 11:48:08,336 | INFO | code-magnetism | Update 822055257 processed successfully
2025-09-24 11:48:08,341 | INFO | uvicorn.access | 91.108.5.36:0 - "POST /telegram/webhook?secret=change_me HTTP/1.1" 200
2025-09-24 11:48:09,734 | INFO | code-magnetism | Incoming update 822055258
2025-09-24 11:48:09,735 | INFO | code-magnetism | Message from 815370781 (@goldfinger_uk): ❌ Материалы недели
2025-09-24 11:48:09,778 | INFO | handlers | content: set key=settings.show_weekly_materials len=4
2025-09-24 11:48:09,781 | ERROR | handlers | Failed to log admin action: invalid input for query argument $3: {'key': 'show_weekly_materials', 'value'... (expected str, got dict)
2025-09-24 11:48:10,070 | INFO | aiogram.event | Update id=822055258 is handled. Duration 328 ms by bot id=8485537220
2025-09-24 11:48:10,072 | INFO | code-magnetism | Update 822055258 processed successfully
2025-09-24 11:48:10,078 | INFO | uvicorn.access | 91.108.5.36:0 - "POST /telegram/webhook?secret=change_me HTTP/1.1" 200
2025-09-24 11:48:13,597 | INFO | code-magnetism | Incoming update 822055259
2025-09-24 11:48:13,598 | INFO | code-magnetism | Message from 815370781 (@goldfinger_uk): 📝 Тексты окон
2025-09-24 11:48:13,891 | INFO | aiogram.event | Update id=822055259 is handled. Duration 287 ms by bot id=8485537220
2025-09-24 11:48:13,892 | INFO | code-magnetism | Update 822055259 processed successfully
2025-09-24 11:48:13,896 | INFO | uvicorn.access | 91.108.5.36:0 - "POST /telegram/webhook?secret=change_me HTTP/1.1" 200
2025-09-24 11:48:20,567 | INFO | code-magnetism | Incoming update 822055260
2025-09-24 11:48:20,568 | INFO | code-magnetism | Message from 815370781 (@goldfinger_uk): 🏠 Вход и меню
2025-09-24 11:48:20,854 | INFO | aiogram.event | Update id=822055260 is handled. Duration 279 ms by bot id=8485537220
2025-09-24 11:48:20,855 | INFO | code-magnetism | Update 822055260 processed successfully
2025-09-24 11:48:20,860 | INFO | uvicorn.access | 91.108.5.36:0 - "POST /telegram/webhook?secret=change_me HTTP/1.1" 200
2025-09-24 11:48:29,402 | INFO | code-magnetism | Incoming update 822055261
2025-09-24 11:48:29,403 | INFO | code-magnetism | Message from 815370781 (@goldfinger_uk): ⬅️ К списку текстов
2025-09-24 11:48:29,773 | INFO | aiogram.event | Update id=822055261 is handled. Duration 364 ms by bot id=8485537220
2025-09-24 11:48:29,774 | INFO | code-magnetism | Update 822055261 processed successfully
2025-09-24 11:48:29,781 | INFO | uvicorn.access | 91.108.5.36:0 - "POST /telegram/webhook?secret=change_me HTTP/1.1" 200
2025-09-24 11:48:35,951 | INFO | code-magnetism | Incoming update 822055262
2025-09-24 11:48:35,953 | INFO | code-magnetism | Message from 815370781 (@goldfinger_uk): 🎓 Раздел «Обучение»
2025-09-24 11:48:36,294 | INFO | aiogram.event | Update id=822055262 is handled. Duration 335 ms by bot id=8485537220
2025-09-24 11:48:36,296 | INFO | code-magnetism | Update 822055262 processed successfully
2025-09-24 11:48:36,305 | INFO | uvicorn.access | 91.108.5.36:0 - "POST /telegram/webhook?secret=change_me HTTP/1.1" 200
2025-09-24 11:48:38,748 | INFO | code-magnetism | Incoming update 822055263
2025-09-24 11:48:38,749 | INFO | code-magnetism | Message from 815370781 (@goldfinger_uk): Окно «Записаться на разбор»
2025-09-24 11:48:39,032 | INFO | aiogram.event | Update id=822055263 is handled. Duration 274 ms by bot id=8485537220
2025-09-24 11:48:39,033 | INFO | code-magnetism | Update 822055263 processed successfully
2025-09-24 11:48:39,039 | INFO | uvicorn.access | 91.108.5.36:0 - "POST /telegram/webhook?secret=change_me HTTP/1.1" 200
2025-09-24 11:48:45,408 | INFO | code-magnetism | Incoming update 822055264
2025-09-24 11:48:45,409 | INFO | code-magnetism | Message from 815370781 (@goldfinger_uk): Отмена
2025-09-24 11:48:45,682 | INFO | aiogram.event | Update id=822055264 is handled. Duration 264 ms by bot id=8485537220
2025-09-24 11:48:45,683 | INFO | code-magnetism | Update 822055264 processed successfully
2025-09-24 11:48:45,688 | INFO | uvicorn.access | 91.108.5.36:0 - "POST /telegram/webhook?secret=change_me HTTP/1.1" 200
2025-09-24 11:48:48,055 | INFO | code-magnetism | Incoming update 822055265
2025-09-24 11:48:48,056 | INFO | code-magnetism | Message from 815370781 (@goldfinger_uk): Сообщение «Все уроки пройдены»
2025-09-24 11:48:48,464 | INFO | aiogram.event | Update id=822055265 is handled. Duration 401 ms by bot id=8485537220
2025-09-24 11:48:48,466 | INFO | code-magnetism | Update 822055265 processed successfully
2025-09-24 11:48:48,472 | INFO | uvicorn.access | 91.108.5.36:0 - "POST /telegram/webhook?secret=change_me HTTP/1.1" 200
2025-09-24 11:48:50,326 | INFO | code-magnetism | Incoming update 822055266
2025-09-24 11:48:50,327 | INFO | code-magnetism | Message from 815370781 (@goldfinger_uk): Отмена
2025-09-24 11:48:50,607 | INFO | aiogram.event | Update id=822055266 is handled. Duration 275 ms by bot id=8485537220
2025-09-24 11:48:50,609 | INFO | code-magnetism | Update 822055266 processed successfully
2025-09-24 11:48:50,615 | INFO | uvicorn.access | 91.108.5.36:0 - "POST /telegram/webhook?secret=change_me HTTP/1.1" 200
2025-09-24 11:49:00,742 | INFO | code-magnetism | Incoming update 822055267
2025-09-24 11:49:00,743 | INFO | code-magnetism | Message from 815370781 (@goldfinger_uk): ⬅️ В главное меню
2025-09-24 11:49:01,015 | INFO | aiogram.event | Update id=822055267 is handled. Duration 265 ms by bot id=8485537220
2025-09-24 11:49:01,017 | INFO | code-magnetism | Update 822055267 processed successfully
2025-09-24 11:49:01,021 | INFO | uvicorn.access | 91.108.5.36:0 - "POST /telegram/webhook?secret=change_me HTTP/1.1" 200
2025-09-24 11:49:11,512 | INFO | code-magnetism | Incoming update 822055268
2025-09-24 11:49:11,513 | INFO | code-magnetism | Message from 815370781 (@goldfinger_uk): 💳 Оплата
2025-09-24 11:49:11,767 | INFO | aiogram.event | Update id=822055268 is handled. Duration 249 ms by bot id=8485537220
2025-09-24 11:49:11,769 | INFO | code-magnetism | Update 822055268 processed successfully
2025-09-24 11:49:11,773 | INFO | uvicorn.access | 91.108.5.36:0 - "POST /telegram/webhook?secret=change_me HTTP/1.1" 200
2025-09-24 11:49:13,745 | INFO | code-magnetism | Incoming update 822055269
2025-09-24 11:49:13,746 | INFO | code-magnetism | Message from 815370781 (@goldfinger_uk): 👤 Профиль
2025-09-24 11:49:14,014 | INFO | aiogram.event | Update id=822055269 is handled. Duration 261 ms by bot id=8485537220
2025-09-24 11:49:14,015 | INFO | code-magnetism | Update 822055269 processed successfully
2025-09-24 11:49:14,020 | INFO | uvicorn.access | 91.108.5.36:0 - "POST /telegram/webhook?secret=change_me HTTP/1.1" 200
2025-09-24 11:49:17,309 | INFO | code-magnetism | Incoming update 822055270
2025-09-24 11:49:17,311 | INFO | code-magnetism | Message from 815370781 (@goldfinger_uk): Изменить email
2025-09-24 11:49:17,717 | INFO | aiogram.event | Update id=822055270 is handled. Duration 397 ms by bot id=8485537220
2025-09-24 11:49:17,718 | INFO | code-magnetism | Update 822055270 processed successfully
2025-09-24 11:49:17,723 | INFO | uvicorn.access | 91.108.5.36:0 - "POST /telegram/webhook?secret=change_me HTTP/1.1" 200
2025-09-24 11:49:27,999 | INFO | code-magnetism | Incoming update 822055271
2025-09-24 11:49:28,001 | INFO | code-magnetism | Message from 815370781 (@goldfinger_uk): test@gmail.com
2025-09-24 11:49:28,648 | INFO | aiogram.event | Update id=822055271 is handled. Duration 639 ms by bot id=8485537220
2025-09-24 11:49:28,649 | INFO | code-magnetism | Update 822055271 processed successfully
2025-09-24 11:49:28,654 | INFO | uvicorn.access | 91.108.5.36:0 - "POST /telegram/webhook?secret=change_me HTTP/1.1" 200
2025-09-24 11:50:07,996 | INFO | code-magnetism | Incoming update 822055272
2025-09-24 11:50:07,997 | INFO | code-magnetism | Message from 815370781 (@goldfinger_uk): ⬅️ В главное меню
2025-09-24 11:50:08,815 | INFO | aiogram.event | Update id=822055272 is handled. Duration 810 ms by bot id=8485537220
2025-09-24 11:50:08,816 | INFO | code-magnetism | Update 822055272 processed successfully
2025-09-24 11:50:08,821 | INFO | uvicorn.access | 91.108.5.36:0 - "POST /telegram/webhook?secret=change_me HTTP/1.1" 200
2025-09-24 12:31:39,372 | INFO | uvicorn.error | Shutting down
2025-09-24 12:31:39,488 | INFO | uvicorn.error | Waiting for application shutdown.
2025-09-24 12:31:39,489 | INFO | code-magnetism | Shutdown: останавливаем планировщик/закрываем БД...
2025-09-24 12:31:39,494 | INFO | scheduler | APScheduler shut down
2025-09-24 12:31:39,495 | INFO | code-magnetism | Scheduler stopped successfully
2025-09-24 12:31:39,499 | INFO | apscheduler.scheduler | Scheduler has been shut down
2025-09-24 12:31:39,502 | INFO | db | PostgreSQL pool closed
2025-09-24 12:31:39,502 | INFO | code-magnetism | Database closed successfully
2025-09-24 12:31:39,509 | INFO | code-magnetism | Shutdown завершён.
2025-09-24 12:31:39,511 | INFO | uvicorn.error | Application shutdown complete.
2025-09-24 12:31:39,512 | INFO | uvicorn.error | Finished server process [5688]
2025-09-24 12:32:00,156 | INFO | code-magnetism | Routers attached: ['main-router']
2025-09-24 12:32:00,504 | INFO | uvicorn.error | Started server process [4900]
2025-09-24 12:32:00,505 | INFO | uvicorn.error | Waiting for application startup.
2025-09-24 12:32:00,511 | INFO | code-magnetism | Startup: инициализация БД/планировщика/вебхука...
2025-09-24 12:32:00,512 | INFO | db | Connecting PostgreSQL: postgresql://magnet:***@localhost:5432/magnetism
2025-09-24 12:32:00,955 | INFO | db | PostgreSQL pool created
2025-09-24 12:32:00,956 | INFO | db | Applying schema from: C:\Users\Tim\source\repos\cambly-work\telegram-botCM\schema.sql
2025-09-24 12:32:01,128 | INFO | db | Schema applied successfully.
2025-09-24 12:32:01,129 | INFO | db | Schema applied from C:\Users\Tim\source\repos\cambly-work\telegram-botCM\schema.sql
2025-09-24 12:32:01,134 | INFO | code-magnetism | Database initialized successfully
2025-09-24 12:32:01,150 | INFO | apscheduler.scheduler | Adding job tentatively -- it will be properly scheduled when the scheduler starts
2025-09-24 12:32:01,152 | INFO | apscheduler.scheduler | Adding job tentatively -- it will be properly scheduled when the scheduler starts
2025-09-24 12:32:01,156 | INFO | apscheduler.scheduler | Adding job tentatively -- it will be properly scheduled when the scheduler starts
2025-09-24 12:32:01,163 | INFO | apscheduler.scheduler | Added job "job_daily_lessons" to job store "default"
2025-09-24 12:32:01,165 | INFO | apscheduler.scheduler | Added job "job_soft_reminders" to job store "default"
2025-09-24 12:32:01,167 | INFO | apscheduler.scheduler | Added job "job_access_expiry_reminders" to job store "default"
2025-09-24 12:32:01,169 | INFO | apscheduler.scheduler | Scheduler started
2025-09-24 12:32:01,171 | INFO | scheduler | APScheduler started with timezone=Europe/Moscow; lessons at 10:00
2025-09-24 12:32:01,176 | INFO | code-magnetism | Scheduler initialized successfully
2025-09-24 12:32:01,178 | INFO | code-magnetism | Setting Telegram webhook to: https://5ef43a4597d2.ngrok-free.app/telegram/webhook?secret=change_me
2025-09-24 12:32:01,850 | INFO | code-magnetism | Old webhook deleted
2025-09-24 12:32:02,060 | INFO | code-magnetism | Telegram webhook установлен: https://5ef43a4597d2.ngrok-free.app/telegram/webhook?secret=change_me
2025-09-24 12:32:02,062 | INFO | code-magnetism | Startup завершён.
2025-09-24 12:32:02,067 | INFO | uvicorn.error | Application startup complete.
2025-09-24 12:32:02,070 | INFO | uvicorn.error | Uvicorn running on http://0.0.0.0:8000 (Press CTRL+C to quit)
2025-09-24 12:32:09,422 | INFO | code-magnetism | Incoming update 822055273
2025-09-24 12:32:09,423 | INFO | code-magnetism | Message from 815370781 (@goldfinger_uk): ℹ️ О клубе
2025-09-24 12:32:09,747 | INFO | aiogram.event | Update id=822055273 is handled. Duration 315 ms by bot id=8485537220
2025-09-24 12:32:09,748 | INFO | code-magnetism | Update 822055273 processed successfully
2025-09-24 12:32:09,753 | INFO | uvicorn.access | 91.108.5.36:0 - "POST /telegram/webhook?secret=change_me HTTP/1.1" 200
2025-09-24 12:32:11,813 | INFO | code-magnetism | Incoming update 822055274
2025-09-24 12:32:11,814 | INFO | code-magnetism | Message from 815370781 (@goldfinger_uk): ⬅️ В главное меню
2025-09-24 12:32:12,118 | INFO | aiogram.event | Update id=822055274 is handled. Duration 298 ms by bot id=8485537220
2025-09-24 12:32:12,119 | INFO | code-magnetism | Update 822055274 processed successfully
2025-09-24 12:32:12,125 | INFO | uvicorn.access | 91.108.5.36:0 - "POST /telegram/webhook?secret=change_me HTTP/1.1" 200
2025-09-24 12:32:13,383 | INFO | code-magnetism | Incoming update 822055275
2025-09-24 12:32:13,384 | INFO | code-magnetism | Message from 815370781 (@goldfinger_uk): ⚙️ Админка
2025-09-24 12:32:13,662 | INFO | aiogram.event | Update id=822055275 is handled. Duration 271 ms by bot id=8485537220
2025-09-24 12:32:13,663 | INFO | code-magnetism | Update 822055275 processed successfully
2025-09-24 12:32:13,667 | INFO | uvicorn.access | 91.108.5.36:0 - "POST /telegram/webhook?secret=change_me HTTP/1.1" 200
2025-09-24 12:32:23,260 | INFO | code-magnetism | Incoming update 822055276
2025-09-24 12:32:23,262 | INFO | code-magnetism | Message from 815370781 (@goldfinger_uk): 👥 Пользователи
2025-09-24 12:32:23,536 | INFO | aiogram.event | Update id=822055276 is handled. Duration 266 ms by bot id=8485537220
2025-09-24 12:32:23,537 | INFO | code-magnetism | Update 822055276 processed successfully
2025-09-24 12:32:23,542 | INFO | uvicorn.access | 91.108.5.36:0 - "POST /telegram/webhook?secret=change_me HTTP/1.1" 200
2025-09-24 12:32:30,971 | INFO | code-magnetism | Incoming update 822055277
2025-09-24 12:32:30,972 | INFO | code-magnetism | Message from 815370781 (@goldfinger_uk): 🧾 Контент и тексты
2025-09-24 12:32:31,269 | INFO | aiogram.event | Update id=822055277 is handled. Duration 291 ms by bot id=8485537220
2025-09-24 12:32:31,271 | INFO | code-magnetism | Update 822055277 processed successfully
2025-09-24 12:32:31,275 | INFO | uvicorn.access | 91.108.5.36:0 - "POST /telegram/webhook?secret=change_me HTTP/1.1" 200
2025-09-24 12:32:49,661 | INFO | code-magnetism | Incoming update 822055278
2025-09-24 12:32:49,662 | INFO | code-magnetism | Message from 815370781 (@goldfinger_uk): 🔍 Посмотреть текст
2025-09-24 12:32:50,566 | INFO | aiogram.event | Update id=822055278 is handled. Duration 895 ms by bot id=8485537220
2025-09-24 12:32:50,567 | INFO | code-magnetism | Update 822055278 processed successfully
2025-09-24 12:32:50,572 | INFO | uvicorn.access | 91.108.5.36:0 - "POST /telegram/webhook?secret=change_me HTTP/1.1" 200
2025-09-24 12:32:57,652 | INFO | code-magnetism | Incoming update 822055279
2025-09-24 12:32:57,653 | INFO | code-magnetism | Message from 815370781 (@goldfinger_uk): Отмена
2025-09-24 12:32:58,054 | INFO | aiogram.event | Update id=822055279 is handled. Duration 396 ms by bot id=8485537220
2025-09-24 12:32:58,056 | INFO | code-magnetism | Update 822055279 processed successfully
2025-09-24 12:32:58,062 | INFO | uvicorn.access | 91.108.5.36:0 - "POST /telegram/webhook?secret=change_me HTTP/1.1" 200
2025-09-24 12:33:00,559 | INFO | code-magnetism | Incoming update 822055280
2025-09-24 12:33:00,560 | INFO | code-magnetism | Message from 815370781 (@goldfinger_uk): 📄 Тексты экранов
2025-09-24 12:33:00,872 | INFO | aiogram.event | Update id=822055280 is handled. Duration 306 ms by bot id=8485537220
2025-09-24 12:33:00,873 | INFO | code-magnetism | Update 822055280 processed successfully
2025-09-24 12:33:00,878 | INFO | uvicorn.access | 91.108.5.36:0 - "POST /telegram/webhook?secret=change_me HTTP/1.1" 200
2025-09-24 12:33:02,628 | INFO | code-magnetism | Incoming update 822055281
2025-09-24 12:33:02,629 | INFO | code-magnetism | Message from 815370781 (@goldfinger_uk): 🏠 Вход и меню
2025-09-24 12:33:02,983 | INFO | aiogram.event | Update id=822055281 is handled. Duration 347 ms by bot id=8485537220
2025-09-24 12:33:02,985 | INFO | code-magnetism | Update 822055281 processed successfully
2025-09-24 12:33:02,990 | INFO | uvicorn.access | 91.108.5.36:0 - "POST /telegram/webhook?secret=change_me HTTP/1.1" 200
2025-09-24 12:33:08,535 | INFO | code-magnetism | Incoming update 822055282
2025-09-24 12:33:08,536 | INFO | code-magnetism | Message from 815370781 (@goldfinger_uk): Приветствие /start
2025-09-24 12:33:08,890 | INFO | aiogram.event | Update id=822055282 is handled. Duration 348 ms by bot id=8485537220
2025-09-24 12:33:08,891 | INFO | code-magnetism | Update 822055282 processed successfully
2025-09-24 12:33:08,898 | INFO | uvicorn.access | 91.108.5.36:0 - "POST /telegram/webhook?secret=change_me HTTP/1.1" 200
2025-09-24 12:33:27,411 | INFO | code-magnetism | Incoming update 822055283
2025-09-24 12:33:27,412 | INFO | code-magnetism | Message from 815370781 (@goldfinger_uk): Отмена
2025-09-24 12:33:28,294 | INFO | aiogram.event | Update id=822055283 is handled. Duration 876 ms by bot id=8485537220
2025-09-24 12:33:28,296 | INFO | code-magnetism | Update 822055283 processed successfully
2025-09-24 12:33:28,304 | INFO | uvicorn.access | 91.108.5.36:0 - "POST /telegram/webhook?secret=change_me HTTP/1.1" 200
2025-09-24 12:34:03,679 | INFO | code-magnetism | Incoming update 822055284
2025-09-24 12:34:03,680 | INFO | code-magnetism | Message from 815370781 (@goldfinger_uk): ⬅️ В админку
2025-09-24 12:34:04,533 | INFO | aiogram.event | Update id=822055284 is handled. Duration 847 ms by bot id=8485537220
2025-09-24 12:34:04,534 | INFO | code-magnetism | Update 822055284 processed successfully
2025-09-24 12:34:04,539 | INFO | uvicorn.access | 91.108.5.36:0 - "POST /telegram/webhook?secret=change_me HTTP/1.1" 200
2025-09-24 12:34:06,964 | INFO | code-magnetism | Incoming update 822055285
2025-09-24 12:34:06,965 | INFO | code-magnetism | Message from 815370781 (@goldfinger_uk): ⬅️ В главное меню
2025-09-24 12:34:07,272 | INFO | aiogram.event | Update id=822055285 is handled. Duration 302 ms by bot id=8485537220
2025-09-24 12:34:07,274 | INFO | code-magnetism | Update 822055285 processed successfully
2025-09-24 12:34:07,279 | INFO | uvicorn.access | 91.108.5.36:0 - "POST /telegram/webhook?secret=change_me HTTP/1.1" 200
2025-09-24 12:34:09,226 | INFO | code-magnetism | Incoming update 822055286
2025-09-24 12:34:09,256 | INFO | code-magnetism | Message from 815370781 (@goldfinger_uk): ℹ️ О клубе
2025-09-24 12:34:09,711 | INFO | aiogram.event | Update id=822055286 is handled. Duration 450 ms by bot id=8485537220
2025-09-24 12:34:09,727 | INFO | code-magnetism | Update 822055286 processed successfully
2025-09-24 12:34:09,731 | INFO | uvicorn.access | 91.108.5.36:0 - "POST /telegram/webhook?secret=change_me HTTP/1.1" 200
2025-09-24 12:34:12,012 | INFO | code-magnetism | Incoming update 822055287
2025-09-24 12:34:12,014 | INFO | code-magnetism | Message from 815370781 (@goldfinger_uk): О клубе
2025-09-24 12:34:12,312 | INFO | aiogram.event | Update id=822055287 is handled. Duration 293 ms by bot id=8485537220
2025-09-24 12:34:12,314 | INFO | code-magnetism | Update 822055287 processed successfully
2025-09-24 12:34:12,318 | INFO | uvicorn.access | 91.108.5.36:0 - "POST /telegram/webhook?secret=change_me HTTP/1.1" 200
2025-09-24 12:34:18,951 | INFO | code-magnetism | Incoming update 822055288
2025-09-24 12:34:18,952 | INFO | code-magnetism | Message from 815370781 (@goldfinger_uk): ⬅️ В главное меню
2025-09-24 12:34:19,282 | INFO | aiogram.event | Update id=822055288 is handled. Duration 324 ms by bot id=8485537220
2025-09-24 12:34:19,283 | INFO | code-magnetism | Update 822055288 processed successfully
2025-09-24 12:34:19,288 | INFO | uvicorn.access | 91.108.5.36:0 - "POST /telegram/webhook?secret=change_me HTTP/1.1" 200
2025-09-24 12:34:22,448 | INFO | code-magnetism | Incoming update 822055289
2025-09-24 12:34:22,449 | INFO | code-magnetism | Message from 815370781 (@goldfinger_uk): 📦 Материалы
2025-09-24 12:34:22,783 | INFO | aiogram.event | Update id=822055289 is handled. Duration 328 ms by bot id=8485537220
2025-09-24 12:34:22,785 | INFO | code-magnetism | Update 822055289 processed successfully
2025-09-24 12:34:22,790 | INFO | uvicorn.access | 91.108.5.36:0 - "POST /telegram/webhook?secret=change_me HTTP/1.1" 200
2025-09-24 12:34:29,281 | INFO | code-magnetism | Incoming update 822055290
2025-09-24 12:34:29,282 | INFO | code-magnetism | Message from 815370781 (@goldfinger_uk): Расписание
2025-09-24 12:34:29,703 | INFO | aiogram.event | Update id=822055290 is handled. Duration 416 ms by bot id=8485537220
2025-09-24 12:34:29,705 | INFO | code-magnetism | Update 822055290 processed successfully
2025-09-24 12:34:29,712 | INFO | uvicorn.access | 91.108.5.36:0 - "POST /telegram/webhook?secret=change_me HTTP/1.1" 200
2025-09-24 12:34:33,829 | INFO | code-magnetism | Incoming update 822055291
2025-09-24 12:34:33,831 | INFO | code-magnetism | Message from 815370781 (@goldfinger_uk): Материалы недели
2025-09-24 12:34:34,212 | INFO | aiogram.event | Update id=822055291 is handled. Duration 374 ms by bot id=8485537220
2025-09-24 12:34:34,213 | INFO | code-magnetism | Update 822055291 processed successfully
2025-09-24 12:34:34,218 | INFO | uvicorn.access | 91.108.5.36:0 - "POST /telegram/webhook?secret=change_me HTTP/1.1" 200
2025-09-24 12:34:42,703 | INFO | code-magnetism | Incoming update 822055292
2025-09-24 12:34:42,705 | INFO | code-magnetism | Message from 815370781 (@goldfinger_uk): ⬅️ В главное меню
2025-09-24 12:34:43,088 | INFO | aiogram.event | Update id=822055292 is handled. Duration 377 ms by bot id=8485537220
2025-09-24 12:34:43,093 | INFO | code-magnetism | Update 822055292 processed successfully
2025-09-24 12:34:43,098 | INFO | uvicorn.access | 91.108.5.36:0 - "POST /telegram/webhook?secret=change_me HTTP/1.1" 200
2025-09-24 12:34:44,516 | INFO | code-magnetism | Incoming update 822055293
2025-09-24 12:34:44,517 | INFO | code-magnetism | Message from 815370781 (@goldfinger_uk): 💳 Оплата
2025-09-24 12:34:44,819 | INFO | aiogram.event | Update id=822055293 is handled. Duration 296 ms by bot id=8485537220
2025-09-24 12:34:44,821 | INFO | code-magnetism | Update 822055293 processed successfully
2025-09-24 12:34:44,825 | INFO | uvicorn.access | 91.108.5.36:0 - "POST /telegram/webhook?secret=change_me HTTP/1.1" 200
2025-09-24 12:34:46,883 | INFO | code-magnetism | Incoming update 822055294
2025-09-24 12:34:46,884 | INFO | code-magnetism | Message from 815370781 (@goldfinger_uk): ⚙️ Админка
2025-09-24 12:34:47,180 | INFO | aiogram.event | Update id=822055294 is handled. Duration 291 ms by bot id=8485537220
2025-09-24 12:34:47,181 | INFO | code-magnetism | Update 822055294 processed successfully
2025-09-24 12:34:47,186 | INFO | uvicorn.access | 91.108.5.36:0 - "POST /telegram/webhook?secret=change_me HTTP/1.1" 200
2025-09-24 12:34:49,798 | INFO | code-magnetism | Incoming update 822055295
2025-09-24 12:34:49,799 | INFO | code-magnetism | Message from 815370781 (@goldfinger_uk): 🛠️ Диагностика
2025-09-24 12:34:50,112 | INFO | aiogram.event | Update id=822055295 is handled. Duration 307 ms by bot id=8485537220
2025-09-24 12:34:50,113 | INFO | code-magnetism | Update 822055295 processed successfully
2025-09-24 12:34:50,117 | INFO | uvicorn.access | 91.108.5.36:0 - "POST /telegram/webhook?secret=change_me HTTP/1.1" 200
2025-09-24 12:34:54,295 | INFO | code-magnetism | Incoming update 822055296
2025-09-24 12:34:54,296 | INFO | code-magnetism | Message from 815370781 (@goldfinger_uk): 📢 Рассылка
2025-09-24 12:34:54,611 | INFO | aiogram.event | Update id=822055296 is handled. Duration 309 ms by bot id=8485537220
2025-09-24 12:34:54,612 | INFO | code-magnetism | Update 822055296 processed successfully
2025-09-24 12:34:54,617 | INFO | uvicorn.access | 91.108.5.36:0 - "POST /telegram/webhook?secret=change_me HTTP/1.1" 200
2025-09-24 12:34:58,948 | INFO | code-magnetism | Incoming update 822055297
2025-09-24 12:34:58,949 | INFO | code-magnetism | Message from 815370781 (@goldfinger_uk): 👥 Пользователи
2025-09-24 12:34:59,260 | INFO | aiogram.event | Update id=822055297 is handled. Duration 306 ms by bot id=8485537220
2025-09-24 12:34:59,261 | INFO | code-magnetism | Update 822055297 processed successfully
2025-09-24 12:34:59,266 | INFO | uvicorn.access | 91.108.5.36:0 - "POST /telegram/webhook?secret=change_me HTTP/1.1" 200
2025-09-24 12:35:01,531 | INFO | code-magnetism | Incoming update 822055298
2025-09-24 12:35:01,532 | INFO | code-magnetism | Message from 815370781 (@goldfinger_uk): ⚙️ Настройки
2025-09-24 12:35:01,868 | INFO | aiogram.event | Update id=822055298 is handled. Duration 330 ms by bot id=8485537220
2025-09-24 12:35:01,870 | INFO | code-magnetism | Update 822055298 processed successfully
2025-09-24 12:35:01,875 | INFO | uvicorn.access | 91.108.5.36:0 - "POST /telegram/webhook?secret=change_me HTTP/1.1" 200
2025-09-24 12:35:05,922 | INFO | code-magnetism | Incoming update 822055299
2025-09-24 12:35:05,924 | INFO | code-magnetism | Message from 815370781 (@goldfinger_uk): 🧾 Контент и тексты
2025-09-24 12:35:06,324 | INFO | aiogram.event | Update id=822055299 is handled. Duration 395 ms by bot id=8485537220
2025-09-24 12:35:06,325 | INFO | code-magnetism | Update 822055299 processed successfully
2025-09-24 12:35:06,330 | INFO | uvicorn.access | 91.108.5.36:0 - "POST /telegram/webhook?secret=change_me HTTP/1.1" 200
2025-09-24 12:35:12,801 | INFO | code-magnetism | Incoming update 822055300
2025-09-24 12:35:12,802 | INFO | code-magnetism | Message from 815370781 (@goldfinger_uk): ➕ Добавить или обновить текст
2025-09-24 12:35:13,120 | INFO | aiogram.event | Update id=822055300 is handled. Duration 312 ms by bot id=8485537220
2025-09-24 12:35:13,126 | INFO | code-magnetism | Update 822055300 processed successfully
2025-09-24 12:35:13,132 | INFO | uvicorn.access | 91.108.5.36:0 - "POST /telegram/webhook?secret=change_me HTTP/1.1" 200
2025-09-24 12:35:19,524 | INFO | code-magnetism | Incoming update 822055301
2025-09-24 12:35:19,525 | INFO | code-magnetism | Message from 815370781 (@goldfinger_uk): Отмена
2025-09-24 12:35:19,830 | INFO | aiogram.event | Update id=822055301 is handled. Duration 300 ms by bot id=8485537220
2025-09-24 12:35:19,832 | INFO | code-magnetism | Update 822055301 processed successfully
2025-09-24 12:35:19,836 | INFO | uvicorn.access | 91.108.5.36:0 - "POST /telegram/webhook?secret=change_me HTTP/1.1" 200
2025-09-24 12:35:22,388 | INFO | code-magnetism | Incoming update 822055302
2025-09-24 12:35:22,389 | INFO | code-magnetism | Message from 815370781 (@goldfinger_uk): ⬅️ В админку
2025-09-24 12:35:22,757 | INFO | aiogram.event | Update id=822055302 is handled. Duration 363 ms by bot id=8485537220
2025-09-24 12:35:22,759 | INFO | code-magnetism | Update 822055302 processed successfully
2025-09-24 12:35:22,764 | INFO | uvicorn.access | 91.108.5.36:0 - "POST /telegram/webhook?secret=change_me HTTP/1.1" 200
2025-09-24 12:36:36,472 | INFO | code-magnetism | Incoming update 822055303
2025-09-24 12:36:36,473 | INFO | code-magnetism | Message from 815370781 (@goldfinger_uk): ⬅️ В главное меню
2025-09-24 12:36:37,179 | INFO | aiogram.event | Update id=822055303 is handled. Duration 700 ms by bot id=8485537220
2025-09-24 12:36:37,180 | INFO | code-magnetism | Update 822055303 processed successfully
2025-09-24 12:36:37,185 | INFO | uvicorn.access | 91.108.5.36:0 - "POST /telegram/webhook?secret=change_me HTTP/1.1" 200
2025-09-24 13:04:32,361 | INFO | uvicorn.error | Shutting down
2025-09-24 13:04:32,482 | INFO | uvicorn.error | Waiting for application shutdown.
2025-09-24 13:04:32,485 | INFO | code-magnetism | Shutdown: останавливаем планировщик/закрываем БД...
2025-09-24 13:04:32,489 | INFO | scheduler | APScheduler shut down
2025-09-24 13:04:32,491 | INFO | code-magnetism | Scheduler stopped successfully
2025-09-24 13:04:32,496 | INFO | apscheduler.scheduler | Scheduler has been shut down
2025-09-24 13:04:32,517 | INFO | db | PostgreSQL pool closed
2025-09-24 13:04:32,521 | INFO | code-magnetism | Database closed successfully
2025-09-24 13:04:32,525 | INFO | code-magnetism | Shutdown завершён.
2025-09-24 13:04:32,528 | INFO | uvicorn.error | Application shutdown complete.
2025-09-24 13:04:32,531 | INFO | uvicorn.error | Finished server process [4900]
2025-09-24 13:17:17,143 | INFO | code-magnetism | Routers attached: ['main-router']
2025-09-24 13:17:17,477 | INFO | uvicorn.error | Started server process [5404]
2025-09-24 13:17:17,478 | INFO | uvicorn.error | Waiting for application startup.
2025-09-24 13:17:17,483 | INFO | code-magnetism | Startup: инициализация БД/планировщика/вебхука...
2025-09-24 13:17:17,485 | INFO | db | Connecting PostgreSQL: postgresql://magnet:***@localhost:5432/magnetism
2025-09-24 13:17:18,040 | INFO | db | PostgreSQL pool created
2025-09-24 13:17:18,041 | INFO | db | Applying schema from: C:\Users\Tim\source\repos\cambly-work\telegram-botCM\schema.sql
2025-09-24 13:17:18,743 | INFO | db | Schema applied successfully.
2025-09-24 13:17:18,744 | INFO | db | Schema applied from C:\Users\Tim\source\repos\cambly-work\telegram-botCM\schema.sql
2025-09-24 13:17:18,749 | INFO | code-magnetism | Database initialized successfully
2025-09-24 13:17:18,765 | INFO | apscheduler.scheduler | Adding job tentatively -- it will be properly scheduled when the scheduler starts
2025-09-24 13:17:18,769 | INFO | apscheduler.scheduler | Adding job tentatively -- it will be properly scheduled when the scheduler starts
2025-09-24 13:17:18,771 | INFO | apscheduler.scheduler | Adding job tentatively -- it will be properly scheduled when the scheduler starts
2025-09-24 13:17:18,776 | INFO | apscheduler.scheduler | Added job "job_daily_lessons" to job store "default"
2025-09-24 13:17:18,778 | INFO | apscheduler.scheduler | Added job "job_soft_reminders" to job store "default"
2025-09-24 13:17:18,780 | INFO | apscheduler.scheduler | Added job "job_access_expiry_reminders" to job store "default"
2025-09-24 13:17:18,781 | INFO | apscheduler.scheduler | Scheduler started
2025-09-24 13:17:18,784 | INFO | scheduler | APScheduler started with timezone=Europe/Moscow; lessons at 10:00
2025-09-24 13:17:18,786 | INFO | code-magnetism | Scheduler initialized successfully
2025-09-24 13:17:18,788 | INFO | code-magnetism | Setting Telegram webhook to: https://5ef43a4597d2.ngrok-free.app/telegram/webhook?secret=change_me
2025-09-24 13:17:19,467 | INFO | code-magnetism | Old webhook deleted
2025-09-24 13:17:19,678 | INFO | code-magnetism | Telegram webhook установлен: https://5ef43a4597d2.ngrok-free.app/telegram/webhook?secret=change_me
2025-09-24 13:17:19,680 | INFO | code-magnetism | Startup завершён.
2025-09-24 13:17:19,685 | INFO | uvicorn.error | Application startup complete.
2025-09-24 13:17:19,688 | INFO | uvicorn.error | Uvicorn running on http://0.0.0.0:8000 (Press CTRL+C to quit)
2025-09-24 13:17:47,542 | INFO | code-magnetism | Incoming update 822055304
2025-09-24 13:17:47,543 | INFO | code-magnetism | Message from 815370781 (@goldfinger_uk): /start
2025-09-24 13:17:48,583 | INFO | aiogram.event | Update id=822055304 is handled. Duration 1034 ms by bot id=8485537220
2025-09-24 13:17:48,584 | INFO | code-magnetism | Update 822055304 processed successfully
2025-09-24 13:17:48,589 | INFO | uvicorn.access | 91.108.5.36:0 - "POST /telegram/webhook?secret=change_me HTTP/1.1" 200
2025-09-24 13:17:50,181 | INFO | code-magnetism | Incoming update 822055305
2025-09-24 13:17:50,182 | INFO | code-magnetism | Message from 815370781 (@goldfinger_uk): ⚙️ Админка
2025-09-24 13:17:50,484 | INFO | aiogram.event | Update id=822055305 is handled. Duration 295 ms by bot id=8485537220
2025-09-24 13:17:50,485 | INFO | code-magnetism | Update 822055305 processed successfully
2025-09-24 13:17:50,490 | INFO | uvicorn.access | 91.108.5.36:0 - "POST /telegram/webhook?secret=change_me HTTP/1.1" 200
2025-09-24 13:17:56,110 | INFO | code-magnetism | Incoming update 822055306
2025-09-24 13:17:56,112 | INFO | code-magnetism | Message from 815370781 (@goldfinger_uk): ⚙️ Настройки
2025-09-24 13:17:56,394 | INFO | aiogram.event | Update id=822055306 is handled. Duration 276 ms by bot id=8485537220
2025-09-24 13:17:56,395 | INFO | code-magnetism | Update 822055306 processed successfully
2025-09-24 13:17:56,400 | INFO | uvicorn.access | 91.108.5.36:0 - "POST /telegram/webhook?secret=change_me HTTP/1.1" 200
2025-09-24 13:17:59,938 | INFO | code-magnetism | Incoming update 822055307
2025-09-24 13:17:59,939 | INFO | code-magnetism | Message from 815370781 (@goldfinger_uk): ✅ Расписание
2025-09-24 13:17:59,997 | INFO | handlers | content: set key=settings.show_schedule len=5
2025-09-24 13:18:00,002 | ERROR | handlers | Failed to log admin action: invalid input for query argument $3: {'key': 'show_schedule', 'value': False} (expected str, got dict)
2025-09-24 13:18:00,265 | INFO | aiogram.event | Update id=822055307 is handled. Duration 320 ms by bot id=8485537220
2025-09-24 13:18:00,266 | INFO | code-magnetism | Update 822055307 processed successfully
2025-09-24 13:18:00,270 | INFO | uvicorn.access | 91.108.5.36:0 - "POST /telegram/webhook?secret=change_me HTTP/1.1" 200
2025-09-24 13:18:01,298 | INFO | code-magnetism | Incoming update 822055308
2025-09-24 13:18:01,300 | INFO | code-magnetism | Message from 815370781 (@goldfinger_uk): ❌ Расписание
2025-09-24 13:18:01,362 | INFO | handlers | content: set key=settings.show_schedule len=4
2025-09-24 13:18:01,365 | ERROR | handlers | Failed to log admin action: invalid input for query argument $3: {'key': 'show_schedule', 'value': True} (expected str, got dict)
2025-09-24 13:18:01,609 | INFO | aiogram.event | Update id=822055308 is handled. Duration 302 ms by bot id=8485537220
2025-09-24 13:18:01,611 | INFO | code-magnetism | Update 822055308 processed successfully
2025-09-24 13:18:01,616 | INFO | uvicorn.access | 91.108.5.36:0 - "POST /telegram/webhook?secret=change_me HTTP/1.1" 200
2025-09-24 13:18:04,136 | INFO | code-magnetism | Incoming update 822055309
2025-09-24 13:18:04,137 | INFO | code-magnetism | Message from 815370781 (@goldfinger_uk): 📄 Тексты экранов
2025-09-24 13:18:04,453 | INFO | aiogram.event | Update id=822055309 is handled. Duration 310 ms by bot id=8485537220
2025-09-24 13:18:04,454 | INFO | code-magnetism | Update 822055309 processed successfully
2025-09-24 13:18:04,459 | INFO | uvicorn.access | 91.108.5.36:0 - "POST /telegram/webhook?secret=change_me HTTP/1.1" 200
2025-09-24 13:18:10,030 | INFO | code-magnetism | Incoming update 822055310
2025-09-24 13:18:10,031 | INFO | code-magnetism | Message from 815370781 (@goldfinger_uk): 🧾 Контент и тексты
2025-09-24 13:18:10,325 | INFO | aiogram.event | Update id=822055310 is handled. Duration 289 ms by bot id=8485537220
2025-09-24 13:18:10,327 | INFO | code-magnetism | Update 822055310 processed successfully
2025-09-24 13:18:10,332 | INFO | uvicorn.access | 91.108.5.36:0 - "POST /telegram/webhook?secret=change_me HTTP/1.1" 200
2025-09-24 13:18:13,838 | INFO | code-magnetism | Incoming update 822055311
2025-09-24 13:18:13,839 | INFO | code-magnetism | Message from 815370781 (@goldfinger_uk): 📄 Тексты экранов
2025-09-24 13:18:14,147 | INFO | aiogram.event | Update id=822055311 is handled. Duration 300 ms by bot id=8485537220
2025-09-24 13:18:14,149 | INFO | code-magnetism | Update 822055311 processed successfully
2025-09-24 13:18:14,153 | INFO | uvicorn.access | 91.108.5.36:0 - "POST /telegram/webhook?secret=change_me HTTP/1.1" 200
2025-09-24 13:18:20,923 | INFO | code-magnetism | Incoming update 822055312
2025-09-24 13:18:20,924 | INFO | code-magnetism | Message from 815370781 (@goldfinger_uk): ➕ Добавить или обновить текст
2025-09-24 13:18:21,303 | INFO | aiogram.event | Update id=822055312 is handled. Duration 372 ms by bot id=8485537220
2025-09-24 13:18:21,304 | INFO | code-magnetism | Update 822055312 processed successfully
2025-09-24 13:18:21,310 | INFO | uvicorn.access | 91.108.5.36:0 - "POST /telegram/webhook?secret=change_me HTTP/1.1" 200
2025-09-24 13:18:30,856 | INFO | code-magnetism | Incoming update 822055313
2025-09-24 13:18:30,857 | INFO | code-magnetism | Message from 815370781 (@goldfinger_uk): Отмена
2025-09-24 13:18:31,128 | INFO | aiogram.event | Update id=822055313 is handled. Duration 265 ms by bot id=8485537220
2025-09-24 13:18:31,129 | INFO | code-magnetism | Update 822055313 processed successfully
2025-09-24 13:18:31,135 | INFO | uvicorn.access | 91.108.5.36:0 - "POST /telegram/webhook?secret=change_me HTTP/1.1" 200
2025-09-24 13:18:34,091 | INFO | code-magnetism | Incoming update 822055314
2025-09-24 13:18:34,092 | INFO | code-magnetism | Message from 815370781 (@goldfinger_uk): ⬅️ В админку
2025-09-24 13:18:34,392 | INFO | aiogram.event | Update id=822055314 is handled. Duration 295 ms by bot id=8485537220
2025-09-24 13:18:34,393 | INFO | code-magnetism | Update 822055314 processed successfully
2025-09-24 13:18:34,398 | INFO | uvicorn.access | 91.108.5.36:0 - "POST /telegram/webhook?secret=change_me HTTP/1.1" 200
2025-09-24 13:18:38,332 | INFO | code-magnetism | Incoming update 822055315
2025-09-24 13:18:38,333 | INFO | code-magnetism | Message from 815370781 (@goldfinger_uk): 🎛 Логика бота
2025-09-24 13:18:38,649 | INFO | aiogram.event | Update id=822055315 is handled. Duration 309 ms by bot id=8485537220
2025-09-24 13:18:38,650 | INFO | code-magnetism | Update 822055315 processed successfully
2025-09-24 13:18:38,656 | INFO | uvicorn.access | 91.108.5.36:0 - "POST /telegram/webhook?secret=change_me HTTP/1.1" 200
2025-09-24 13:18:46,154 | INFO | code-magnetism | Incoming update 822055316
2025-09-24 13:18:46,155 | INFO | code-magnetism | Message from 815370781 (@goldfinger_uk): ⬅️ В админку
2025-09-24 13:18:46,448 | INFO | aiogram.event | Update id=822055316 is handled. Duration 287 ms by bot id=8485537220
2025-09-24 13:18:46,449 | INFO | code-magnetism | Update 822055316 processed successfully
2025-09-24 13:18:46,453 | INFO | uvicorn.access | 91.108.5.36:0 - "POST /telegram/webhook?secret=change_me HTTP/1.1" 200
2025-09-24 13:18:50,036 | INFO | code-magnetism | Incoming update 822055317
2025-09-24 13:18:50,037 | INFO | code-magnetism | Message from 815370781 (@goldfinger_uk): ⚙️ Настройки
2025-09-24 13:18:50,313 | INFO | aiogram.event | Update id=822055317 is handled. Duration 270 ms by bot id=8485537220
2025-09-24 13:18:50,314 | INFO | code-magnetism | Update 822055317 processed successfully
2025-09-24 13:18:50,318 | INFO | uvicorn.access | 91.108.5.36:0 - "POST /telegram/webhook?secret=change_me HTTP/1.1" 200
2025-09-24 13:18:52,658 | INFO | code-magnetism | Incoming update 822055318
2025-09-24 13:18:52,659 | INFO | code-magnetism | Message from 815370781 (@goldfinger_uk): 🧾 Контент и тексты
2025-09-24 13:18:52,972 | INFO | aiogram.event | Update id=822055318 is handled. Duration 305 ms by bot id=8485537220
2025-09-24 13:18:52,974 | INFO | code-magnetism | Update 822055318 processed successfully
2025-09-24 13:18:52,978 | INFO | uvicorn.access | 91.108.5.36:0 - "POST /telegram/webhook?secret=change_me HTTP/1.1" 200
2025-09-24 13:19:00,682 | INFO | code-magnetism | Incoming update 822055319
2025-09-24 13:19:00,683 | INFO | code-magnetism | Message from 815370781 (@goldfinger_uk): ⬅️ В админку
2025-09-24 13:19:01,070 | INFO | aiogram.event | Update id=822055319 is handled. Duration 381 ms by bot id=8485537220
2025-09-24 13:19:01,071 | INFO | code-magnetism | Update 822055319 processed successfully
2025-09-24 13:19:01,079 | INFO | uvicorn.access | 91.108.5.36:0 - "POST /telegram/webhook?secret=change_me HTTP/1.1" 200
2025-09-24 13:21:37,877 | INFO | code-magnetism | Incoming update 822055320
2025-09-24 13:21:37,878 | INFO | code-magnetism | Message from 815370781 (@goldfinger_uk): 📊 Статистика
2025-09-24 13:21:38,785 | INFO | aiogram.event | Update id=822055320 is handled. Duration 901 ms by bot id=8485537220
2025-09-24 13:21:38,786 | INFO | code-magnetism | Update 822055320 processed successfully
2025-09-24 13:21:38,792 | INFO | uvicorn.access | 91.108.5.36:0 - "POST /telegram/webhook?secret=change_me HTTP/1.1" 200
2025-09-24 13:21:44,909 | INFO | code-magnetism | Incoming update 822055321
2025-09-24 13:21:44,910 | INFO | code-magnetism | Message from 815370781 (@goldfinger_uk): 🛠️ Диагностика
2025-09-24 13:21:45,265 | INFO | aiogram.event | Update id=822055321 is handled. Duration 349 ms by bot id=8485537220
2025-09-24 13:21:45,266 | INFO | code-magnetism | Update 822055321 processed successfully
2025-09-24 13:21:45,272 | INFO | uvicorn.access | 91.108.5.36:0 - "POST /telegram/webhook?secret=change_me HTTP/1.1" 200
2025-09-24 13:21:46,513 | INFO | code-magnetism | Incoming update 822055322
2025-09-24 13:21:46,514 | INFO | code-magnetism | Message from 815370781 (@goldfinger_uk): 📢 Рассылка
2025-09-24 13:21:46,842 | INFO | aiogram.event | Update id=822055322 is handled. Duration 322 ms by bot id=8485537220
2025-09-24 13:21:46,843 | INFO | code-magnetism | Update 822055322 processed successfully
2025-09-24 13:21:46,848 | INFO | uvicorn.access | 91.108.5.36:0 - "POST /telegram/webhook?secret=change_me HTTP/1.1" 200
2025-09-24 13:21:50,663 | INFO | code-magnetism | Incoming update 822055323
2025-09-24 13:21:50,664 | INFO | code-magnetism | Message from 815370781 (@goldfinger_uk): 🗂 Шаблоны рассылок
2025-09-24 13:21:51,027 | INFO | aiogram.event | Update id=822055323 is handled. Duration 356 ms by bot id=8485537220
2025-09-24 13:21:51,028 | INFO | code-magnetism | Update 822055323 processed successfully
2025-09-24 13:21:51,032 | INFO | uvicorn.access | 91.108.5.36:0 - "POST /telegram/webhook?secret=change_me HTTP/1.1" 200
2025-09-24 13:21:59,075 | INFO | code-magnetism | Incoming update 822055324
2025-09-24 13:21:59,076 | INFO | code-magnetism | Message from 815370781 (@goldfinger_uk): ⬅️ К сегментам
2025-09-24 13:21:59,387 | INFO | aiogram.event | Update id=822055324 is handled. Duration 306 ms by bot id=8485537220
2025-09-24 13:21:59,389 | INFO | code-magnetism | Update 822055324 processed successfully
2025-09-24 13:21:59,394 | INFO | uvicorn.access | 91.108.5.36:0 - "POST /telegram/webhook?secret=change_me HTTP/1.1" 200
2025-09-24 13:22:01,396 | INFO | code-magnetism | Incoming update 822055325
2025-09-24 13:22:01,397 | INFO | code-magnetism | Message from 815370781 (@goldfinger_uk): ⬅️ В админку
2025-09-24 13:22:01,744 | INFO | aiogram.event | Update id=822055325 is handled. Duration 341 ms by bot id=8485537220
2025-09-24 13:22:01,745 | INFO | code-magnetism | Update 822055325 processed successfully
2025-09-24 13:22:01,750 | INFO | uvicorn.access | 91.108.5.36:0 - "POST /telegram/webhook?secret=change_me HTTP/1.1" 200
2025-09-24 13:22:21,661 | INFO | code-magnetism | Incoming update 822055326
2025-09-24 13:22:21,663 | INFO | code-magnetism | Message from 815370781 (@goldfinger_uk): ⚙️ Настройки
2025-09-24 13:22:22,502 | INFO | aiogram.event | Update id=822055326 is handled. Duration 833 ms by bot id=8485537220
2025-09-24 13:22:22,503 | INFO | code-magnetism | Update 822055326 processed successfully
2025-09-24 13:22:22,508 | INFO | uvicorn.access | 91.108.5.36:0 - "POST /telegram/webhook?secret=change_me HTTP/1.1" 200
2025-09-24 13:22:28,561 | INFO | code-magnetism | Incoming update 822055327
2025-09-24 13:22:28,563 | INFO | code-magnetism | Message from 815370781 (@goldfinger_uk): ⬅️ В админку
2025-09-24 13:22:28,851 | INFO | aiogram.event | Update id=822055327 is handled. Duration 283 ms by bot id=8485537220
2025-09-24 13:22:28,853 | INFO | code-magnetism | Update 822055327 processed successfully
2025-09-24 13:22:28,858 | INFO | uvicorn.access | 91.108.5.36:0 - "POST /telegram/webhook?secret=change_me HTTP/1.1" 200
2025-09-24 13:22:30,792 | INFO | code-magnetism | Incoming update 822055328
2025-09-24 13:22:30,793 | INFO | code-magnetism | Message from 815370781 (@goldfinger_uk): ⬅️ В главное меню
2025-09-24 13:22:31,042 | INFO | aiogram.event | Update id=822055328 is handled. Duration 244 ms by bot id=8485537220
2025-09-24 13:22:31,043 | INFO | code-magnetism | Update 822055328 processed successfully
2025-09-24 13:22:31,048 | INFO | uvicorn.access | 91.108.5.36:0 - "POST /telegram/webhook?secret=change_me HTTP/1.1" 200
2025-09-24 13:22:34,690 | INFO | code-magnetism | Incoming update 822055329
2025-09-24 13:22:34,692 | INFO | code-magnetism | Message from 815370781 (@goldfinger_uk): ⚙️ Админка
2025-09-24 13:22:34,970 | INFO | aiogram.event | Update id=822055329 is handled. Duration 273 ms by bot id=8485537220
2025-09-24 13:22:34,972 | INFO | code-magnetism | Update 822055329 processed successfully
2025-09-24 13:22:34,976 | INFO | uvicorn.access | 91.108.5.36:0 - "POST /telegram/webhook?secret=change_me HTTP/1.1" 200
2025-09-24 13:22:55,956 | INFO | code-magnetism | Incoming update 822055330
2025-09-24 13:22:55,958 | INFO | code-magnetism | Message from 815370781 (@goldfinger_uk): 🛠️ Диагностика
2025-09-24 13:22:56,789 | INFO | aiogram.event | Update id=822055330 is handled. Duration 826 ms by bot id=8485537220
2025-09-24 13:22:56,790 | INFO | code-magnetism | Update 822055330 processed successfully
2025-09-24 13:22:56,795 | INFO | uvicorn.access | 91.108.5.36:0 - "POST /telegram/webhook?secret=change_me HTTP/1.1" 200
2025-09-24 13:23:17,829 | INFO | code-magnetism | Incoming update 822055331
2025-09-24 13:23:17,830 | INFO | code-magnetism | Message from 815370781 (@goldfinger_uk): ⚙️ Настройки
2025-09-24 13:23:18,592 | INFO | aiogram.event | Update id=822055331 is handled. Duration 755 ms by bot id=8485537220
2025-09-24 13:23:18,593 | INFO | code-magnetism | Update 822055331 processed successfully
2025-09-24 13:23:18,598 | INFO | uvicorn.access | 91.108.5.36:0 - "POST /telegram/webhook?secret=change_me HTTP/1.1" 200
2025-09-24 13:23:20,152 | INFO | code-magnetism | Incoming update 822055332
2025-09-24 13:23:20,153 | INFO | code-magnetism | Message from 815370781 (@goldfinger_uk): 🧾 Контент и тексты
2025-09-24 13:23:20,538 | INFO | aiogram.event | Update id=822055332 is handled. Duration 380 ms by bot id=8485537220
2025-09-24 13:23:20,540 | INFO | code-magnetism | Update 822055332 processed successfully
2025-09-24 13:23:20,544 | INFO | uvicorn.access | 91.108.5.36:0 - "POST /telegram/webhook?secret=change_me HTTP/1.1" 200
2025-09-24 13:23:22,567 | INFO | code-magnetism | Incoming update 822055333
2025-09-24 13:23:22,571 | INFO | code-magnetism | Message from 815370781 (@goldfinger_uk): ⬅️ В админку
2025-09-24 13:23:22,972 | INFO | aiogram.event | Update id=822055333 is handled. Duration 395 ms by bot id=8485537220
2025-09-24 13:23:22,973 | INFO | code-magnetism | Update 822055333 processed successfully
2025-09-24 13:23:22,977 | INFO | uvicorn.access | 91.108.5.36:0 - "POST /telegram/webhook?secret=change_me HTTP/1.1" 200
2025-09-24 13:23:26,929 | INFO | code-magnetism | Incoming update 822055334
2025-09-24 13:23:26,930 | INFO | code-magnetism | Message from 815370781 (@goldfinger_uk): 🧾 Контент и тексты
2025-09-24 13:23:27,215 | INFO | aiogram.event | Update id=822055334 is handled. Duration 279 ms by bot id=8485537220
2025-09-24 13:23:27,216 | INFO | code-magnetism | Update 822055334 processed successfully
2025-09-24 13:23:27,221 | INFO | uvicorn.access | 91.108.5.36:0 - "POST /telegram/webhook?secret=change_me HTTP/1.1" 200
2025-09-24 13:23:31,306 | INFO | code-magnetism | Incoming update 822055335
2025-09-24 13:23:31,307 | INFO | code-magnetism | Message from 815370781 (@goldfinger_uk): 📄 Тексты экранов
2025-09-24 13:23:31,665 | INFO | aiogram.event | Update id=822055335 is handled. Duration 353 ms by bot id=8485537220
2025-09-24 13:23:31,667 | INFO | code-magnetism | Update 822055335 processed successfully
2025-09-24 13:23:31,673 | INFO | uvicorn.access | 91.108.5.36:0 - "POST /telegram/webhook?secret=change_me HTTP/1.1" 200
2025-09-24 13:23:35,220 | INFO | code-magnetism | Incoming update 822055336
2025-09-24 13:23:35,222 | INFO | code-magnetism | Message from 815370781 (@goldfinger_uk): 🔍 Посмотреть текст
2025-09-24 13:23:35,505 | INFO | aiogram.event | Update id=822055336 is handled. Duration 278 ms by bot id=8485537220
2025-09-24 13:23:35,506 | INFO | code-magnetism | Update 822055336 processed successfully
2025-09-24 13:23:35,511 | INFO | uvicorn.access | 91.108.5.36:0 - "POST /telegram/webhook?secret=change_me HTTP/1.1" 200
2025-09-24 13:23:52,791 | INFO | code-magnetism | Incoming update 822055337
2025-09-24 13:23:52,792 | INFO | code-magnetism | Message from 815370781 (@goldfinger_uk): menu.support
2025-09-24 13:23:52,843 | ERROR | handlers | Failed to log admin action: invalid input for query argument $3: {'key': 'menu.support', 'has_value': Tru... (expected str, got dict)
2025-09-24 13:23:53,734 | INFO | aiogram.event | Update id=822055337 is handled. Duration 936 ms by bot id=8485537220
2025-09-24 13:23:53,735 | INFO | code-magnetism | Update 822055337 processed successfully
2025-09-24 13:23:53,740 | INFO | uvicorn.access | 91.108.5.36:0 - "POST /telegram/webhook?secret=change_me HTTP/1.1" 200
2025-09-24 13:24:11,435 | INFO | code-magnetism | Incoming update 822055338
2025-09-24 13:24:11,437 | INFO | code-magnetism | Message from 815370781 (@goldfinger_uk): ⬅️ В админку
2025-09-24 13:24:12,169 | INFO | aiogram.event | Update id=822055338 is handled. Duration 727 ms by bot id=8485537220
2025-09-24 13:24:12,170 | INFO | code-magnetism | Update 822055338 processed successfully
2025-09-24 13:24:12,175 | INFO | uvicorn.access | 91.108.5.36:0 - "POST /telegram/webhook?secret=change_me HTTP/1.1" 200
2025-09-24 13:24:13,754 | INFO | code-magnetism | Incoming update 822055339
2025-09-24 13:24:13,755 | INFO | code-magnetism | Message from 815370781 (@goldfinger_uk): 🧾 Контент и тексты
2025-09-24 13:24:14,048 | INFO | aiogram.event | Update id=822055339 is handled. Duration 288 ms by bot id=8485537220
2025-09-24 13:24:14,050 | INFO | code-magnetism | Update 822055339 processed successfully
2025-09-24 13:24:14,054 | INFO | uvicorn.access | 91.108.5.36:0 - "POST /telegram/webhook?secret=change_me HTTP/1.1" 200
2025-09-24 13:24:17,922 | INFO | code-magnetism | Incoming update 822055340
2025-09-24 13:24:17,923 | INFO | code-magnetism | Message from 815370781 (@goldfinger_uk): ➕ Добавить или обновить текст
2025-09-24 13:24:18,284 | INFO | aiogram.event | Update id=822055340 is handled. Duration 355 ms by bot id=8485537220
2025-09-24 13:24:18,286 | INFO | code-magnetism | Update 822055340 processed successfully
2025-09-24 13:24:18,290 | INFO | uvicorn.access | 91.108.5.36:0 - "POST /telegram/webhook?secret=change_me HTTP/1.1" 200
2025-09-24 13:24:20,963 | INFO | code-magnetism | Incoming update 822055341
2025-09-24 13:24:20,965 | INFO | code-magnetism | Message from 815370781 (@goldfinger_uk): Отмена
2025-09-24 13:24:21,238 | INFO | aiogram.event | Update id=822055341 is handled. Duration 268 ms by bot id=8485537220
2025-09-24 13:24:21,239 | INFO | code-magnetism | Update 822055341 processed successfully
2025-09-24 13:24:21,244 | INFO | uvicorn.access | 91.108.5.36:0 - "POST /telegram/webhook?secret=change_me HTTP/1.1" 200
2025-09-24 13:37:44,648 | INFO | uvicorn.error | Shutting down
2025-09-24 13:37:44,753 | INFO | uvicorn.error | Waiting for application shutdown.
2025-09-24 13:37:44,758 | INFO | code-magnetism | Shutdown: останавливаем планировщик/закрываем БД...
2025-09-24 13:37:44,761 | INFO | scheduler | APScheduler shut down
2025-09-24 13:37:44,764 | INFO | code-magnetism | Scheduler stopped successfully
2025-09-24 13:37:44,767 | INFO | apscheduler.scheduler | Scheduler has been shut down
2025-09-24 13:37:44,772 | INFO | db | PostgreSQL pool closed
2025-09-24 13:37:44,775 | INFO | code-magnetism | Database closed successfully
2025-09-24 13:37:44,777 | INFO | code-magnetism | Shutdown завершён.
2025-09-24 13:37:44,779 | INFO | uvicorn.error | Application shutdown complete.
2025-09-24 13:37:44,781 | INFO | uvicorn.error | Finished server process [5404]
2025-09-24 13:38:05,047 | INFO | code-magnetism | Routers attached: ['main-router']
2025-09-24 13:38:05,386 | INFO | uvicorn.error | Started server process [736]
2025-09-24 13:38:05,387 | INFO | uvicorn.error | Waiting for application startup.
2025-09-24 13:38:05,392 | INFO | code-magnetism | Startup: инициализация БД/планировщика/вебхука...
2025-09-24 13:38:05,394 | INFO | db | Connecting PostgreSQL: postgresql://magnet:***@localhost:5432/magnetism
2025-09-24 13:38:05,950 | INFO | db | PostgreSQL pool created
2025-09-24 13:38:05,951 | INFO | db | Applying schema from: C:\Users\Tim\source\repos\cambly-work\telegram-botCM\schema.sql
2025-09-24 13:38:06,047 | INFO | db | Schema applied successfully.
2025-09-24 13:38:06,048 | INFO | db | Schema applied from C:\Users\Tim\source\repos\cambly-work\telegram-botCM\schema.sql
2025-09-24 13:38:06,053 | INFO | code-magnetism | Database initialized successfully
2025-09-24 13:38:06,069 | INFO | apscheduler.scheduler | Adding job tentatively -- it will be properly scheduled when the scheduler starts
2025-09-24 13:38:06,072 | INFO | apscheduler.scheduler | Adding job tentatively -- it will be properly scheduled when the scheduler starts
2025-09-24 13:38:06,077 | INFO | apscheduler.scheduler | Adding job tentatively -- it will be properly scheduled when the scheduler starts
2025-09-24 13:38:06,082 | INFO | apscheduler.scheduler | Added job "job_daily_lessons" to job store "default"
2025-09-24 13:38:06,084 | INFO | apscheduler.scheduler | Added job "job_soft_reminders" to job store "default"
2025-09-24 13:38:06,086 | INFO | apscheduler.scheduler | Added job "job_access_expiry_reminders" to job store "default"
2025-09-24 13:38:06,088 | INFO | apscheduler.scheduler | Scheduler started
2025-09-24 13:38:06,094 | INFO | scheduler | APScheduler started with timezone=Europe/Moscow; lessons at 10:00
2025-09-24 13:38:06,096 | INFO | code-magnetism | Scheduler initialized successfully
2025-09-24 13:38:06,097 | INFO | code-magnetism | Setting Telegram webhook to: https://5ef43a4597d2.ngrok-free.app/telegram/webhook?secret=change_me
2025-09-24 13:38:06,775 | INFO | code-magnetism | Old webhook deleted
2025-09-24 13:38:06,990 | INFO | code-magnetism | Telegram webhook установлен: https://5ef43a4597d2.ngrok-free.app/telegram/webhook?secret=change_me
2025-09-24 13:38:06,991 | INFO | code-magnetism | Startup завершён.
2025-09-24 13:38:06,996 | INFO | uvicorn.error | Application startup complete.
2025-09-24 13:38:06,999 | INFO | uvicorn.error | Uvicorn running on http://0.0.0.0:8000 (Press CTRL+C to quit)
2025-09-24 13:38:27,950 | INFO | code-magnetism | Incoming update 822055342
2025-09-24 13:38:27,952 | INFO | code-magnetism | Message from 815370781 (@goldfinger_uk): ⬅️ В админку
2025-09-24 13:38:28,834 | INFO | aiogram.event | Update id=822055342 is handled. Duration 877 ms by bot id=8485537220
2025-09-24 13:38:28,835 | INFO | code-magnetism | Update 822055342 processed successfully
2025-09-24 13:38:28,840 | INFO | uvicorn.access | 91.108.5.36:0 - "POST /telegram/webhook?secret=change_me HTTP/1.1" 200
2025-09-24 13:38:32,398 | INFO | code-magnetism | Incoming update 822055343
2025-09-24 13:38:32,399 | INFO | code-magnetism | Message from 815370781 (@goldfinger_uk): ⚙️ Настройки
2025-09-24 13:38:32,734 | INFO | aiogram.event | Update id=822055343 is handled. Duration 329 ms by bot id=8485537220
2025-09-24 13:38:32,735 | INFO | code-magnetism | Update 822055343 processed successfully
2025-09-24 13:38:32,739 | INFO | uvicorn.access | 91.108.5.36:0 - "POST /telegram/webhook?secret=change_me HTTP/1.1" 200
2025-09-24 13:38:35,362 | INFO | code-magnetism | Incoming update 822055344
2025-09-24 13:38:35,364 | INFO | code-magnetism | Message from 815370781 (@goldfinger_uk): 📄 Тексты экранов
2025-09-24 13:38:35,664 | INFO | aiogram.event | Update id=822055344 is handled. Duration 295 ms by bot id=8485537220
2025-09-24 13:38:35,665 | INFO | code-magnetism | Update 822055344 processed successfully
2025-09-24 13:38:35,670 | INFO | uvicorn.access | 91.108.5.36:0 - "POST /telegram/webhook?secret=change_me HTTP/1.1" 200
2025-09-24 13:38:38,861 | INFO | code-magnetism | Incoming update 822055345
2025-09-24 13:38:38,863 | INFO | code-magnetism | Message from 815370781 (@goldfinger_uk): 🧾 Контент и тексты
2025-09-24 13:38:39,220 | INFO | aiogram.event | Update id=822055345 is handled. Duration 351 ms by bot id=8485537220
2025-09-24 13:38:39,221 | INFO | code-magnetism | Update 822055345 processed successfully
2025-09-24 13:38:39,226 | INFO | uvicorn.access | 91.108.5.36:0 - "POST /telegram/webhook?secret=change_me HTTP/1.1" 200
2025-09-24 13:38:42,823 | INFO | code-magnetism | Incoming update 822055346
2025-09-24 13:38:42,824 | INFO | code-magnetism | Message from 815370781 (@goldfinger_uk): 🔍 Посмотреть текст
2025-09-24 13:38:43,167 | INFO | aiogram.event | Update id=822055346 is handled. Duration 337 ms by bot id=8485537220
2025-09-24 13:38:43,169 | INFO | code-magnetism | Update 822055346 processed successfully
2025-09-24 13:38:43,174 | INFO | uvicorn.access | 91.108.5.36:0 - "POST /telegram/webhook?secret=change_me HTTP/1.1" 200
2025-09-24 13:38:56,061 | INFO | code-magnetism | Incoming update 822055347
2025-09-24 13:38:56,063 | INFO | code-magnetism | Message from 815370781 (@goldfinger_uk): 🔁 Ещё варианты
2025-09-24 13:38:56,502 | INFO | aiogram.event | Update id=822055347 is handled. Duration 433 ms by bot id=8485537220
2025-09-24 13:38:56,504 | INFO | code-magnetism | Update 822055347 processed successfully
2025-09-24 13:38:56,508 | INFO | uvicorn.access | 91.108.5.36:0 - "POST /telegram/webhook?secret=change_me HTTP/1.1" 200
2025-09-24 13:38:59,164 | INFO | code-magnetism | Incoming update 822055348
2025-09-24 13:38:59,166 | INFO | code-magnetism | Message from 815370781 (@goldfinger_uk): 🔁 Ещё варианты
2025-09-24 13:38:59,484 | INFO | aiogram.event | Update id=822055348 is handled. Duration 312 ms by bot id=8485537220
2025-09-24 13:38:59,485 | INFO | code-magnetism | Update 822055348 processed successfully
2025-09-24 13:38:59,490 | INFO | uvicorn.access | 91.108.5.36:0 - "POST /telegram/webhook?secret=change_me HTTP/1.1" 200
2025-09-24 13:39:02,264 | INFO | code-magnetism | Incoming update 822055349
2025-09-24 13:39:02,266 | INFO | code-magnetism | Message from 815370781 (@goldfinger_uk): 🔁 Ещё варианты
2025-09-24 13:39:02,612 | INFO | aiogram.event | Update id=822055349 is handled. Duration 340 ms by bot id=8485537220
2025-09-24 13:39:02,613 | INFO | code-magnetism | Update 822055349 processed successfully
2025-09-24 13:39:02,619 | INFO | uvicorn.access | 91.108.5.36:0 - "POST /telegram/webhook?secret=change_me HTTP/1.1" 200
2025-09-24 13:39:05,043 | INFO | code-magnetism | Incoming update 822055350
2025-09-24 13:39:05,044 | INFO | code-magnetism | Message from 815370781 (@goldfinger_uk): Отмена
2025-09-24 13:39:05,398 | INFO | aiogram.event | Update id=822055350 is handled. Duration 348 ms by bot id=8485537220
2025-09-24 13:39:05,400 | INFO | code-magnetism | Update 822055350 processed successfully
2025-09-24 13:39:05,405 | INFO | uvicorn.access | 91.108.5.36:0 - "POST /telegram/webhook?secret=change_me HTTP/1.1" 200
2025-09-24 13:39:08,623 | INFO | code-magnetism | Incoming update 822055351
2025-09-24 13:39:08,624 | INFO | code-magnetism | Message from 815370781 (@goldfinger_uk): ➕ Добавить или обновить текст
2025-09-24 13:39:08,956 | INFO | aiogram.event | Update id=822055351 is handled. Duration 326 ms by bot id=8485537220
2025-09-24 13:39:08,958 | INFO | code-magnetism | Update 822055351 processed successfully
2025-09-24 13:39:08,963 | INFO | uvicorn.access | 91.108.5.36:0 - "POST /telegram/webhook?secret=change_me HTTP/1.1" 200
2025-09-24 13:40:28,432 | INFO | code-magnetism | Incoming update 822055352
2025-09-24 13:40:28,433 | INFO | code-magnetism | Message from 815370781 (@goldfinger_uk): 🔁 Ещё варианты
2025-09-24 13:40:29,254 | INFO | aiogram.event | Update id=822055352 is handled. Duration 815 ms by bot id=8485537220
2025-09-24 13:40:29,257 | INFO | code-magnetism | Update 822055352 processed successfully
2025-09-24 13:40:29,262 | INFO | uvicorn.access | 91.108.5.36:0 - "POST /telegram/webhook?secret=change_me HTTP/1.1" 200
2025-09-24 13:40:29,495 | INFO | code-magnetism | Incoming update 822055353
2025-09-24 13:40:29,496 | INFO | code-magnetism | Message from 815370781 (@goldfinger_uk): Отмена
2025-09-24 13:40:29,816 | INFO | aiogram.event | Update id=822055353 is handled. Duration 315 ms by bot id=8485537220
2025-09-24 13:40:29,817 | INFO | code-magnetism | Update 822055353 processed successfully
2025-09-24 13:40:29,822 | INFO | uvicorn.access | 91.108.5.36:0 - "POST /telegram/webhook?secret=change_me HTTP/1.1" 200
2025-09-24 13:40:30,057 | INFO | code-magnetism | Incoming update 822055354
2025-09-24 13:40:30,058 | INFO | code-magnetism | Message from 815370781 (@goldfinger_uk): Отмена
2025-09-24 13:40:30,119 | INFO | aiogram.event | Update id=822055354 is handled. Duration 21 ms by bot id=8485537220
2025-09-24 13:40:30,120 | INFO | code-magnetism | Update 822055354 processed successfully
2025-09-24 13:40:30,122 | INFO | uvicorn.access | 91.108.5.36:0 - "POST /telegram/webhook?secret=change_me HTTP/1.1" 200
2025-09-24 13:40:37,525 | INFO | code-magnetism | Incoming update 822055355
2025-09-24 13:40:37,527 | INFO | code-magnetism | Message from 815370781 (@goldfinger_uk): ➕ Добавить или обновить текст
2025-09-24 13:40:37,814 | INFO | aiogram.event | Update id=822055355 is handled. Duration 281 ms by bot id=8485537220
2025-09-24 13:40:37,815 | INFO | code-magnetism | Update 822055355 processed successfully
2025-09-24 13:40:37,820 | INFO | uvicorn.access | 91.108.5.36:0 - "POST /telegram/webhook?secret=change_me HTTP/1.1" 200
2025-09-24 13:40:40,062 | INFO | code-magnetism | Incoming update 822055356
2025-09-24 13:40:40,063 | INFO | code-magnetism | Message from 815370781 (@goldfinger_uk): Отмена
2025-09-24 13:40:40,333 | INFO | aiogram.event | Update id=822055356 is handled. Duration 264 ms by bot id=8485537220
2025-09-24 13:40:40,334 | INFO | code-magnetism | Update 822055356 processed successfully
2025-09-24 13:40:40,339 | INFO | uvicorn.access | 91.108.5.36:0 - "POST /telegram/webhook?secret=change_me HTTP/1.1" 200
2025-09-24 13:40:42,421 | INFO | code-magnetism | Incoming update 822055357
2025-09-24 13:40:42,422 | INFO | code-magnetism | Message from 815370781 (@goldfinger_uk): ⬅️ В админку
2025-09-24 13:40:42,714 | INFO | aiogram.event | Update id=822055357 is handled. Duration 286 ms by bot id=8485537220
2025-09-24 13:40:42,715 | INFO | code-magnetism | Update 822055357 processed successfully
2025-09-24 13:40:42,719 | INFO | uvicorn.access | 91.108.5.36:0 - "POST /telegram/webhook?secret=change_me HTTP/1.1" 200
2025-09-24 13:40:46,447 | INFO | code-magnetism | Incoming update 822055358
2025-09-24 13:40:46,448 | INFO | code-magnetism | Message from 815370781 (@goldfinger_uk): 🧾 Контент и тексты
2025-09-24 13:40:46,725 | INFO | aiogram.event | Update id=822055358 is handled. Duration 272 ms by bot id=8485537220
2025-09-24 13:40:46,726 | INFO | code-magnetism | Update 822055358 processed successfully
2025-09-24 13:40:46,730 | INFO | uvicorn.access | 91.108.5.36:0 - "POST /telegram/webhook?secret=change_me HTTP/1.1" 200
2025-09-24 13:40:49,422 | INFO | code-magnetism | Incoming update 822055359
2025-09-24 13:40:49,423 | INFO | code-magnetism | Message from 815370781 (@goldfinger_uk): 🔍 Посмотреть текст
2025-09-24 13:40:49,698 | INFO | aiogram.event | Update id=822055359 is handled. Duration 269 ms by bot id=8485537220
2025-09-24 13:40:49,699 | INFO | code-magnetism | Update 822055359 processed successfully
2025-09-24 13:40:49,703 | INFO | uvicorn.access | 91.108.5.36:0 - "POST /telegram/webhook?secret=change_me HTTP/1.1" 200
2025-09-24 13:40:52,484 | INFO | code-magnetism | Incoming update 822055360
2025-09-24 13:40:52,486 | INFO | code-magnetism | Message from 815370781 (@goldfinger_uk): Отмена
2025-09-24 13:40:52,753 | INFO | aiogram.event | Update id=822055360 is handled. Duration 261 ms by bot id=8485537220
2025-09-24 13:40:52,754 | INFO | code-magnetism | Update 822055360 processed successfully
2025-09-24 13:40:52,759 | INFO | uvicorn.access | 91.108.5.36:0 - "POST /telegram/webhook?secret=change_me HTTP/1.1" 200
2025-09-24 13:40:55,069 | INFO | code-magnetism | Incoming update 822055361
2025-09-24 13:40:55,071 | INFO | code-magnetism | Message from 815370781 (@goldfinger_uk): 🔍 Посмотреть текст
2025-09-24 13:40:55,349 | INFO | aiogram.event | Update id=822055361 is handled. Duration 273 ms by bot id=8485537220
2025-09-24 13:40:55,350 | INFO | code-magnetism | Update 822055361 processed successfully
2025-09-24 13:40:55,355 | INFO | uvicorn.access | 91.108.5.36:0 - "POST /telegram/webhook?secret=change_me HTTP/1.1" 200
2025-09-24 13:40:56,470 | INFO | code-magnetism | Incoming update 822055362
2025-09-24 13:40:56,471 | INFO | code-magnetism | Message from 815370781 (@goldfinger_uk): about
2025-09-24 13:40:56,518 | ERROR | handlers | Failed to log admin action: invalid input for query argument $3: {'key': 'about', 'has_value': True} (expected str, got dict)
2025-09-24 13:40:56,762 | INFO | aiogram.event | Update id=822055362 is handled. Duration 286 ms by bot id=8485537220
2025-09-24 13:40:56,763 | INFO | code-magnetism | Update 822055362 processed successfully
2025-09-24 13:40:56,768 | INFO | uvicorn.access | 91.108.5.36:0 - "POST /telegram/webhook?secret=change_me HTTP/1.1" 200
2025-09-24 13:41:04,638 | INFO | code-magnetism | Incoming update 822055363
2025-09-24 13:41:04,639 | INFO | code-magnetism | Message from 815370781 (@goldfinger_uk): ⬅️ В админку
2025-09-24 13:41:05,096 | INFO | aiogram.event | Update id=822055363 is handled. Duration 451 ms by bot id=8485537220
2025-09-24 13:41:05,097 | INFO | code-magnetism | Update 822055363 processed successfully
2025-09-24 13:41:05,102 | INFO | uvicorn.access | 91.108.5.36:0 - "POST /telegram/webhook?secret=change_me HTTP/1.1" 200
2025-09-24 13:41:08,320 | INFO | code-magnetism | Incoming update 822055364
2025-09-24 13:41:08,322 | INFO | code-magnetism | Message from 815370781 (@goldfinger_uk): 📢 Рассылка
2025-09-24 13:41:08,686 | INFO | aiogram.event | Update id=822055364 is handled. Duration 358 ms by bot id=8485537220
2025-09-24 13:41:08,687 | INFO | code-magnetism | Update 822055364 processed successfully
2025-09-24 13:41:08,692 | INFO | uvicorn.access | 91.108.5.36:0 - "POST /telegram/webhook?secret=change_me HTTP/1.1" 200
2025-09-24 13:41:10,560 | INFO | code-magnetism | Incoming update 822055365
2025-09-24 13:41:10,563 | INFO | code-magnetism | Message from 815370781 (@goldfinger_uk): ⬅️ В админку
2025-09-24 13:41:11,001 | INFO | aiogram.event | Update id=822055365 is handled. Duration 433 ms by bot id=8485537220
2025-09-24 13:41:11,002 | INFO | code-magnetism | Update 822055365 processed successfully
2025-09-24 13:41:11,007 | INFO | uvicorn.access | 91.108.5.36:0 - "POST /telegram/webhook?secret=change_me HTTP/1.1" 200
2025-09-24 13:41:14,537 | INFO | code-magnetism | Incoming update 822055366
2025-09-24 13:41:14,539 | INFO | code-magnetism | Message from 815370781 (@goldfinger_uk): 🛠️ Диагностика
2025-09-24 13:41:14,825 | INFO | aiogram.event | Update id=822055366 is handled. Duration 281 ms by bot id=8485537220
2025-09-24 13:41:14,826 | INFO | code-magnetism | Update 822055366 processed successfully
2025-09-24 13:41:14,831 | INFO | uvicorn.access | 91.108.5.36:0 - "POST /telegram/webhook?secret=change_me HTTP/1.1" 200
2025-09-24 13:41:17,572 | INFO | code-magnetism | Incoming update 822055367
2025-09-24 13:41:17,573 | INFO | code-magnetism | Message from 815370781 (@goldfinger_uk): ⚙️ Настройки
2025-09-24 13:41:17,853 | INFO | aiogram.event | Update id=822055367 is handled. Duration 274 ms by bot id=8485537220
2025-09-24 13:41:17,855 | INFO | code-magnetism | Update 822055367 processed successfully
2025-09-24 13:41:17,859 | INFO | uvicorn.access | 91.108.5.36:0 - "POST /telegram/webhook?secret=change_me HTTP/1.1" 200
2025-09-24 13:41:21,009 | INFO | code-magnetism | Incoming update 822055368
2025-09-24 13:41:21,010 | INFO | code-magnetism | Message from 815370781 (@goldfinger_uk): 📄 Тексты экранов
2025-09-24 13:41:21,320 | INFO | aiogram.event | Update id=822055368 is handled. Duration 304 ms by bot id=8485537220
2025-09-24 13:41:21,321 | INFO | code-magnetism | Update 822055368 processed successfully
2025-09-24 13:41:21,326 | INFO | uvicorn.access | 91.108.5.36:0 - "POST /telegram/webhook?secret=change_me HTTP/1.1" 200
2025-09-24 13:41:48,174 | INFO | code-magnetism | Incoming update 822055369
2025-09-24 13:41:48,176 | INFO | code-magnetism | Message from 815370781 (@goldfinger_uk): ⬅️ В админку
2025-09-24 13:41:49,047 | INFO | aiogram.event | Update id=822055369 is handled. Duration 866 ms by bot id=8485537220
2025-09-24 13:41:49,049 | INFO | code-magnetism | Update 822055369 processed successfully
2025-09-24 13:41:49,053 | INFO | uvicorn.access | 91.108.5.36:0 - "POST /telegram/webhook?secret=change_me HTTP/1.1" 200
2025-09-24 13:41:54,580 | INFO | code-magnetism | Incoming update 822055370
2025-09-24 13:41:54,581 | INFO | code-magnetism | Message from 815370781 (@goldfinger_uk): 🧾 Контент и тексты
2025-09-24 13:42:16,309 | INFO | aiogram.event | Update id=822055370 is handled. Duration 21723 ms by bot id=8485537220
2025-09-24 13:42:16,310 | INFO | code-magnetism | Update 822055370 processed successfully
2025-09-24 13:42:16,311 | INFO | uvicorn.access | 91.108.5.36:0 - "POST /telegram/webhook?secret=change_me HTTP/1.1" 200
2025-09-24 13:42:16,548 | INFO | code-magnetism | Incoming update 822055371
2025-09-24 13:42:16,549 | INFO | code-magnetism | Message from 815370781 (@goldfinger_uk): 📄 Тексты экранов
2025-09-24 13:43:16,780 | INFO | code-magnetism | Incoming update 822055371
2025-09-24 13:45:45,317 | INFO | code-magnetism | Message from 815370781 (@goldfinger_uk): 📄 Тексты экранов
2025-09-24 13:45:45,362 | INFO | aiogram.event | Update id=822055371 is not handled. Duration 208808 ms by bot id=8485537220
2025-09-24 13:45:45,363 | ERROR | code-magnetism | Ошибка обработки Telegram update 822055371: HTTP Client says - Request timeout error
Traceback (most recent call last):
  File "C:\Users\Tim\AppData\Local\Programs\Python\Python313\Lib\site-packages\aiohttp\client_reqrep.py", line 532, in start
    message, payload = await protocol.read()  # type: ignore[union-attr]
                       ^^^^^^^^^^^^^^^^^^^^^
  File "C:\Users\Tim\AppData\Local\Programs\Python\Python313\Lib\site-packages\aiohttp\streams.py", line 672, in read
    await self._waiter
asyncio.exceptions.CancelledError

The above exception was the direct cause of the following exception:

Traceback (most recent call last):
  File "C:\Users\Tim\AppData\Local\Programs\Python\Python313\Lib\site-packages\aiogram\client\session\aiohttp.py", line 177, in make_request
    async with session.post(
               ~~~~~~~~~~~~^
        url, data=form, timeout=self.timeout if timeout is None else timeout
        ^^^^^^^^^^^^^^^^^^^^^^^^^^^^^^^^^^^^^^^^^^^^^^^^^^^^^^^^^^^^^^^^^^^^
    ) as resp:
    ^
  File "C:\Users\Tim\AppData\Local\Programs\Python\Python313\Lib\site-packages\aiohttp\client.py", line 1488, in __aenter__
    self._resp: _RetType = await self._coro
                           ^^^^^^^^^^^^^^^^
  File "C:\Users\Tim\AppData\Local\Programs\Python\Python313\Lib\site-packages\aiohttp\client.py", line 770, in _request
    resp = await handler(req)
           ^^^^^^^^^^^^^^^^^^
  File "C:\Users\Tim\AppData\Local\Programs\Python\Python313\Lib\site-packages\aiohttp\client.py", line 748, in _connect_and_send_request
    await resp.start(conn)
  File "C:\Users\Tim\AppData\Local\Programs\Python\Python313\Lib\site-packages\aiohttp\client_reqrep.py", line 527, in start
    with self._timer:
         ^^^^^^^^^^^
  File "C:\Users\Tim\AppData\Local\Programs\Python\Python313\Lib\site-packages\aiohttp\helpers.py", line 685, in __exit__
    raise asyncio.TimeoutError from exc_val
TimeoutError

During handling of the above exception, another exception occurred:

Traceback (most recent call last):
  File "C:\Users\Tim\source\repos\cambly-work\telegram-botCM\app.py", line 534, in telegram_webhook
    await dp.feed_update(bot, update)
  File "C:\Users\Tim\AppData\Local\Programs\Python\Python313\Lib\site-packages\aiogram\dispatcher\dispatcher.py", line 158, in feed_update
    response = await self.update.wrap_outer_middleware(
               ^^^^^^^^^^^^^^^^^^^^^^^^^^^^^^^^^^^^^^^^
    ...<7 lines>...
    )
    ^
  File "C:\Users\Tim\AppData\Local\Programs\Python\Python313\Lib\site-packages\aiogram\dispatcher\middlewares\error.py", line 25, in __call__
    return await handler(event, data)
           ^^^^^^^^^^^^^^^^^^^^^^^^^^
  File "C:\Users\Tim\AppData\Local\Programs\Python\Python313\Lib\site-packages\aiogram\dispatcher\middlewares\user_context.py", line 56, in __call__
    return await handler(event, data)
           ^^^^^^^^^^^^^^^^^^^^^^^^^^
  File "C:\Users\Tim\AppData\Local\Programs\Python\Python313\Lib\site-packages\aiogram\fsm\middleware.py", line 42, in __call__
    return await handler(event, data)
           ^^^^^^^^^^^^^^^^^^^^^^^^^^
  File "C:\Users\Tim\AppData\Local\Programs\Python\Python313\Lib\site-packages\aiogram\dispatcher\event\telegram.py", line 121, in trigger
    return await wrapped_inner(event, kwargs)
           ^^^^^^^^^^^^^^^^^^^^^^^^^^^^^^^^^^
  File "C:\Users\Tim\AppData\Local\Programs\Python\Python313\Lib\site-packages\aiogram\dispatcher\event\handler.py", line 43, in call
    return await wrapped()
           ^^^^^^^^^^^^^^^
  File "C:\Users\Tim\AppData\Local\Programs\Python\Python313\Lib\site-packages\aiogram\dispatcher\dispatcher.py", line 276, in _listen_update
    return await self.propagate_event(update_type=update_type, event=event, **kwargs)
           ^^^^^^^^^^^^^^^^^^^^^^^^^^^^^^^^^^^^^^^^^^^^^^^^^^^^^^^^^^^^^^^^^^^^^^^^^^
  File "C:\Users\Tim\AppData\Local\Programs\Python\Python313\Lib\site-packages\aiogram\dispatcher\router.py", line 146, in propagate_event
    return await observer.wrap_outer_middleware(_wrapped, event=event, data=kwargs)
           ^^^^^^^^^^^^^^^^^^^^^^^^^^^^^^^^^^^^^^^^^^^^^^^^^^^^^^^^^^^^^^^^^^^^^^^^
  File "C:\Users\Tim\AppData\Local\Programs\Python\Python313\Lib\site-packages\aiogram\dispatcher\router.py", line 141, in _wrapped
    return await self._propagate_event(
           ^^^^^^^^^^^^^^^^^^^^^^^^^^^^
        observer=observer, update_type=update_type, event=telegram_event, **data
        ^^^^^^^^^^^^^^^^^^^^^^^^^^^^^^^^^^^^^^^^^^^^^^^^^^^^^^^^^^^^^^^^^^^^^^^^
    )
    ^
  File "C:\Users\Tim\AppData\Local\Programs\Python\Python313\Lib\site-packages\aiogram\dispatcher\router.py", line 174, in _propagate_event
    response = await router.propagate_event(update_type=update_type, event=event, **kwargs)
               ^^^^^^^^^^^^^^^^^^^^^^^^^^^^^^^^^^^^^^^^^^^^^^^^^^^^^^^^^^^^^^^^^^^^^^^^^^^^
  File "C:\Users\Tim\AppData\Local\Programs\Python\Python313\Lib\site-packages\aiogram\dispatcher\router.py", line 146, in propagate_event
    return await observer.wrap_outer_middleware(_wrapped, event=event, data=kwargs)
           ^^^^^^^^^^^^^^^^^^^^^^^^^^^^^^^^^^^^^^^^^^^^^^^^^^^^^^^^^^^^^^^^^^^^^^^^
  File "C:\Users\Tim\AppData\Local\Programs\Python\Python313\Lib\site-packages\aiogram\dispatcher\router.py", line 141, in _wrapped
    return await self._propagate_event(
           ^^^^^^^^^^^^^^^^^^^^^^^^^^^^
        observer=observer, update_type=update_type, event=telegram_event, **data
        ^^^^^^^^^^^^^^^^^^^^^^^^^^^^^^^^^^^^^^^^^^^^^^^^^^^^^^^^^^^^^^^^^^^^^^^^
    )
    ^
  File "C:\Users\Tim\AppData\Local\Programs\Python\Python313\Lib\site-packages\aiogram\dispatcher\router.py", line 166, in _propagate_event
    response = await observer.trigger(event, **kwargs)
               ^^^^^^^^^^^^^^^^^^^^^^^^^^^^^^^^^^^^^^^
  File "C:\Users\Tim\AppData\Local\Programs\Python\Python313\Lib\site-packages\aiogram\dispatcher\event\telegram.py", line 121, in trigger
    return await wrapped_inner(event, kwargs)
           ^^^^^^^^^^^^^^^^^^^^^^^^^^^^^^^^^^
  File "C:\Users\Tim\AppData\Local\Programs\Python\Python313\Lib\site-packages\aiogram\dispatcher\event\handler.py", line 43, in call
    return await wrapped()
           ^^^^^^^^^^^^^^^
  File "C:\Users\Tim\source\repos\cambly-work\telegram-botCM\handlers.py", line 2914, in admin_broadcast_use_template
    await message.answer("Не удалось найти шаблон. Обнови список и попробуй снова.")
  File "C:\Users\Tim\AppData\Local\Programs\Python\Python313\Lib\site-packages\aiogram\methods\base.py", line 84, in emit
    return await bot(self)
           ^^^^^^^^^^^^^^^
  File "C:\Users\Tim\AppData\Local\Programs\Python\Python313\Lib\site-packages\aiogram\client\bot.py", line 485, in __call__
    return await self.session(self, method, timeout=request_timeout)
           ^^^^^^^^^^^^^^^^^^^^^^^^^^^^^^^^^^^^^^^^^^^^^^^^^^^^^^^^^
  File "C:\Users\Tim\AppData\Local\Programs\Python\Python313\Lib\site-packages\aiogram\client\session\base.py", line 254, in __call__
    return cast(TelegramType, await middleware(bot, method))
                              ^^^^^^^^^^^^^^^^^^^^^^^^^^^^^
  File "C:\Users\Tim\AppData\Local\Programs\Python\Python313\Lib\site-packages\aiogram\client\session\aiohttp.py", line 182, in make_request
    raise TelegramNetworkError(method=method, message="Request timeout error")
aiogram.exceptions.TelegramNetworkError: HTTP Client says - Request timeout error
2025-09-24 13:45:45,641 | INFO | code-magnetism | Incoming update 822055371
2025-09-24 13:45:45,644 | INFO | code-magnetism | Message from 815370781 (@goldfinger_uk): 📄 Тексты экранов
2025-09-24 13:45:45,649 | INFO | code-magnetism | Incoming update 822055371
2025-09-24 13:45:45,651 | INFO | code-magnetism | Message from 815370781 (@goldfinger_uk): 📄 Тексты экранов
2025-09-24 13:45:46,500 | INFO | code-magnetism | Notification sent to admin 815370781
2025-09-24 13:45:46,833 | INFO | aiogram.event | Update id=822055371 is handled. Duration 1509 ms by bot id=8485537220
2025-09-24 13:45:46,834 | INFO | code-magnetism | Update 822055371 processed successfully
2025-09-24 13:45:46,845 | INFO | code-magnetism | Notification sent to admin 1648917869
2025-09-24 13:45:47,229 | INFO | aiogram.event | Update id=822055371 is handled. Duration 1582 ms by bot id=8485537220
2025-09-24 13:45:47,230 | INFO | code-magnetism | Update 822055371 processed successfully
2025-09-24 13:45:47,317 | INFO | aiogram.event | Update id=822055371 is handled. Duration 1663 ms by bot id=8485537220
2025-09-24 13:45:47,319 | INFO | code-magnetism | Update 822055371 processed successfully
2025-09-24 13:45:47,323 | INFO | uvicorn.access | 91.108.5.36:0 - "POST /telegram/webhook?secret=change_me HTTP/1.1" 200
2025-09-24 13:45:47,558 | INFO | code-magnetism | Incoming update 822055372
2025-09-24 13:45:47,559 | INFO | code-magnetism | Message from 815370781 (@goldfinger_uk): 📄 Тексты экранов
2025-09-24 13:45:47,865 | INFO | aiogram.event | Update id=822055372 is handled. Duration 300 ms by bot id=8485537220
2025-09-24 13:45:47,866 | INFO | code-magnetism | Update 822055372 processed successfully
2025-09-24 13:45:47,870 | INFO | uvicorn.access | 91.108.5.36:0 - "POST /telegram/webhook?secret=change_me HTTP/1.1" 200
2025-09-24 13:45:48,112 | INFO | code-magnetism | Incoming update 822055373
2025-09-24 13:45:48,113 | INFO | code-magnetism | Message from 815370781 (@goldfinger_uk): ➕ Добавить или обновить текст
2025-09-24 13:45:48,450 | INFO | aiogram.event | Update id=822055373 is handled. Duration 331 ms by bot id=8485537220
2025-09-24 13:45:48,451 | INFO | code-magnetism | Update 822055373 processed successfully
2025-09-24 13:45:48,455 | INFO | uvicorn.access | 91.108.5.36:0 - "POST /telegram/webhook?secret=change_me HTTP/1.1" 200
2025-09-24 13:45:48,691 | INFO | code-magnetism | Incoming update 822055374
2025-09-24 13:45:48,692 | INFO | code-magnetism | Message from 815370781 (@goldfinger_uk): 🔍 Посмотреть текст
2025-09-24 13:45:49,046 | INFO | aiogram.event | Update id=822055374 is handled. Duration 347 ms by bot id=8485537220
2025-09-24 13:45:49,047 | INFO | code-magnetism | Update 822055374 processed successfully
2025-09-24 13:45:49,051 | INFO | uvicorn.access | 91.108.5.36:0 - "POST /telegram/webhook?secret=change_me HTTP/1.1" 200
2025-09-24 13:45:49,288 | INFO | code-magnetism | Incoming update 822055375
2025-09-24 13:45:49,289 | INFO | code-magnetism | Message from 815370781 (@goldfinger_uk): ⬅️ В админку
2025-09-24 13:45:49,370 | ERROR | handlers | Failed to log admin action: invalid input for query argument $3: {'key': '⬅️ В админку', 'has_value': Fal... (expected str, got dict)
2025-09-24 13:45:49,682 | INFO | aiogram.event | Update id=822055375 is handled. Duration 387 ms by bot id=8485537220
2025-09-24 13:45:49,683 | INFO | code-magnetism | Update 822055375 processed successfully
2025-09-24 13:45:49,690 | INFO | uvicorn.access | 91.108.5.36:0 - "POST /telegram/webhook?secret=change_me HTTP/1.1" 200
2025-09-24 13:45:49,931 | INFO | code-magnetism | Incoming update 822055376
2025-09-24 13:45:49,932 | INFO | code-magnetism | Message from 815370781 (@goldfinger_uk): ⬅️ В главное меню
2025-09-24 13:45:50,224 | INFO | aiogram.event | Update id=822055376 is handled. Duration 284 ms by bot id=8485537220
2025-09-24 13:45:50,226 | INFO | code-magnetism | Update 822055376 processed successfully
2025-09-24 13:45:50,231 | INFO | uvicorn.access | 91.108.5.36:0 - "POST /telegram/webhook?secret=change_me HTTP/1.1" 200
2025-09-24 13:45:50,472 | INFO | code-magnetism | Incoming update 822055377
2025-09-24 13:45:50,473 | INFO | code-magnetism | Message from 815370781 (@goldfinger_uk): 🔍 Посмотреть текст
2025-09-24 13:45:50,792 | INFO | aiogram.event | Update id=822055377 is handled. Duration 313 ms by bot id=8485537220
2025-09-24 13:45:50,793 | INFO | code-magnetism | Update 822055377 processed successfully
2025-09-24 13:45:50,799 | INFO | uvicorn.access | 91.108.5.36:0 - "POST /telegram/webhook?secret=change_me HTTP/1.1" 200
2025-09-24 13:45:51,042 | INFO | code-magnetism | Incoming update 822055378
2025-09-24 13:45:51,043 | INFO | code-magnetism | Message from 815370781 (@goldfinger_uk): 📄 Тексты экранов
2025-09-24 13:45:51,480 | INFO | aiogram.event | Update id=822055378 is handled. Duration 432 ms by bot id=8485537220
2025-09-24 13:45:51,482 | INFO | code-magnetism | Update 822055378 processed successfully
2025-09-24 13:45:51,487 | INFO | uvicorn.access | 91.108.5.36:0 - "POST /telegram/webhook?secret=change_me HTTP/1.1" 200
2025-09-24 13:45:51,735 | INFO | code-magnetism | Incoming update 822055379
2025-09-24 13:45:51,736 | INFO | code-magnetism | Message from 815370781 (@goldfinger_uk): /start
2025-09-24 13:45:52,246 | INFO | aiogram.event | Update id=822055379 is handled. Duration 505 ms by bot id=8485537220
2025-09-24 13:45:52,248 | INFO | code-magnetism | Update 822055379 processed successfully
2025-09-24 13:45:52,254 | INFO | uvicorn.access | 91.108.5.36:0 - "POST /telegram/webhook?secret=change_me HTTP/1.1" 200
2025-09-24 13:45:52,493 | INFO | code-magnetism | Incoming update 822055380
2025-09-24 13:45:52,494 | INFO | code-magnetism | Message from 815370781 (@goldfinger_uk): ⬅️ В админку
2025-09-24 13:45:52,543 | ERROR | handlers | Failed to log admin action: invalid input for query argument $3: {'key': '⬅️ В админку', 'has_value': Fal... (expected str, got dict)
2025-09-24 13:45:52,812 | INFO | aiogram.event | Update id=822055380 is handled. Duration 312 ms by bot id=8485537220
2025-09-24 13:45:52,813 | INFO | code-magnetism | Update 822055380 processed successfully
2025-09-24 13:45:52,818 | INFO | uvicorn.access | 91.108.5.36:0 - "POST /telegram/webhook?secret=change_me HTTP/1.1" 200
2025-09-24 13:45:53,062 | INFO | code-magnetism | Incoming update 822055381
2025-09-24 13:45:53,063 | INFO | code-magnetism | Message from 815370781 (@goldfinger_uk): ➕ Добавить или обновить текст
2025-09-24 13:45:53,355 | INFO | aiogram.event | Update id=822055381 is handled. Duration 286 ms by bot id=8485537220
2025-09-24 13:45:53,356 | INFO | code-magnetism | Update 822055381 processed successfully
2025-09-24 13:45:53,361 | INFO | uvicorn.access | 91.108.5.36:0 - "POST /telegram/webhook?secret=change_me HTTP/1.1" 200
2025-09-24 13:45:53,602 | INFO | code-magnetism | Incoming update 822055382
2025-09-24 13:45:53,607 | INFO | code-magnetism | Message from 815370781 (@goldfinger_uk): ⬅️ В главное меню
2025-09-24 13:45:54,094 | INFO | aiogram.event | Update id=822055382 is handled. Duration 483 ms by bot id=8485537220
2025-09-24 13:45:54,096 | INFO | code-magnetism | Update 822055382 processed successfully
2025-09-24 13:45:54,102 | INFO | uvicorn.access | 91.108.5.36:0 - "POST /telegram/webhook?secret=change_me HTTP/1.1" 200
2025-09-24 13:46:34,423 | INFO | code-magnetism | Incoming update 822055383
2025-09-24 13:46:34,424 | INFO | code-magnetism | Message from 815370781 (@goldfinger_uk): ⚙️ Админка
2025-09-24 13:46:35,110 | INFO | aiogram.event | Update id=822055383 is handled. Duration 684 ms by bot id=8485537220
2025-09-24 13:46:35,111 | INFO | code-magnetism | Update 822055383 processed successfully
2025-09-24 13:46:35,112 | INFO | uvicorn.access | 91.108.5.36:0 - "POST /telegram/webhook?secret=change_me HTTP/1.1" 200
2025-09-24 13:46:39,469 | INFO | code-magnetism | Incoming update 822055384
2025-09-24 13:46:39,470 | INFO | code-magnetism | Message from 815370781 (@goldfinger_uk): 🧾 Контент и тексты
2025-09-24 13:46:39,775 | INFO | aiogram.event | Update id=822055384 is handled. Duration 302 ms by bot id=8485537220
2025-09-24 13:46:39,776 | INFO | code-magnetism | Update 822055384 processed successfully
2025-09-24 13:46:39,777 | INFO | uvicorn.access | 91.108.5.36:0 - "POST /telegram/webhook?secret=change_me HTTP/1.1" 200
2025-09-24 13:46:41,300 | INFO | code-magnetism | Incoming update 822055385
2025-09-24 13:46:41,301 | INFO | code-magnetism | Message from 815370781 (@goldfinger_uk): 📄 Тексты экранов
2025-09-24 13:46:41,615 | INFO | aiogram.event | Update id=822055385 is handled. Duration 312 ms by bot id=8485537220
2025-09-24 13:46:41,616 | INFO | code-magnetism | Update 822055385 processed successfully
2025-09-24 13:46:41,617 | INFO | uvicorn.access | 91.108.5.36:0 - "POST /telegram/webhook?secret=change_me HTTP/1.1" 200
2025-09-24 13:46:45,520 | INFO | code-magnetism | Incoming update 822055386
2025-09-24 13:46:45,521 | INFO | code-magnetism | Message from 815370781 (@goldfinger_uk): ➕ Добавить или обновить текст
2025-09-24 13:46:45,801 | INFO | aiogram.event | Update id=822055386 is handled. Duration 274 ms by bot id=8485537220
2025-09-24 13:46:45,802 | INFO | code-magnetism | Update 822055386 processed successfully
2025-09-24 13:46:45,807 | INFO | uvicorn.access | 91.108.5.36:0 - "POST /telegram/webhook?secret=change_me HTTP/1.1" 200
2025-09-24 13:46:48,014 | INFO | code-magnetism | Incoming update 822055387
2025-09-24 13:46:48,015 | INFO | code-magnetism | Message from 815370781 (@goldfinger_uk): Отмена
2025-09-24 13:46:48,300 | INFO | aiogram.event | Update id=822055387 is handled. Duration 277 ms by bot id=8485537220
2025-09-24 13:46:48,301 | INFO | code-magnetism | Update 822055387 processed successfully
2025-09-24 13:46:48,306 | INFO | uvicorn.access | 91.108.5.36:0 - "POST /telegram/webhook?secret=change_me HTTP/1.1" 200
2025-09-24 13:46:50,572 | INFO | code-magnetism | Incoming update 822055388
2025-09-24 13:46:50,573 | INFO | code-magnetism | Message from 815370781 (@goldfinger_uk): 🔍 Посмотреть текст
2025-09-24 13:46:50,984 | INFO | aiogram.event | Update id=822055388 is handled. Duration 405 ms by bot id=8485537220
2025-09-24 13:46:50,986 | INFO | code-magnetism | Update 822055388 processed successfully
2025-09-24 13:46:50,990 | INFO | uvicorn.access | 91.108.5.36:0 - "POST /telegram/webhook?secret=change_me HTTP/1.1" 200
2025-09-24 13:46:52,836 | INFO | code-magnetism | Incoming update 822055389
2025-09-24 13:46:52,838 | INFO | code-magnetism | Message from 815370781 (@goldfinger_uk): settings.payments_open
2025-09-24 13:46:52,887 | ERROR | handlers | Failed to log admin action: invalid input for query argument $3: {'key': 'settings.payments_open', 'has_v... (expected str, got dict)
2025-09-24 13:46:53,130 | INFO | aiogram.event | Update id=822055389 is handled. Duration 285 ms by bot id=8485537220
2025-09-24 13:46:53,131 | INFO | code-magnetism | Update 822055389 processed successfully
2025-09-24 13:46:53,136 | INFO | uvicorn.access | 91.108.5.36:0 - "POST /telegram/webhook?secret=change_me HTTP/1.1" 200
2025-09-24 13:47:05,088 | INFO | code-magnetism | Incoming update 822055390
2025-09-24 13:47:05,089 | INFO | code-magnetism | Message from 815370781 (@goldfinger_uk): Test
2025-09-24 13:47:05,435 | INFO | aiogram.event | Update id=822055390 is handled. Duration 340 ms by bot id=8485537220
2025-09-24 13:47:05,436 | INFO | code-magnetism | Update 822055390 processed successfully
2025-09-24 13:47:05,443 | INFO | uvicorn.access | 91.108.5.36:0 - "POST /telegram/webhook?secret=change_me HTTP/1.1" 200
2025-09-24 13:47:08,703 | INFO | code-magnetism | Incoming update 822055391
2025-09-24 13:47:08,704 | INFO | code-magnetism | Message from 815370781 (@goldfinger_uk): /start
2025-09-24 13:47:09,658 | INFO | aiogram.event | Update id=822055391 is handled. Duration 947 ms by bot id=8485537220
2025-09-24 13:47:09,659 | INFO | code-magnetism | Update 822055391 processed successfully
2025-09-24 13:47:09,665 | INFO | uvicorn.access | 91.108.5.36:0 - "POST /telegram/webhook?secret=change_me HTTP/1.1" 200
2025-09-24 13:47:12,707 | INFO | code-magnetism | Incoming update 822055392
2025-09-24 13:47:12,708 | INFO | code-magnetism | Message from 815370781 (@goldfinger_uk): 💳 Оплата
2025-09-24 13:47:13,028 | INFO | aiogram.event | Update id=822055392 is handled. Duration 315 ms by bot id=8485537220
2025-09-24 13:47:13,034 | INFO | code-magnetism | Update 822055392 processed successfully
2025-09-24 13:47:13,037 | INFO | uvicorn.access | 91.108.5.36:0 - "POST /telegram/webhook?secret=change_me HTTP/1.1" 200
2025-09-24 13:47:19,337 | INFO | code-magnetism | Incoming update 822055393
2025-09-24 13:47:19,338 | INFO | code-magnetism | Message from 815370781 (@goldfinger_uk): ⚙️ Админка
2025-09-24 13:47:19,646 | INFO | aiogram.event | Update id=822055393 is handled. Duration 303 ms by bot id=8485537220
2025-09-24 13:47:19,648 | INFO | code-magnetism | Update 822055393 processed successfully
2025-09-24 13:47:19,654 | INFO | uvicorn.access | 91.108.5.36:0 - "POST /telegram/webhook?secret=change_me HTTP/1.1" 200
2025-09-24 13:47:20,931 | INFO | code-magnetism | Incoming update 822055394
2025-09-24 13:47:20,932 | INFO | code-magnetism | Message from 815370781 (@goldfinger_uk): 🎛 Логика бота
2025-09-24 13:47:21,193 | INFO | aiogram.event | Update id=822055394 is handled. Duration 255 ms by bot id=8485537220
2025-09-24 13:47:21,194 | INFO | code-magnetism | Update 822055394 processed successfully
2025-09-24 13:47:21,198 | INFO | uvicorn.access | 91.108.5.36:0 - "POST /telegram/webhook?secret=change_me HTTP/1.1" 200
2025-09-24 13:47:25,163 | INFO | code-magnetism | Incoming update 822055395
2025-09-24 13:47:25,164 | INFO | code-magnetism | Message from 815370781 (@goldfinger_uk): 🚀 Шаги онбординга
2025-09-24 13:47:25,653 | INFO | aiogram.event | Update id=822055395 is handled. Duration 482 ms by bot id=8485537220
2025-09-24 13:47:25,654 | INFO | code-magnetism | Update 822055395 processed successfully
2025-09-24 13:47:25,661 | INFO | uvicorn.access | 91.108.5.36:0 - "POST /telegram/webhook?secret=change_me HTTP/1.1" 200
2025-09-24 13:47:31,261 | INFO | code-magnetism | Incoming update 822055396
2025-09-24 13:47:31,262 | INFO | code-magnetism | Message from 815370781 (@goldfinger_uk): ⬅️ К логике бота
2025-09-24 13:47:31,535 | INFO | aiogram.event | Update id=822055396 is handled. Duration 267 ms by bot id=8485537220
2025-09-24 13:47:31,536 | INFO | code-magnetism | Update 822055396 processed successfully
2025-09-24 13:47:31,541 | INFO | uvicorn.access | 91.108.5.36:0 - "POST /telegram/webhook?secret=change_me HTTP/1.1" 200
2025-09-24 13:47:33,100 | INFO | code-magnetism | Incoming update 822055397
2025-09-24 13:47:33,102 | INFO | code-magnetism | Message from 815370781 (@goldfinger_uk): ⬅️ В главное меню
2025-09-24 13:47:33,574 | INFO | aiogram.event | Update id=822055397 is handled. Duration 464 ms by bot id=8485537220
2025-09-24 13:47:33,575 | INFO | code-magnetism | Update 822055397 processed successfully
2025-09-24 13:47:33,580 | INFO | uvicorn.access | 91.108.5.36:0 - "POST /telegram/webhook?secret=change_me HTTP/1.1" 200
2025-09-24 13:47:39,146 | INFO | code-magnetism | Incoming update 822055398
2025-09-24 13:47:39,149 | INFO | code-magnetism | Message from 815370781 (@goldfinger_uk): ⚙️ Админка
2025-09-24 13:47:39,514 | INFO | aiogram.event | Update id=822055398 is handled. Duration 360 ms by bot id=8485537220
2025-09-24 13:47:39,515 | INFO | code-magnetism | Update 822055398 processed successfully
2025-09-24 13:47:39,520 | INFO | uvicorn.access | 91.108.5.36:0 - "POST /telegram/webhook?secret=change_me HTTP/1.1" 200
2025-09-24 13:47:41,343 | INFO | code-magnetism | Incoming update 822055399
2025-09-24 13:47:41,345 | INFO | code-magnetism | Message from 815370781 (@goldfinger_uk): 🧾 Контент и тексты
2025-09-24 13:47:41,739 | INFO | aiogram.event | Update id=822055399 is handled. Duration 389 ms by bot id=8485537220
2025-09-24 13:47:41,741 | INFO | code-magnetism | Update 822055399 processed successfully
2025-09-24 13:47:41,746 | INFO | uvicorn.access | 91.108.5.36:0 - "POST /telegram/webhook?secret=change_me HTTP/1.1" 200
2025-09-24 13:47:43,612 | INFO | code-magnetism | Incoming update 822055400
2025-09-24 13:47:43,613 | INFO | code-magnetism | Message from 815370781 (@goldfinger_uk): 📄 Тексты экранов
2025-09-24 13:47:43,932 | INFO | aiogram.event | Update id=822055400 is handled. Duration 313 ms by bot id=8485537220
2025-09-24 13:47:43,933 | INFO | code-magnetism | Update 822055400 processed successfully
2025-09-24 13:47:43,937 | INFO | uvicorn.access | 91.108.5.36:0 - "POST /telegram/webhook?secret=change_me HTTP/1.1" 200
2025-09-24 13:47:47,240 | INFO | code-magnetism | Incoming update 822055401
2025-09-24 13:47:47,241 | INFO | code-magnetism | Message from 815370781 (@goldfinger_uk): ➕ Добавить или обновить текст
2025-09-24 13:47:47,572 | INFO | aiogram.event | Update id=822055401 is handled. Duration 325 ms by bot id=8485537220
2025-09-24 13:47:47,574 | INFO | code-magnetism | Update 822055401 processed successfully
2025-09-24 13:47:47,579 | INFO | uvicorn.access | 91.108.5.36:0 - "POST /telegram/webhook?secret=change_me HTTP/1.1" 200
2025-09-24 13:47:49,343 | INFO | code-magnetism | Incoming update 822055402
2025-09-24 13:47:49,344 | INFO | code-magnetism | Message from 815370781 (@goldfinger_uk): settings.payments_open
2025-09-24 13:47:49,684 | INFO | aiogram.event | Update id=822055402 is handled. Duration 335 ms by bot id=8485537220
2025-09-24 13:47:49,685 | INFO | code-magnetism | Update 822055402 processed successfully
2025-09-24 13:47:49,690 | INFO | uvicorn.access | 91.108.5.36:0 - "POST /telegram/webhook?secret=change_me HTTP/1.1" 200
2025-09-24 13:50:47,028 | INFO | uvicorn.error | Shutting down
2025-09-24 13:50:47,142 | INFO | uvicorn.error | Waiting for application shutdown.
2025-09-24 13:50:47,144 | INFO | code-magnetism | Shutdown: останавливаем планировщик/закрываем БД...
2025-09-24 13:50:47,149 | INFO | scheduler | APScheduler shut down
2025-09-24 13:50:47,150 | INFO | code-magnetism | Scheduler stopped successfully
2025-09-24 13:50:47,153 | INFO | apscheduler.scheduler | Scheduler has been shut down
2025-09-24 13:50:47,203 | INFO | db | PostgreSQL pool closed
2025-09-24 13:50:47,204 | INFO | code-magnetism | Database closed successfully
2025-09-24 13:50:47,208 | INFO | code-magnetism | Shutdown завершён.
2025-09-24 13:50:47,211 | INFO | uvicorn.error | Application shutdown complete.
2025-09-24 13:50:47,212 | INFO | uvicorn.error | Finished server process [736]
2025-09-24 14:19:42,361 | INFO | code-magnetism | Routers attached: ['main-router']
2025-09-24 14:19:42,686 | INFO | uvicorn.error | Started server process [2436]
2025-09-24 14:19:42,687 | INFO | uvicorn.error | Waiting for application startup.
2025-09-24 14:19:42,688 | INFO | code-magnetism | Startup: инициализация БД/планировщика/вебхука...
2025-09-24 14:19:42,689 | INFO | db | Connecting PostgreSQL: postgresql://magnet:***@localhost:5432/magnetism
2025-09-24 14:19:43,160 | INFO | db | PostgreSQL pool created
2025-09-24 14:19:43,162 | INFO | db | Applying schema from: C:\Users\Tim\source\repos\cambly-work\telegram-botCM\schema.sql
2025-09-24 14:19:43,278 | INFO | db | Schema applied successfully.
2025-09-24 14:19:43,279 | INFO | db | Schema applied from C:\Users\Tim\source\repos\cambly-work\telegram-botCM\schema.sql
2025-09-24 14:19:43,280 | INFO | code-magnetism | Database initialized successfully
2025-09-24 14:19:43,296 | INFO | apscheduler.scheduler | Adding job tentatively -- it will be properly scheduled when the scheduler starts
2025-09-24 14:19:43,298 | INFO | apscheduler.scheduler | Adding job tentatively -- it will be properly scheduled when the scheduler starts
2025-09-24 14:19:43,300 | INFO | apscheduler.scheduler | Adding job tentatively -- it will be properly scheduled when the scheduler starts
2025-09-24 14:19:43,305 | INFO | apscheduler.scheduler | Added job "job_daily_lessons" to job store "default"
2025-09-24 14:19:43,310 | INFO | apscheduler.scheduler | Added job "job_soft_reminders" to job store "default"
2025-09-24 14:19:43,312 | INFO | apscheduler.scheduler | Added job "job_access_expiry_reminders" to job store "default"
2025-09-24 14:19:43,313 | INFO | apscheduler.scheduler | Scheduler started
2025-09-24 14:19:43,316 | INFO | scheduler | APScheduler started with timezone=Europe/Moscow; lessons at 10:00
2025-09-24 14:19:43,317 | INFO | code-magnetism | Scheduler initialized successfully
2025-09-24 14:19:43,319 | INFO | code-magnetism | Setting Telegram webhook to: https://5ef43a4597d2.ngrok-free.app/telegram/webhook?secret=change_me
2025-09-24 14:19:43,987 | INFO | code-magnetism | Old webhook deleted
2025-09-24 14:19:44,195 | INFO | code-magnetism | Telegram webhook установлен: https://5ef43a4597d2.ngrok-free.app/telegram/webhook?secret=change_me
2025-09-24 14:19:44,196 | INFO | code-magnetism | Startup завершён.
2025-09-24 14:19:44,201 | INFO | uvicorn.error | Application startup complete.
2025-09-24 14:19:44,204 | INFO | uvicorn.error | Uvicorn running on http://0.0.0.0:8000 (Press CTRL+C to quit)
2025-09-24 14:20:23,902 | INFO | code-magnetism | Incoming update 822055403
2025-09-24 14:20:23,903 | INFO | code-magnetism | Message from 815370781 (@goldfinger_uk): Отмена
2025-09-24 14:20:23,934 | INFO | aiogram.event | Update id=822055403 is handled. Duration 25 ms by bot id=8485537220
2025-09-24 14:20:23,935 | INFO | code-magnetism | Update 822055403 processed successfully
2025-09-24 14:20:23,938 | INFO | uvicorn.access | 91.108.5.36:0 - "POST /telegram/webhook?secret=change_me HTTP/1.1" 200
2025-09-24 14:20:30,282 | INFO | code-magnetism | Incoming update 822055404
2025-09-24 14:20:30,283 | INFO | code-magnetism | Message from 815370781 (@goldfinger_uk): Отмена
2025-09-24 14:20:30,315 | INFO | aiogram.event | Update id=822055404 is handled. Duration 24 ms by bot id=8485537220
2025-09-24 14:20:30,316 | INFO | code-magnetism | Update 822055404 processed successfully
2025-09-24 14:20:30,318 | INFO | uvicorn.access | 91.108.5.36:0 - "POST /telegram/webhook?secret=change_me HTTP/1.1" 200
2025-09-24 14:20:33,230 | INFO | code-magnetism | Incoming update 822055405
2025-09-24 14:20:33,231 | INFO | code-magnetism | Message from 815370781 (@goldfinger_uk): /start
2025-09-24 14:20:34,126 | INFO | aiogram.event | Update id=822055405 is handled. Duration 888 ms by bot id=8485537220
2025-09-24 14:20:34,128 | INFO | code-magnetism | Update 822055405 processed successfully
2025-09-24 14:20:34,132 | INFO | uvicorn.access | 91.108.5.36:0 - "POST /telegram/webhook?secret=change_me HTTP/1.1" 200
2025-09-24 14:20:36,084 | INFO | code-magnetism | Incoming update 822055406
2025-09-24 14:20:36,085 | INFO | code-magnetism | Message from 815370781 (@goldfinger_uk): ℹ️ О клубе
2025-09-24 14:20:36,373 | INFO | aiogram.event | Update id=822055406 is handled. Duration 282 ms by bot id=8485537220
2025-09-24 14:20:36,374 | INFO | code-magnetism | Update 822055406 processed successfully
2025-09-24 14:20:36,379 | INFO | uvicorn.access | 91.108.5.36:0 - "POST /telegram/webhook?secret=change_me HTTP/1.1" 200
2025-09-24 14:20:38,311 | INFO | code-magnetism | Incoming update 822055407
2025-09-24 14:20:38,312 | INFO | code-magnetism | Message from 815370781 (@goldfinger_uk): О клубе
2025-09-24 14:20:38,571 | INFO | aiogram.event | Update id=822055407 is handled. Duration 253 ms by bot id=8485537220
2025-09-24 14:20:38,572 | INFO | code-magnetism | Update 822055407 processed successfully
2025-09-24 14:20:38,577 | INFO | uvicorn.access | 91.108.5.36:0 - "POST /telegram/webhook?secret=change_me HTTP/1.1" 200
2025-09-24 14:20:40,892 | INFO | code-magnetism | Incoming update 822055408
2025-09-24 14:20:40,894 | INFO | code-magnetism | Message from 815370781 (@goldfinger_uk): FAQ
2025-09-24 14:20:41,262 | INFO | aiogram.event | Update id=822055408 is handled. Duration 362 ms by bot id=8485537220
2025-09-24 14:20:41,263 | INFO | code-magnetism | Update 822055408 processed successfully
2025-09-24 14:20:41,269 | INFO | uvicorn.access | 91.108.5.36:0 - "POST /telegram/webhook?secret=change_me HTTP/1.1" 200
2025-09-24 14:20:43,398 | INFO | code-magnetism | Incoming update 822055409
2025-09-24 14:20:43,399 | INFO | code-magnetism | Message from 815370781 (@goldfinger_uk): Правила
2025-09-24 14:20:43,709 | INFO | aiogram.event | Update id=822055409 is handled. Duration 305 ms by bot id=8485537220
2025-09-24 14:20:43,710 | INFO | code-magnetism | Update 822055409 processed successfully
2025-09-24 14:20:43,715 | INFO | uvicorn.access | 91.108.5.36:0 - "POST /telegram/webhook?secret=change_me HTTP/1.1" 200
2025-09-24 14:20:46,629 | INFO | code-magnetism | Incoming update 822055410
2025-09-24 14:20:46,630 | INFO | code-magnetism | Message from 815370781 (@goldfinger_uk): ⬅️ В главное меню
2025-09-24 14:20:47,022 | INFO | aiogram.event | Update id=822055410 is handled. Duration 381 ms by bot id=8485537220
2025-09-24 14:20:47,023 | INFO | code-magnetism | Update 822055410 processed successfully
2025-09-24 14:20:47,029 | INFO | uvicorn.access | 91.108.5.36:0 - "POST /telegram/webhook?secret=change_me HTTP/1.1" 200
2025-09-24 14:20:48,510 | INFO | code-magnetism | Incoming update 822055411
2025-09-24 14:20:48,511 | INFO | code-magnetism | Message from 815370781 (@goldfinger_uk): 🎓 Обучение
2025-09-24 14:20:48,768 | INFO | aiogram.event | Update id=822055411 is handled. Duration 249 ms by bot id=8485537220
2025-09-24 14:20:48,769 | INFO | code-magnetism | Update 822055411 processed successfully
2025-09-24 14:20:48,775 | INFO | uvicorn.access | 91.108.5.36:0 - "POST /telegram/webhook?secret=change_me HTTP/1.1" 200
2025-09-24 14:20:53,212 | INFO | code-magnetism | Incoming update 822055412
2025-09-24 14:20:53,213 | INFO | code-magnetism | Message from 815370781 (@goldfinger_uk): Записаться на разбор
2025-09-24 14:20:53,564 | INFO | aiogram.event | Update id=822055412 is handled. Duration 344 ms by bot id=8485537220
2025-09-24 14:20:53,566 | INFO | code-magnetism | Update 822055412 processed successfully
2025-09-24 14:20:53,570 | INFO | uvicorn.access | 91.108.5.36:0 - "POST /telegram/webhook?secret=change_me HTTP/1.1" 200
2025-09-24 14:20:55,351 | INFO | code-magnetism | Incoming update 822055413
2025-09-24 14:20:55,352 | INFO | code-magnetism | Message from 815370781 (@goldfinger_uk): Бесплатные уроки
2025-09-24 14:20:55,621 | INFO | aiogram.event | Update id=822055413 is handled. Duration 261 ms by bot id=8485537220
2025-09-24 14:20:55,623 | INFO | code-magnetism | Update 822055413 processed successfully
2025-09-24 14:20:55,627 | INFO | uvicorn.access | 91.108.5.36:0 - "POST /telegram/webhook?secret=change_me HTTP/1.1" 200
2025-09-24 14:20:57,236 | INFO | code-magnetism | Incoming update 822055414
2025-09-24 14:20:57,237 | INFO | code-magnetism | Message from 815370781 (@goldfinger_uk): Мой прогресс
2025-09-24 14:20:57,538 | INFO | aiogram.event | Update id=822055414 is handled. Duration 295 ms by bot id=8485537220
2025-09-24 14:20:57,539 | INFO | code-magnetism | Update 822055414 processed successfully
2025-09-24 14:20:57,543 | INFO | uvicorn.access | 91.108.5.36:0 - "POST /telegram/webhook?secret=change_me HTTP/1.1" 200
2025-09-24 14:21:00,794 | INFO | code-magnetism | Incoming update 822055415
2025-09-24 14:21:00,795 | INFO | code-magnetism | Message from 815370781 (@goldfinger_uk): Пройти тест
2025-09-24 14:21:01,103 | INFO | aiogram.event | Update id=822055415 is handled. Duration 301 ms by bot id=8485537220
2025-09-24 14:21:01,104 | INFO | code-magnetism | Update 822055415 processed successfully
2025-09-24 14:21:01,109 | INFO | uvicorn.access | 91.108.5.36:0 - "POST /telegram/webhook?secret=change_me HTTP/1.1" 200
2025-09-24 14:21:03,239 | INFO | code-magnetism | Incoming update 822055416
2025-09-24 14:21:03,240 | INFO | code-magnetism | Message from 815370781 (@goldfinger_uk): ⬅️ В главное меню
2025-09-24 14:21:03,690 | INFO | aiogram.event | Update id=822055416 is handled. Duration 445 ms by bot id=8485537220
2025-09-24 14:21:03,692 | INFO | code-magnetism | Update 822055416 processed successfully
2025-09-24 14:21:03,697 | INFO | uvicorn.access | 91.108.5.36:0 - "POST /telegram/webhook?secret=change_me HTTP/1.1" 200
2025-09-24 14:21:06,715 | INFO | code-magnetism | Incoming update 822055417
2025-09-24 14:21:06,716 | INFO | code-magnetism | Message from 815370781 (@goldfinger_uk): 📦 Материалы
2025-09-24 14:21:07,031 | INFO | aiogram.event | Update id=822055417 is handled. Duration 282 ms by bot id=8485537220
2025-09-24 14:21:07,032 | INFO | code-magnetism | Update 822055417 processed successfully
2025-09-24 14:21:07,037 | INFO | uvicorn.access | 91.108.5.36:0 - "POST /telegram/webhook?secret=change_me HTTP/1.1" 200
2025-09-24 14:21:09,696 | INFO | code-magnetism | Incoming update 822055418
2025-09-24 14:21:09,697 | INFO | code-magnetism | Message from 815370781 (@goldfinger_uk): Материалы недели
2025-09-24 14:21:10,073 | INFO | aiogram.event | Update id=822055418 is handled. Duration 367 ms by bot id=8485537220
2025-09-24 14:21:10,074 | INFO | code-magnetism | Update 822055418 processed successfully
2025-09-24 14:21:10,080 | INFO | uvicorn.access | 91.108.5.36:0 - "POST /telegram/webhook?secret=change_me HTTP/1.1" 200
2025-09-24 14:21:11,765 | INFO | code-magnetism | Incoming update 822055419
2025-09-24 14:21:11,766 | INFO | code-magnetism | Message from 815370781 (@goldfinger_uk): Расписание
2025-09-24 14:21:12,026 | INFO | aiogram.event | Update id=822055419 is handled. Duration 255 ms by bot id=8485537220
2025-09-24 14:21:12,028 | INFO | code-magnetism | Update 822055419 processed successfully
2025-09-24 14:21:12,032 | INFO | uvicorn.access | 91.108.5.36:0 - "POST /telegram/webhook?secret=change_me HTTP/1.1" 200
2025-09-24 14:21:13,562 | INFO | code-magnetism | Incoming update 822055420
2025-09-24 14:21:13,563 | INFO | code-magnetism | Message from 815370781 (@goldfinger_uk): ⬅️ В главное меню
2025-09-24 14:21:13,898 | INFO | aiogram.event | Update id=822055420 is handled. Duration 328 ms by bot id=8485537220
2025-09-24 14:21:13,900 | INFO | code-magnetism | Update 822055420 processed successfully
2025-09-24 14:21:13,905 | INFO | uvicorn.access | 91.108.5.36:0 - "POST /telegram/webhook?secret=change_me HTTP/1.1" 200
2025-09-24 14:21:16,836 | INFO | code-magnetism | Incoming update 822055421
2025-09-24 14:21:16,837 | INFO | code-magnetism | Message from 815370781 (@goldfinger_uk): 👤 Профиль
2025-09-24 14:21:17,120 | INFO | aiogram.event | Update id=822055421 is handled. Duration 275 ms by bot id=8485537220
2025-09-24 14:21:17,121 | INFO | code-magnetism | Update 822055421 processed successfully
2025-09-24 14:21:17,125 | INFO | uvicorn.access | 91.108.5.36:0 - "POST /telegram/webhook?secret=change_me HTTP/1.1" 200
2025-09-24 14:21:19,332 | INFO | code-magnetism | Incoming update 822055422
2025-09-24 14:21:19,333 | INFO | code-magnetism | Message from 815370781 (@goldfinger_uk): Мой профиль
2025-09-24 14:21:19,642 | INFO | aiogram.event | Update id=822055422 is handled. Duration 303 ms by bot id=8485537220
2025-09-24 14:21:19,644 | INFO | code-magnetism | Update 822055422 processed successfully
2025-09-24 14:21:19,648 | INFO | uvicorn.access | 91.108.5.36:0 - "POST /telegram/webhook?secret=change_me HTTP/1.1" 200
2025-09-24 14:21:24,053 | INFO | code-magnetism | Incoming update 822055423
2025-09-24 14:21:24,054 | INFO | code-magnetism | Message from 815370781 (@goldfinger_uk): ⬅️ В главное меню
2025-09-24 14:21:24,302 | INFO | aiogram.event | Update id=822055423 is handled. Duration 241 ms by bot id=8485537220
2025-09-24 14:21:24,304 | INFO | code-magnetism | Update 822055423 processed successfully
2025-09-24 14:21:24,308 | INFO | uvicorn.access | 91.108.5.36:0 - "POST /telegram/webhook?secret=change_me HTTP/1.1" 200
2025-09-24 14:21:28,144 | INFO | code-magnetism | Incoming update 822055424
2025-09-24 14:21:28,145 | INFO | code-magnetism | Message from 815370781 (@goldfinger_uk): 💳 Оплата
2025-09-24 14:21:28,512 | INFO | aiogram.event | Update id=822055424 is handled. Duration 360 ms by bot id=8485537220
2025-09-24 14:21:28,513 | INFO | code-magnetism | Update 822055424 processed successfully
2025-09-24 14:21:28,517 | INFO | uvicorn.access | 91.108.5.36:0 - "POST /telegram/webhook?secret=change_me HTTP/1.1" 200
2025-09-24 14:21:31,958 | INFO | code-magnetism | Incoming update 822055425
2025-09-24 14:21:31,959 | INFO | code-magnetism | Message from 815370781 (@goldfinger_uk): 🆘 Поддержка
2025-09-24 14:21:32,259 | INFO | aiogram.event | Update id=822055425 is handled. Duration 294 ms by bot id=8485537220
2025-09-24 14:21:32,260 | INFO | code-magnetism | Update 822055425 processed successfully
2025-09-24 14:21:32,264 | INFO | uvicorn.access | 91.108.5.36:0 - "POST /telegram/webhook?secret=change_me HTTP/1.1" 200
2025-09-24 14:21:34,451 | INFO | code-magnetism | Incoming update 822055426
2025-09-24 14:21:34,452 | INFO | code-magnetism | Message from 815370781 (@goldfinger_uk): ⚙️ Админка
2025-09-24 14:21:34,844 | INFO | aiogram.event | Update id=822055426 is handled. Duration 386 ms by bot id=8485537220
2025-09-24 14:21:34,845 | INFO | code-magnetism | Update 822055426 processed successfully
2025-09-24 14:21:34,851 | INFO | uvicorn.access | 91.108.5.36:0 - "POST /telegram/webhook?secret=change_me HTTP/1.1" 200
2025-09-24 14:21:38,049 | INFO | code-magnetism | Incoming update 822055427
2025-09-24 14:21:38,050 | INFO | code-magnetism | Message from 815370781 (@goldfinger_uk): 📊 Статистика
2025-09-24 14:21:38,376 | INFO | aiogram.event | Update id=822055427 is handled. Duration 317 ms by bot id=8485537220
2025-09-24 14:21:38,377 | INFO | code-magnetism | Update 822055427 processed successfully
2025-09-24 14:21:38,385 | INFO | uvicorn.access | 91.108.5.36:0 - "POST /telegram/webhook?secret=change_me HTTP/1.1" 200
2025-09-24 14:21:41,749 | INFO | code-magnetism | Incoming update 822055428
2025-09-24 14:21:41,751 | INFO | code-magnetism | Message from 815370781 (@goldfinger_uk): 👥 Пользователи
2025-09-24 14:21:42,176 | INFO | aiogram.event | Update id=822055428 is handled. Duration 420 ms by bot id=8485537220
2025-09-24 14:21:42,177 | INFO | code-magnetism | Update 822055428 processed successfully
2025-09-24 14:21:42,182 | INFO | uvicorn.access | 91.108.5.36:0 - "POST /telegram/webhook?secret=change_me HTTP/1.1" 200
2025-09-24 14:21:51,899 | INFO | code-magnetism | Incoming update 822055429
2025-09-24 14:21:51,900 | INFO | code-magnetism | Message from 815370781 (@goldfinger_uk): 📢 Рассылка
2025-09-24 14:21:52,175 | INFO | aiogram.event | Update id=822055429 is handled. Duration 269 ms by bot id=8485537220
2025-09-24 14:21:52,176 | INFO | code-magnetism | Update 822055429 processed successfully
2025-09-24 14:21:52,180 | INFO | uvicorn.access | 91.108.5.36:0 - "POST /telegram/webhook?secret=change_me HTTP/1.1" 200
2025-09-24 14:21:56,183 | INFO | code-magnetism | Incoming update 822055430
2025-09-24 14:21:56,184 | INFO | code-magnetism | Message from 815370781 (@goldfinger_uk): ⬅️ В админку
2025-09-24 14:21:56,574 | INFO | aiogram.event | Update id=822055430 is handled. Duration 385 ms by bot id=8485537220
2025-09-24 14:21:56,576 | INFO | code-magnetism | Update 822055430 processed successfully
2025-09-24 14:21:56,582 | INFO | uvicorn.access | 91.108.5.36:0 - "POST /telegram/webhook?secret=change_me HTTP/1.1" 200
2025-09-24 14:21:59,341 | INFO | code-magnetism | Incoming update 822055431
2025-09-24 14:21:59,342 | INFO | code-magnetism | Message from 815370781 (@goldfinger_uk): 🛠️ Диагностика
2025-09-24 14:21:59,632 | INFO | aiogram.event | Update id=822055431 is handled. Duration 285 ms by bot id=8485537220
2025-09-24 14:21:59,634 | INFO | code-magnetism | Update 822055431 processed successfully
2025-09-24 14:21:59,638 | INFO | uvicorn.access | 91.108.5.36:0 - "POST /telegram/webhook?secret=change_me HTTP/1.1" 200
2025-09-24 14:22:02,756 | INFO | code-magnetism | Incoming update 822055432
2025-09-24 14:22:02,757 | INFO | code-magnetism | Message from 815370781 (@goldfinger_uk): 📊 Статистика
2025-09-24 14:22:03,094 | INFO | aiogram.event | Update id=822055432 is handled. Duration 329 ms by bot id=8485537220
2025-09-24 14:22:03,095 | INFO | code-magnetism | Update 822055432 processed successfully
2025-09-24 14:22:03,100 | INFO | uvicorn.access | 91.108.5.36:0 - "POST /telegram/webhook?secret=change_me HTTP/1.1" 200
2025-09-24 14:22:05,344 | INFO | code-magnetism | Incoming update 822055433
2025-09-24 14:22:05,345 | INFO | code-magnetism | Message from 815370781 (@goldfinger_uk): ⚙️ Настройки
2025-09-24 14:22:05,627 | INFO | aiogram.event | Update id=822055433 is handled. Duration 276 ms by bot id=8485537220
2025-09-24 14:22:05,628 | INFO | code-magnetism | Update 822055433 processed successfully
2025-09-24 14:22:05,632 | INFO | uvicorn.access | 91.108.5.36:0 - "POST /telegram/webhook?secret=change_me HTTP/1.1" 200
2025-09-24 14:22:07,350 | INFO | code-magnetism | Incoming update 822055434
2025-09-24 14:22:07,351 | INFO | code-magnetism | Message from 815370781 (@goldfinger_uk): 🧾 Контент и тексты
2025-09-24 14:22:07,674 | INFO | aiogram.event | Update id=822055434 is handled. Duration 317 ms by bot id=8485537220
2025-09-24 14:22:07,676 | INFO | code-magnetism | Update 822055434 processed successfully
2025-09-24 14:22:07,681 | INFO | uvicorn.access | 91.108.5.36:0 - "POST /telegram/webhook?secret=change_me HTTP/1.1" 200
2025-09-24 14:22:18,161 | INFO | code-magnetism | Incoming update 822055435
2025-09-24 14:22:18,162 | INFO | code-magnetism | Message from 815370781 (@goldfinger_uk): ℹ️ Форматирование текста
2025-09-24 14:22:18,505 | INFO | aiogram.event | Update id=822055435 is handled. Duration 336 ms by bot id=8485537220
2025-09-24 14:22:18,506 | INFO | code-magnetism | Update 822055435 processed successfully
2025-09-24 14:22:18,512 | INFO | uvicorn.access | 91.108.5.36:0 - "POST /telegram/webhook?secret=change_me HTTP/1.1" 200
2025-09-24 14:22:34,616 | INFO | code-magnetism | Incoming update 822055436
2025-09-24 14:22:34,617 | INFO | code-magnetism | Message from 815370781 (@goldfinger_uk): 🔍 Посмотреть текст
2025-09-24 14:22:35,469 | INFO | aiogram.event | Update id=822055436 is handled. Duration 846 ms by bot id=8485537220
2025-09-24 14:22:35,471 | INFO | code-magnetism | Update 822055436 processed successfully
2025-09-24 14:22:35,477 | INFO | uvicorn.access | 91.108.5.36:0 - "POST /telegram/webhook?secret=change_me HTTP/1.1" 200
2025-09-24 14:22:39,022 | INFO | code-magnetism | Incoming update 822055437
2025-09-24 14:22:39,023 | INFO | code-magnetism | Message from 815370781 (@goldfinger_uk): Отмена
2025-09-24 14:22:39,502 | INFO | aiogram.event | Update id=822055437 is handled. Duration 474 ms by bot id=8485537220
2025-09-24 14:22:39,503 | INFO | code-magnetism | Update 822055437 processed successfully
2025-09-24 14:22:39,513 | INFO | uvicorn.access | 91.108.5.36:0 - "POST /telegram/webhook?secret=change_me HTTP/1.1" 200
2025-09-24 14:22:40,815 | INFO | code-magnetism | Incoming update 822055438
2025-09-24 14:22:40,816 | INFO | code-magnetism | Message from 815370781 (@goldfinger_uk): 📄 Тексты экранов
2025-09-24 14:22:41,129 | INFO | aiogram.event | Update id=822055438 is handled. Duration 307 ms by bot id=8485537220
2025-09-24 14:22:41,130 | INFO | code-magnetism | Update 822055438 processed successfully
2025-09-24 14:22:41,135 | INFO | uvicorn.access | 91.108.5.36:0 - "POST /telegram/webhook?secret=change_me HTTP/1.1" 200
2025-09-24 14:22:44,660 | INFO | code-magnetism | Incoming update 822055439
2025-09-24 14:22:44,661 | INFO | code-magnetism | Message from 815370781 (@goldfinger_uk): 💳 Оплата и поддержка
2025-09-24 14:22:45,068 | INFO | aiogram.event | Update id=822055439 is handled. Duration 398 ms by bot id=8485537220
2025-09-24 14:22:45,070 | INFO | code-magnetism | Update 822055439 processed successfully
2025-09-24 14:22:45,076 | INFO | uvicorn.access | 91.108.5.36:0 - "POST /telegram/webhook?secret=change_me HTTP/1.1" 200
2025-09-24 14:22:55,273 | INFO | code-magnetism | Incoming update 822055440
2025-09-24 14:22:55,274 | INFO | code-magnetism | Message from 815370781 (@goldfinger_uk): Оплата закрыта
2025-09-24 14:22:55,615 | INFO | aiogram.event | Update id=822055440 is handled. Duration 334 ms by bot id=8485537220
2025-09-24 14:22:55,616 | INFO | code-magnetism | Update 822055440 processed successfully
2025-09-24 14:22:55,622 | INFO | uvicorn.access | 91.108.5.36:0 - "POST /telegram/webhook?secret=change_me HTTP/1.1" 200
2025-09-24 14:23:26,585 | INFO | code-magnetism | Incoming update 822055441
2025-09-24 14:23:26,586 | INFO | code-magnetism | Message from 815370781 (@goldfinger_uk): Отмена
2025-09-24 14:23:27,265 | INFO | aiogram.event | Update id=822055441 is handled. Duration 672 ms by bot id=8485537220
2025-09-24 14:23:27,266 | INFO | code-magnetism | Update 822055441 processed successfully
2025-09-24 14:23:27,270 | INFO | uvicorn.access | 91.108.5.36:0 - "POST /telegram/webhook?secret=change_me HTTP/1.1" 200
2025-09-24 14:23:29,835 | INFO | code-magnetism | Incoming update 822055442
2025-09-24 14:23:29,836 | INFO | code-magnetism | Message from 815370781 (@goldfinger_uk): ⬅️ К списку текстов
2025-09-24 14:23:30,157 | INFO | aiogram.event | Update id=822055442 is handled. Duration 313 ms by bot id=8485537220
2025-09-24 14:23:30,158 | INFO | code-magnetism | Update 822055442 processed successfully
2025-09-24 14:23:30,163 | INFO | uvicorn.access | 91.108.5.36:0 - "POST /telegram/webhook?secret=change_me HTTP/1.1" 200
2025-09-24 14:23:36,974 | INFO | code-magnetism | Incoming update 822055443
2025-09-24 14:23:36,975 | INFO | code-magnetism | Message from 815370781 (@goldfinger_uk): 🏠 Вход и меню
2025-09-24 14:23:37,348 | INFO | aiogram.event | Update id=822055443 is handled. Duration 365 ms by bot id=8485537220
2025-09-24 14:23:37,349 | INFO | code-magnetism | Update 822055443 processed successfully
2025-09-24 14:23:37,355 | INFO | uvicorn.access | 91.108.5.36:0 - "POST /telegram/webhook?secret=change_me HTTP/1.1" 200
2025-09-24 14:23:44,855 | INFO | code-magnetism | Incoming update 822055444
2025-09-24 14:23:44,857 | INFO | code-magnetism | Message from 815370781 (@goldfinger_uk): Приветствие /start
2025-09-24 14:23:45,148 | INFO | aiogram.event | Update id=822055444 is handled. Duration 283 ms by bot id=8485537220
2025-09-24 14:23:45,149 | INFO | code-magnetism | Update 822055444 processed successfully
2025-09-24 14:23:45,153 | INFO | uvicorn.access | 91.108.5.36:0 - "POST /telegram/webhook?secret=change_me HTTP/1.1" 200
2025-09-24 14:23:50,639 | INFO | code-magnetism | Incoming update 822055445
2025-09-24 14:23:50,640 | INFO | code-magnetism | Message from 815370781 (@goldfinger_uk): Отмена
2025-09-24 14:23:50,915 | INFO | aiogram.event | Update id=822055445 is handled. Duration 264 ms by bot id=8485537220
2025-09-24 14:23:50,916 | INFO | code-magnetism | Update 822055445 processed successfully
2025-09-24 14:23:50,920 | INFO | uvicorn.access | 91.108.5.36:0 - "POST /telegram/webhook?secret=change_me HTTP/1.1" 200
2025-09-24 14:23:52,553 | INFO | code-magnetism | Incoming update 822055446
2025-09-24 14:23:52,555 | INFO | code-magnetism | Message from 815370781 (@goldfinger_uk): ⬅️ В главное меню
2025-09-24 14:23:52,832 | INFO | aiogram.event | Update id=822055446 is handled. Duration 267 ms by bot id=8485537220
2025-09-24 14:23:52,833 | INFO | code-magnetism | Update 822055446 processed successfully
2025-09-24 14:23:52,838 | INFO | uvicorn.access | 91.108.5.36:0 - "POST /telegram/webhook?secret=change_me HTTP/1.1" 200
2025-09-24 14:23:56,238 | INFO | code-magnetism | Incoming update 822055447
2025-09-24 14:23:56,240 | INFO | code-magnetism | Message from 815370781 (@goldfinger_uk): ℹ️ О клубе
2025-09-24 14:23:56,489 | INFO | aiogram.event | Update id=822055447 is handled. Duration 244 ms by bot id=8485537220
2025-09-24 14:23:56,490 | INFO | code-magnetism | Update 822055447 processed successfully
2025-09-24 14:23:56,495 | INFO | uvicorn.access | 91.108.5.36:0 - "POST /telegram/webhook?secret=change_me HTTP/1.1" 200
2025-09-24 14:23:58,265 | INFO | code-magnetism | Incoming update 822055448
2025-09-24 14:23:58,266 | INFO | code-magnetism | Message from 815370781 (@goldfinger_uk): FAQ
2025-09-24 14:23:58,518 | INFO | aiogram.event | Update id=822055448 is handled. Duration 245 ms by bot id=8485537220
2025-09-24 14:23:58,519 | INFO | code-magnetism | Update 822055448 processed successfully
2025-09-24 14:23:58,524 | INFO | uvicorn.access | 91.108.5.36:0 - "POST /telegram/webhook?secret=change_me HTTP/1.1" 200
2025-09-24 14:23:59,707 | INFO | code-magnetism | Incoming update 822055449
2025-09-24 14:23:59,708 | INFO | code-magnetism | Message from 815370781 (@goldfinger_uk): Правила
2025-09-24 14:23:59,965 | INFO | aiogram.event | Update id=822055449 is handled. Duration 249 ms by bot id=8485537220
2025-09-24 14:23:59,967 | INFO | code-magnetism | Update 822055449 processed successfully
2025-09-24 14:23:59,971 | INFO | uvicorn.access | 91.108.5.36:0 - "POST /telegram/webhook?secret=change_me HTTP/1.1" 200
2025-09-24 14:24:01,217 | INFO | code-magnetism | Incoming update 822055450
2025-09-24 14:24:01,218 | INFO | code-magnetism | Message from 815370781 (@goldfinger_uk): О клубе
2025-09-24 14:24:01,465 | INFO | aiogram.event | Update id=822055450 is handled. Duration 240 ms by bot id=8485537220
2025-09-24 14:24:01,467 | INFO | code-magnetism | Update 822055450 processed successfully
2025-09-24 14:24:01,471 | INFO | uvicorn.access | 91.108.5.36:0 - "POST /telegram/webhook?secret=change_me HTTP/1.1" 200
2025-09-24 14:24:07,524 | INFO | code-magnetism | Incoming update 822055451
2025-09-24 14:24:07,525 | INFO | code-magnetism | Message from 815370781 (@goldfinger_uk): Правила
2025-09-24 14:24:07,813 | INFO | aiogram.event | Update id=822055451 is handled. Duration 281 ms by bot id=8485537220
2025-09-24 14:24:07,814 | INFO | code-magnetism | Update 822055451 processed successfully
2025-09-24 14:24:07,819 | INFO | uvicorn.access | 91.108.5.36:0 - "POST /telegram/webhook?secret=change_me HTTP/1.1" 200
2025-09-24 14:24:09,297 | INFO | code-magnetism | Incoming update 822055452
2025-09-24 14:24:09,298 | INFO | code-magnetism | Message from 815370781 (@goldfinger_uk): FAQ
2025-09-24 14:24:09,547 | INFO | aiogram.event | Update id=822055452 is handled. Duration 241 ms by bot id=8485537220
2025-09-24 14:24:09,549 | INFO | code-magnetism | Update 822055452 processed successfully
2025-09-24 14:24:09,553 | INFO | uvicorn.access | 91.108.5.36:0 - "POST /telegram/webhook?secret=change_me HTTP/1.1" 200
2025-09-24 14:24:21,577 | INFO | code-magnetism | Incoming update 822055453
2025-09-24 14:24:21,579 | INFO | code-magnetism | Message from 815370781 (@goldfinger_uk): О клубе
2025-09-24 14:24:21,836 | INFO | aiogram.event | Update id=822055453 is handled. Duration 251 ms by bot id=8485537220
2025-09-24 14:24:21,837 | INFO | code-magnetism | Update 822055453 processed successfully
2025-09-24 14:24:21,842 | INFO | uvicorn.access | 91.108.5.36:0 - "POST /telegram/webhook?secret=change_me HTTP/1.1" 200
2025-09-24 14:24:24,643 | INFO | code-magnetism | Incoming update 822055454
2025-09-24 14:24:24,645 | INFO | code-magnetism | Message from 815370781 (@goldfinger_uk): Правила
2025-09-24 14:24:24,908 | INFO | aiogram.event | Update id=822055454 is handled. Duration 256 ms by bot id=8485537220
2025-09-24 14:24:24,910 | INFO | code-magnetism | Update 822055454 processed successfully
2025-09-24 14:24:24,914 | INFO | uvicorn.access | 91.108.5.36:0 - "POST /telegram/webhook?secret=change_me HTTP/1.1" 200
2025-09-24 14:24:35,682 | INFO | code-magnetism | Incoming update 822055455
2025-09-24 14:24:35,683 | INFO | code-magnetism | Message from 815370781 (@goldfinger_uk): Правила
2025-09-24 14:24:35,939 | INFO | aiogram.event | Update id=822055455 is handled. Duration 248 ms by bot id=8485537220
2025-09-24 14:24:35,941 | INFO | code-magnetism | Update 822055455 processed successfully
2025-09-24 14:24:35,945 | INFO | uvicorn.access | 91.108.5.36:0 - "POST /telegram/webhook?secret=change_me HTTP/1.1" 200
2025-09-24 14:24:38,195 | INFO | code-magnetism | Incoming update 822055456
2025-09-24 14:24:38,196 | INFO | code-magnetism | Message from 815370781 (@goldfinger_uk): ⬅️ В главное меню
2025-09-24 14:24:38,525 | INFO | aiogram.event | Update id=822055456 is handled. Duration 322 ms by bot id=8485537220
2025-09-24 14:24:38,526 | INFO | code-magnetism | Update 822055456 processed successfully
2025-09-24 14:24:38,532 | INFO | uvicorn.access | 91.108.5.36:0 - "POST /telegram/webhook?secret=change_me HTTP/1.1" 200
2025-09-24 14:24:40,504 | INFO | code-magnetism | Incoming update 822055457
2025-09-24 14:24:40,505 | INFO | code-magnetism | Message from 815370781 (@goldfinger_uk): 🎓 Обучение
2025-09-24 14:24:40,847 | INFO | aiogram.event | Update id=822055457 is handled. Duration 337 ms by bot id=8485537220
2025-09-24 14:24:40,849 | INFO | code-magnetism | Update 822055457 processed successfully
2025-09-24 14:24:40,855 | INFO | uvicorn.access | 91.108.5.36:0 - "POST /telegram/webhook?secret=change_me HTTP/1.1" 200
2025-09-24 14:24:49,491 | INFO | code-magnetism | Incoming update 822055458
2025-09-24 14:24:49,492 | INFO | code-magnetism | Message from 815370781 (@goldfinger_uk): Пройти тест
2025-09-24 14:24:49,781 | INFO | aiogram.event | Update id=822055458 is handled. Duration 284 ms by bot id=8485537220
2025-09-24 14:24:49,783 | INFO | code-magnetism | Update 822055458 processed successfully
2025-09-24 14:24:49,789 | INFO | uvicorn.access | 91.108.5.36:0 - "POST /telegram/webhook?secret=change_me HTTP/1.1" 200
2025-09-24 14:24:56,821 | INFO | code-magnetism | Incoming update 822055459
2025-09-24 14:24:56,822 | INFO | code-magnetism | Message from 815370781 (@goldfinger_uk): ⬅️ В главное меню
2025-09-24 14:24:57,128 | INFO | aiogram.event | Update id=822055459 is handled. Duration 300 ms by bot id=8485537220
2025-09-24 14:24:57,129 | INFO | code-magnetism | Update 822055459 processed successfully
2025-09-24 14:24:57,135 | INFO | uvicorn.access | 91.108.5.36:0 - "POST /telegram/webhook?secret=change_me HTTP/1.1" 200
2025-09-24 14:24:59,562 | INFO | code-magnetism | Incoming update 822055460
2025-09-24 14:24:59,563 | INFO | code-magnetism | Message from 815370781 (@goldfinger_uk): ⚙️ Админка
2025-09-24 14:24:59,823 | INFO | aiogram.event | Update id=822055460 is handled. Duration 254 ms by bot id=8485537220
2025-09-24 14:24:59,825 | INFO | code-magnetism | Update 822055460 processed successfully
2025-09-24 14:24:59,829 | INFO | uvicorn.access | 91.108.5.36:0 - "POST /telegram/webhook?secret=change_me HTTP/1.1" 200
2025-09-24 14:25:01,318 | INFO | code-magnetism | Incoming update 822055461
2025-09-24 14:25:01,320 | INFO | code-magnetism | Message from 815370781 (@goldfinger_uk): 🧾 Контент и тексты
2025-09-24 14:25:01,633 | INFO | aiogram.event | Update id=822055461 is handled. Duration 308 ms by bot id=8485537220
2025-09-24 14:25:01,635 | INFO | code-magnetism | Update 822055461 processed successfully
2025-09-24 14:25:01,641 | INFO | uvicorn.access | 91.108.5.36:0 - "POST /telegram/webhook?secret=change_me HTTP/1.1" 200
2025-09-24 14:25:04,417 | INFO | code-magnetism | Incoming update 822055462
2025-09-24 14:25:04,418 | INFO | code-magnetism | Message from 815370781 (@goldfinger_uk): 🔍 Посмотреть текст
2025-09-24 14:25:04,758 | INFO | aiogram.event | Update id=822055462 is handled. Duration 334 ms by bot id=8485537220
2025-09-24 14:25:04,759 | INFO | code-magnetism | Update 822055462 processed successfully
2025-09-24 14:25:04,764 | INFO | uvicorn.access | 91.108.5.36:0 - "POST /telegram/webhook?secret=change_me HTTP/1.1" 200
2025-09-24 14:25:11,969 | INFO | code-magnetism | Incoming update 822055463
2025-09-24 14:25:11,970 | INFO | code-magnetism | Message from 815370781 (@goldfinger_uk): 🔁 Ещё варианты
2025-09-24 14:25:12,367 | INFO | aiogram.event | Update id=822055463 is handled. Duration 390 ms by bot id=8485537220
2025-09-24 14:25:12,368 | INFO | code-magnetism | Update 822055463 processed successfully
2025-09-24 14:25:12,374 | INFO | uvicorn.access | 91.108.5.36:0 - "POST /telegram/webhook?secret=change_me HTTP/1.1" 200
2025-09-24 14:25:21,748 | INFO | code-magnetism | Incoming update 822055464
2025-09-24 14:25:21,749 | INFO | code-magnetism | Message from 815370781 (@goldfinger_uk): 🔁 Ещё варианты
2025-09-24 14:25:22,048 | INFO | aiogram.event | Update id=822055464 is handled. Duration 293 ms by bot id=8485537220
2025-09-24 14:25:22,049 | INFO | code-magnetism | Update 822055464 processed successfully
2025-09-24 14:25:22,055 | INFO | uvicorn.access | 91.108.5.36:0 - "POST /telegram/webhook?secret=change_me HTTP/1.1" 200
2025-09-24 14:25:44,553 | INFO | code-magnetism | Incoming update 822055465
2025-09-24 14:25:44,555 | INFO | code-magnetism | Message from 815370781 (@goldfinger_uk): menu.prompts.profile
2025-09-24 14:25:44,606 | ERROR | handlers | Failed to log admin action: invalid input for query argument $3: {'key': 'menu.prompts.profile', 'has_val... (expected str, got dict)
2025-09-24 14:25:45,367 | INFO | aiogram.event | Update id=822055465 is handled. Duration 806 ms by bot id=8485537220
2025-09-24 14:25:45,368 | INFO | code-magnetism | Update 822055465 processed successfully
2025-09-24 14:25:45,376 | INFO | uvicorn.access | 91.108.5.36:0 - "POST /telegram/webhook?secret=change_me HTTP/1.1" 200
2025-09-24 14:25:59,915 | INFO | code-magnetism | Incoming update 822055466
2025-09-24 14:25:59,916 | INFO | code-magnetism | Message from 815370781 (@goldfinger_uk): ⬅️ В главное меню
2025-09-24 14:26:00,203 | INFO | aiogram.event | Update id=822055466 is handled. Duration 281 ms by bot id=8485537220
2025-09-24 14:26:00,204 | INFO | code-magnetism | Update 822055466 processed successfully
2025-09-24 14:26:00,209 | INFO | uvicorn.access | 91.108.5.36:0 - "POST /telegram/webhook?secret=change_me HTTP/1.1" 200
2025-09-24 14:26:01,256 | INFO | code-magnetism | Incoming update 822055467
2025-09-24 14:26:01,257 | INFO | code-magnetism | Message from 815370781 (@goldfinger_uk): 💳 Оплата
2025-09-24 14:26:01,560 | INFO | aiogram.event | Update id=822055467 is handled. Duration 294 ms by bot id=8485537220
2025-09-24 14:26:01,561 | INFO | code-magnetism | Update 822055467 processed successfully
2025-09-24 14:26:01,565 | INFO | uvicorn.access | 91.108.5.36:0 - "POST /telegram/webhook?secret=change_me HTTP/1.1" 200
2025-09-24 14:26:11,662 | INFO | code-magnetism | Incoming update 822055468
2025-09-24 14:26:11,663 | INFO | code-magnetism | Message from 815370781 (@goldfinger_uk): ⚙️ Админка
2025-09-24 14:26:11,979 | INFO | aiogram.event | Update id=822055468 is handled. Duration 305 ms by bot id=8485537220
2025-09-24 14:26:11,980 | INFO | code-magnetism | Update 822055468 processed successfully
2025-09-24 14:26:11,984 | INFO | uvicorn.access | 91.108.5.36:0 - "POST /telegram/webhook?secret=change_me HTTP/1.1" 200
2025-09-24 14:26:14,574 | INFO | code-magnetism | Incoming update 822055469
2025-09-24 14:26:14,575 | INFO | code-magnetism | Message from 815370781 (@goldfinger_uk): 🧾 Контент и тексты
2025-09-24 14:26:14,906 | INFO | aiogram.event | Update id=822055469 is handled. Duration 326 ms by bot id=8485537220
2025-09-24 14:26:14,907 | INFO | code-magnetism | Update 822055469 processed successfully
2025-09-24 14:26:14,912 | INFO | uvicorn.access | 91.108.5.36:0 - "POST /telegram/webhook?secret=change_me HTTP/1.1" 200
2025-09-24 14:26:18,061 | INFO | code-magnetism | Incoming update 822055470
2025-09-24 14:26:18,062 | INFO | code-magnetism | Message from 815370781 (@goldfinger_uk): ⬅️ В админку
2025-09-24 14:26:18,416 | INFO | aiogram.event | Update id=822055470 is handled. Duration 345 ms by bot id=8485537220
2025-09-24 14:26:18,417 | INFO | code-magnetism | Update 822055470 processed successfully
2025-09-24 14:26:18,424 | INFO | uvicorn.access | 91.108.5.36:0 - "POST /telegram/webhook?secret=change_me HTTP/1.1" 200
2025-09-24 14:26:21,204 | INFO | code-magnetism | Incoming update 822055471
2025-09-24 14:26:21,205 | INFO | code-magnetism | Message from 815370781 (@goldfinger_uk): ⚙️ Настройки
2025-09-24 14:26:21,597 | INFO | aiogram.event | Update id=822055471 is handled. Duration 384 ms by bot id=8485537220
2025-09-24 14:26:21,598 | INFO | code-magnetism | Update 822055471 processed successfully
2025-09-24 14:26:21,604 | INFO | uvicorn.access | 91.108.5.36:0 - "POST /telegram/webhook?secret=change_me HTTP/1.1" 200
2025-09-24 14:26:24,863 | INFO | code-magnetism | Incoming update 822055472
2025-09-24 14:26:24,865 | INFO | code-magnetism | Message from 815370781 (@goldfinger_uk): 📄 Тексты экранов
2025-09-24 14:26:25,262 | INFO | aiogram.event | Update id=822055472 is handled. Duration 391 ms by bot id=8485537220
2025-09-24 14:26:25,263 | INFO | code-magnetism | Update 822055472 processed successfully
2025-09-24 14:26:25,269 | INFO | uvicorn.access | 91.108.5.36:0 - "POST /telegram/webhook?secret=change_me HTTP/1.1" 200
2025-09-24 14:26:27,010 | INFO | code-magnetism | Incoming update 822055473
2025-09-24 14:26:27,011 | INFO | code-magnetism | Message from 815370781 (@goldfinger_uk): 💳 Оплата и поддержка
2025-09-24 14:26:27,362 | INFO | aiogram.event | Update id=822055473 is handled. Duration 346 ms by bot id=8485537220
2025-09-24 14:26:27,364 | INFO | code-magnetism | Update 822055473 processed successfully
2025-09-24 14:26:27,370 | INFO | uvicorn.access | 91.108.5.36:0 - "POST /telegram/webhook?secret=change_me HTTP/1.1" 200
2025-09-24 14:26:32,938 | INFO | code-magnetism | Incoming update 822055474
2025-09-24 14:26:32,940 | INFO | code-magnetism | Message from 815370781 (@goldfinger_uk): Окно «Оплата»
2025-09-24 14:26:33,644 | INFO | aiogram.event | Update id=822055474 is handled. Duration 699 ms by bot id=8485537220
2025-09-24 14:26:33,646 | INFO | code-magnetism | Update 822055474 processed successfully
2025-09-24 14:26:33,650 | INFO | uvicorn.access | 91.108.5.36:0 - "POST /telegram/webhook?secret=change_me HTTP/1.1" 200
2025-09-24 14:26:36,821 | INFO | code-magnetism | Incoming update 822055475
2025-09-24 14:26:36,822 | INFO | code-magnetism | Message from 815370781 (@goldfinger_uk): Отмена
2025-09-24 14:26:37,120 | INFO | aiogram.event | Update id=822055475 is handled. Duration 295 ms by bot id=8485537220
2025-09-24 14:26:37,122 | INFO | code-magnetism | Update 822055475 processed successfully
2025-09-24 14:26:37,128 | INFO | uvicorn.access | 91.108.5.36:0 - "POST /telegram/webhook?secret=change_me HTTP/1.1" 200
2025-09-24 14:26:38,634 | INFO | code-magnetism | Incoming update 822055476
2025-09-24 14:26:38,635 | INFO | code-magnetism | Message from 815370781 (@goldfinger_uk): ⬅️ В админку
2025-09-24 14:26:39,026 | INFO | aiogram.event | Update id=822055476 is handled. Duration 383 ms by bot id=8485537220
2025-09-24 14:26:39,027 | INFO | code-magnetism | Update 822055476 processed successfully
2025-09-24 14:26:39,033 | INFO | uvicorn.access | 91.108.5.36:0 - "POST /telegram/webhook?secret=change_me HTTP/1.1" 200
2025-09-24 14:26:40,982 | INFO | code-magnetism | Incoming update 822055477
2025-09-24 14:26:40,983 | INFO | code-magnetism | Message from 815370781 (@goldfinger_uk): 🎛 Логика бота
2025-09-24 14:26:41,284 | INFO | aiogram.event | Update id=822055477 is handled. Duration 296 ms by bot id=8485537220
2025-09-24 14:26:41,285 | INFO | code-magnetism | Update 822055477 processed successfully
2025-09-24 14:26:41,290 | INFO | uvicorn.access | 91.108.5.36:0 - "POST /telegram/webhook?secret=change_me HTTP/1.1" 200
2025-09-24 14:26:45,693 | INFO | code-magnetism | Incoming update 822055478
2025-09-24 14:26:45,694 | INFO | code-magnetism | Message from 815370781 (@goldfinger_uk): 🚀 Шаги онбординга
2025-09-24 14:26:46,028 | INFO | aiogram.event | Update id=822055478 is handled. Duration 325 ms by bot id=8485537220
2025-09-24 14:26:46,029 | INFO | code-magnetism | Update 822055478 processed successfully
2025-09-24 14:26:46,034 | INFO | uvicorn.access | 91.108.5.36:0 - "POST /telegram/webhook?secret=change_me HTTP/1.1" 200
2025-09-24 14:26:52,253 | INFO | code-magnetism | Incoming update 822055479
2025-09-24 14:26:52,254 | INFO | code-magnetism | Message from 815370781 (@goldfinger_uk): ⬅️ К логике бота
2025-09-24 14:26:52,561 | INFO | aiogram.event | Update id=822055479 is handled. Duration 301 ms by bot id=8485537220
2025-09-24 14:26:52,562 | INFO | code-magnetism | Update 822055479 processed successfully
2025-09-24 14:26:52,568 | INFO | uvicorn.access | 91.108.5.36:0 - "POST /telegram/webhook?secret=change_me HTTP/1.1" 200
2025-09-24 14:26:54,412 | INFO | code-magnetism | Incoming update 822055480
2025-09-24 14:26:54,413 | INFO | code-magnetism | Message from 815370781 (@goldfinger_uk): ✉️ Приветствие /start
2025-09-24 14:26:54,820 | INFO | aiogram.event | Update id=822055480 is handled. Duration 401 ms by bot id=8485537220
2025-09-24 14:26:54,821 | INFO | code-magnetism | Update 822055480 processed successfully
2025-09-24 14:26:54,828 | INFO | uvicorn.access | 91.108.5.36:0 - "POST /telegram/webhook?secret=change_me HTTP/1.1" 200
2025-09-24 14:26:56,268 | INFO | code-magnetism | Incoming update 822055481
2025-09-24 14:26:56,270 | INFO | code-magnetism | Message from 815370781 (@goldfinger_uk): Отмена
2025-09-24 14:26:56,646 | INFO | aiogram.event | Update id=822055481 is handled. Duration 368 ms by bot id=8485537220
2025-09-24 14:26:56,647 | INFO | code-magnetism | Update 822055481 processed successfully
2025-09-24 14:26:56,654 | INFO | uvicorn.access | 91.108.5.36:0 - "POST /telegram/webhook?secret=change_me HTTP/1.1" 200
2025-09-24 14:26:59,324 | INFO | code-magnetism | Incoming update 822055482
2025-09-24 14:26:59,325 | INFO | code-magnetism | Message from 815370781 (@goldfinger_uk): ⬅️ В главное меню
2025-09-24 14:26:59,665 | INFO | aiogram.event | Update id=822055482 is handled. Duration 334 ms by bot id=8485537220
2025-09-24 14:26:59,666 | INFO | code-magnetism | Update 822055482 processed successfully
2025-09-24 14:26:59,672 | INFO | uvicorn.access | 91.108.5.36:0 - "POST /telegram/webhook?secret=change_me HTTP/1.1" 200
2025-09-24 14:27:03,714 | INFO | code-magnetism | Incoming update 822055483
2025-09-24 14:27:03,715 | INFO | code-magnetism | Message from 815370781 (@goldfinger_uk): ⚙️ Админка
2025-09-24 14:27:04,004 | INFO | aiogram.event | Update id=822055483 is handled. Duration 282 ms by bot id=8485537220
2025-09-24 14:27:04,005 | INFO | code-magnetism | Update 822055483 processed successfully
2025-09-24 14:27:04,010 | INFO | uvicorn.access | 91.108.5.36:0 - "POST /telegram/webhook?secret=change_me HTTP/1.1" 200
2025-09-24 14:27:06,113 | INFO | code-magnetism | Incoming update 822055484
2025-09-24 14:27:06,114 | INFO | code-magnetism | Message from 815370781 (@goldfinger_uk): 🧾 Контент и тексты
2025-09-24 14:27:06,568 | INFO | aiogram.event | Update id=822055484 is handled. Duration 448 ms by bot id=8485537220
2025-09-24 14:27:06,570 | INFO | code-magnetism | Update 822055484 processed successfully
2025-09-24 14:27:06,575 | INFO | uvicorn.access | 91.108.5.36:0 - "POST /telegram/webhook?secret=change_me HTTP/1.1" 200
2025-09-24 14:27:09,333 | INFO | code-magnetism | Incoming update 822055485
2025-09-24 14:27:09,334 | INFO | code-magnetism | Message from 815370781 (@goldfinger_uk): 📄 Тексты экранов
2025-09-24 14:27:09,771 | INFO | aiogram.event | Update id=822055485 is handled. Duration 430 ms by bot id=8485537220
2025-09-24 14:27:09,772 | INFO | code-magnetism | Update 822055485 processed successfully
2025-09-24 14:27:09,778 | INFO | uvicorn.access | 91.108.5.36:0 - "POST /telegram/webhook?secret=change_me HTTP/1.1" 200
2025-09-24 14:27:11,584 | INFO | code-magnetism | Incoming update 822055486
2025-09-24 14:27:11,585 | INFO | code-magnetism | Message from 815370781 (@goldfinger_uk): 💳 Оплата и поддержка
2025-09-24 14:27:11,914 | INFO | aiogram.event | Update id=822055486 is handled. Duration 323 ms by bot id=8485537220
2025-09-24 14:27:11,916 | INFO | code-magnetism | Update 822055486 processed successfully
2025-09-24 14:27:11,922 | INFO | uvicorn.access | 91.108.5.36:0 - "POST /telegram/webhook?secret=change_me HTTP/1.1" 200
2025-09-24 14:27:23,196 | INFO | code-magnetism | Incoming update 822055487
2025-09-24 14:27:23,197 | INFO | code-magnetism | Message from 815370781 (@goldfinger_uk): Окно «Оплата»
2025-09-24 14:27:23,932 | INFO | aiogram.event | Update id=822055487 is handled. Duration 725 ms by bot id=8485537220
2025-09-24 14:27:23,933 | INFO | code-magnetism | Update 822055487 processed successfully
2025-09-24 14:27:23,938 | INFO | uvicorn.access | 91.108.5.36:0 - "POST /telegram/webhook?secret=change_me HTTP/1.1" 200
2025-09-24 14:27:41,397 | INFO | code-magnetism | Incoming update 822055488
2025-09-24 14:27:41,398 | INFO | code-magnetism | Message from 815370781 (@goldfinger_uk): Отмена
2025-09-24 14:27:42,180 | INFO | aiogram.event | Update id=822055488 is handled. Duration 776 ms by bot id=8485537220
2025-09-24 14:27:42,181 | INFO | code-magnetism | Update 822055488 processed successfully
2025-09-24 14:27:42,189 | INFO | uvicorn.access | 91.108.5.36:0 - "POST /telegram/webhook?secret=change_me HTTP/1.1" 200
2025-09-24 14:27:44,056 | INFO | code-magnetism | Incoming update 822055489
2025-09-24 14:27:44,058 | INFO | code-magnetism | Message from 815370781 (@goldfinger_uk): Оплата закрыта
2025-09-24 14:27:44,358 | INFO | aiogram.event | Update id=822055489 is handled. Duration 295 ms by bot id=8485537220
2025-09-24 14:27:44,359 | INFO | code-magnetism | Update 822055489 processed successfully
2025-09-24 14:27:44,364 | INFO | uvicorn.access | 91.108.5.36:0 - "POST /telegram/webhook?secret=change_me HTTP/1.1" 200
2025-09-24 14:27:53,677 | INFO | code-magnetism | Incoming update 822055490
2025-09-24 14:27:53,679 | INFO | code-magnetism | Message from 815370781 (@goldfinger_uk): Отмена
2025-09-24 14:27:53,949 | INFO | aiogram.event | Update id=822055490 is handled. Duration 263 ms by bot id=8485537220
2025-09-24 14:27:53,950 | INFO | code-magnetism | Update 822055490 processed successfully
2025-09-24 14:27:53,955 | INFO | uvicorn.access | 91.108.5.36:0 - "POST /telegram/webhook?secret=change_me HTTP/1.1" 200
2025-09-24 14:27:55,644 | INFO | code-magnetism | Incoming update 822055491
2025-09-24 14:27:55,645 | INFO | code-magnetism | Message from 815370781 (@goldfinger_uk): Окно «Поддержка»
2025-09-24 14:27:55,965 | INFO | aiogram.event | Update id=822055491 is handled. Duration 311 ms by bot id=8485537220
2025-09-24 14:27:55,966 | INFO | code-magnetism | Update 822055491 processed successfully
2025-09-24 14:27:55,971 | INFO | uvicorn.access | 91.108.5.36:0 - "POST /telegram/webhook?secret=change_me HTTP/1.1" 200
2025-09-24 14:27:58,374 | INFO | code-magnetism | Incoming update 822055492
2025-09-24 14:27:58,375 | INFO | code-magnetism | Message from 815370781 (@goldfinger_uk): Отмена
2025-09-24 14:27:58,644 | INFO | aiogram.event | Update id=822055492 is handled. Duration 262 ms by bot id=8485537220
2025-09-24 14:27:58,645 | INFO | code-magnetism | Update 822055492 processed successfully
2025-09-24 14:27:58,650 | INFO | uvicorn.access | 91.108.5.36:0 - "POST /telegram/webhook?secret=change_me HTTP/1.1" 200
2025-09-24 14:28:09,489 | INFO | code-magnetism | Incoming update 822055493
2025-09-24 14:28:09,490 | INFO | code-magnetism | Message from 815370781 (@goldfinger_uk): Окно «Оплата»
2025-09-24 14:28:09,784 | INFO | aiogram.event | Update id=822055493 is handled. Duration 288 ms by bot id=8485537220
2025-09-24 14:28:09,785 | INFO | code-magnetism | Update 822055493 processed successfully
2025-09-24 14:28:09,790 | INFO | uvicorn.access | 91.108.5.36:0 - "POST /telegram/webhook?secret=change_me HTTP/1.1" 200
2025-09-24 14:28:11,263 | INFO | code-magnetism | Incoming update 822055494
2025-09-24 14:28:11,264 | INFO | code-magnetism | Message from 815370781 (@goldfinger_uk): Отмена
2025-09-24 14:28:11,600 | INFO | aiogram.event | Update id=822055494 is handled. Duration 329 ms by bot id=8485537220
2025-09-24 14:28:11,601 | INFO | code-magnetism | Update 822055494 processed successfully
2025-09-24 14:28:11,607 | INFO | uvicorn.access | 91.108.5.36:0 - "POST /telegram/webhook?secret=change_me HTTP/1.1" 200
2025-09-24 14:28:13,035 | INFO | code-magnetism | Incoming update 822055495
2025-09-24 14:28:13,036 | INFO | code-magnetism | Message from 815370781 (@goldfinger_uk): Оплата закрыта
2025-09-24 14:28:13,336 | INFO | aiogram.event | Update id=822055495 is handled. Duration 294 ms by bot id=8485537220
2025-09-24 14:28:13,337 | INFO | code-magnetism | Update 822055495 processed successfully
2025-09-24 14:28:13,342 | INFO | uvicorn.access | 91.108.5.36:0 - "POST /telegram/webhook?secret=change_me HTTP/1.1" 200
2025-09-24 14:29:51,532 | INFO | code-magnetism | Incoming update 822055496
2025-09-24 14:29:51,534 | INFO | code-magnetism | Message from 815370781 (@goldfinger_uk): Отмена
2025-09-24 14:29:52,384 | INFO | aiogram.event | Update id=822055496 is handled. Duration 845 ms by bot id=8485537220
2025-09-24 14:29:52,385 | INFO | code-magnetism | Update 822055496 processed successfully
2025-09-24 14:29:52,391 | INFO | uvicorn.access | 91.108.5.36:0 - "POST /telegram/webhook?secret=change_me HTTP/1.1" 200
2025-09-24 14:29:55,324 | INFO | code-magnetism | Incoming update 822055497
2025-09-24 14:29:55,325 | INFO | code-magnetism | Message from 815370781 (@goldfinger_uk): Окно «Оплата»
2025-09-24 14:29:55,666 | INFO | aiogram.event | Update id=822055497 is handled. Duration 335 ms by bot id=8485537220
2025-09-24 14:29:55,667 | INFO | code-magnetism | Update 822055497 processed successfully
2025-09-24 14:29:55,672 | INFO | uvicorn.access | 91.108.5.36:0 - "POST /telegram/webhook?secret=change_me HTTP/1.1" 200
2025-09-24 14:29:59,836 | INFO | code-magnetism | Incoming update 822055498
2025-09-24 14:29:59,837 | INFO | code-magnetism | Message from 815370781 (@goldfinger_uk): Отмена
2025-09-24 14:30:00,213 | INFO | aiogram.event | Update id=822055498 is handled. Duration 368 ms by bot id=8485537220
2025-09-24 14:30:00,214 | INFO | code-magnetism | Update 822055498 processed successfully
2025-09-24 14:30:00,220 | INFO | uvicorn.access | 91.108.5.36:0 - "POST /telegram/webhook?secret=change_me HTTP/1.1" 200
2025-09-24 14:30:02,700 | INFO | code-magnetism | Incoming update 822055499
2025-09-24 14:30:02,701 | INFO | code-magnetism | Message from 815370781 (@goldfinger_uk): ⬅️ В главное меню
2025-09-24 14:30:03,005 | INFO | aiogram.event | Update id=822055499 is handled. Duration 297 ms by bot id=8485537220
2025-09-24 14:30:03,006 | INFO | code-magnetism | Update 822055499 processed successfully
2025-09-24 14:30:03,011 | INFO | uvicorn.access | 91.108.5.36:0 - "POST /telegram/webhook?secret=change_me HTTP/1.1" 200
2025-09-24 14:30:09,720 | INFO | code-magnetism | Incoming update 822055500
2025-09-24 14:30:09,722 | INFO | code-magnetism | Message from 815370781 (@goldfinger_uk): ℹ️ О клубе
2025-09-24 14:30:10,064 | INFO | aiogram.event | Update id=822055500 is handled. Duration 334 ms by bot id=8485537220
2025-09-24 14:30:10,065 | INFO | code-magnetism | Update 822055500 processed successfully
2025-09-24 14:30:10,071 | INFO | uvicorn.access | 91.108.5.36:0 - "POST /telegram/webhook?secret=change_me HTTP/1.1" 200
2025-09-24 14:30:12,254 | INFO | code-magnetism | Incoming update 822055501
2025-09-24 14:30:12,255 | INFO | code-magnetism | Message from 815370781 (@goldfinger_uk): FAQ
2025-09-24 14:30:12,599 | INFO | aiogram.event | Update id=822055501 is handled. Duration 335 ms by bot id=8485537220
2025-09-24 14:30:12,600 | INFO | code-magnetism | Update 822055501 processed successfully
2025-09-24 14:30:12,606 | INFO | uvicorn.access | 91.108.5.36:0 - "POST /telegram/webhook?secret=change_me HTTP/1.1" 200
2025-09-24 14:30:14,791 | INFO | code-magnetism | Incoming update 822055502
2025-09-24 14:30:14,792 | INFO | code-magnetism | Message from 815370781 (@goldfinger_uk): О клубе
2025-09-24 14:30:15,133 | INFO | aiogram.event | Update id=822055502 is handled. Duration 333 ms by bot id=8485537220
2025-09-24 14:30:15,134 | INFO | code-magnetism | Update 822055502 processed successfully
2025-09-24 14:30:15,141 | INFO | uvicorn.access | 91.108.5.36:0 - "POST /telegram/webhook?secret=change_me HTTP/1.1" 200
2025-09-24 14:30:26,887 | INFO | code-magnetism | Incoming update 822055503
2025-09-24 14:30:26,888 | INFO | code-magnetism | Message from 815370781 (@goldfinger_uk): ⬅️ В главное меню
2025-09-24 14:30:27,183 | INFO | aiogram.event | Update id=822055503 is handled. Duration 289 ms by bot id=8485537220
2025-09-24 14:30:27,185 | INFO | code-magnetism | Update 822055503 processed successfully
2025-09-24 14:30:27,193 | INFO | uvicorn.access | 91.108.5.36:0 - "POST /telegram/webhook?secret=change_me HTTP/1.1" 200
2025-09-24 16:01:16,096 | INFO | code-magnetism | Incoming update 822055504
2025-09-24 16:02:32,747 | INFO | code-magnetism | Message from 815370781 (@goldfinger_uk): 🎓 Обучение
2025-09-24 16:02:32,790 | INFO | code-magnetism | Incoming update 822055507
2025-09-24 16:02:32,791 | INFO | code-magnetism | Message from 1648917869 (@Tokyo_tokyo): /start
2025-09-24 16:02:35,857 | INFO | aiogram.event | Update id=822055504 is handled. Duration 3086 ms by bot id=8485537220
2025-09-24 16:02:35,858 | INFO | code-magnetism | Update 822055504 processed successfully
2025-09-24 16:02:35,867 | INFO | aiogram.event | Update id=822055507 is handled. Duration 3072 ms by bot id=8485537220
2025-09-24 16:02:35,868 | INFO | code-magnetism | Update 822055507 processed successfully
2025-09-24 16:02:35,869 | INFO | uvicorn.access | 91.108.5.36:0 - "POST /telegram/webhook?secret=change_me HTTP/1.1" 200
2025-09-24 16:02:36,207 | INFO | code-magnetism | Incoming update 822055508
2025-09-24 16:02:36,208 | INFO | code-magnetism | Message from 1648917869 (@Tokyo_tokyo): /start
2025-09-24 16:02:36,434 | INFO | code-magnetism | Incoming update 822055504
2025-09-24 16:02:36,435 | INFO | code-magnetism | Message from 815370781 (@goldfinger_uk): 🎓 Обучение
2025-09-24 16:02:36,633 | INFO | aiogram.event | Update id=822055508 is handled. Duration 423 ms by bot id=8485537220
2025-09-24 16:02:36,634 | INFO | code-magnetism | Update 822055508 processed successfully
2025-09-24 16:02:36,636 | INFO | uvicorn.access | 91.108.5.36:0 - "POST /telegram/webhook?secret=change_me HTTP/1.1" 200
2025-09-24 16:02:36,741 | INFO | aiogram.event | Update id=822055504 is handled. Duration 304 ms by bot id=8485537220
2025-09-24 16:02:36,742 | INFO | code-magnetism | Update 822055504 processed successfully
2025-09-24 16:02:36,750 | INFO | uvicorn.access | 91.108.5.36:0 - "POST /telegram/webhook?secret=change_me HTTP/1.1" 200
2025-09-24 16:02:36,909 | INFO | code-magnetism | Incoming update 822055509
2025-09-24 16:02:36,910 | INFO | code-magnetism | Message from 1648917869 (@Tokyo_tokyo): О клубе
2025-09-24 16:02:37,009 | INFO | code-magnetism | Incoming update 822055505
2025-09-24 16:02:37,010 | INFO | code-magnetism | Message from 815370781 (@goldfinger_uk): 👤 Профиль
2025-09-24 16:02:37,174 | INFO | aiogram.event | Update id=822055509 is handled. Duration 256 ms by bot id=8485537220
2025-09-24 16:02:37,175 | INFO | code-magnetism | Update 822055509 processed successfully
2025-09-24 16:02:37,180 | INFO | uvicorn.access | 91.108.5.36:0 - "POST /telegram/webhook?secret=change_me HTTP/1.1" 200
2025-09-24 16:02:37,296 | INFO | aiogram.event | Update id=822055505 is handled. Duration 280 ms by bot id=8485537220
2025-09-24 16:02:37,297 | INFO | code-magnetism | Update 822055505 processed successfully
2025-09-24 16:02:37,302 | INFO | uvicorn.access | 91.108.5.36:0 - "POST /telegram/webhook?secret=change_me HTTP/1.1" 200
2025-09-24 16:02:37,419 | INFO | code-magnetism | Incoming update 822055510
2025-09-24 16:02:37,420 | INFO | code-magnetism | Message from 1648917869 (@Tokyo_tokyo): Мой прогресс
2025-09-24 16:02:37,539 | INFO | code-magnetism | Incoming update 822055506
2025-09-24 16:02:37,540 | INFO | code-magnetism | Message from 815370781 (@goldfinger_uk): ⚙️ Админка
2025-09-24 16:02:37,829 | INFO | aiogram.event | Update id=822055510 is handled. Duration 397 ms by bot id=8485537220
2025-09-24 16:02:37,830 | INFO | code-magnetism | Update 822055510 processed successfully
2025-09-24 16:02:37,835 | INFO | uvicorn.access | 91.108.5.36:0 - "POST /telegram/webhook?secret=change_me HTTP/1.1" 200
2025-09-24 16:02:37,884 | INFO | aiogram.event | Update id=822055506 is handled. Duration 337 ms by bot id=8485537220
2025-09-24 16:02:37,894 | INFO | code-magnetism | Update 822055506 processed successfully
2025-09-24 16:02:37,897 | INFO | uvicorn.access | 91.108.5.36:0 - "POST /telegram/webhook?secret=change_me HTTP/1.1" 200
2025-09-24 16:02:38,076 | INFO | code-magnetism | Incoming update 822055511
2025-09-24 16:02:38,078 | INFO | code-magnetism | Message from 1648917869 (@Tokyo_tokyo): Поддержка
2025-09-24 16:02:38,173 | INFO | code-magnetism | Incoming update 822055512
2025-09-24 16:02:38,174 | INFO | code-magnetism | Message from 815370781 (@goldfinger_uk): ℹ️ О клубе
2025-09-24 16:02:38,532 | INFO | aiogram.event | Update id=822055511 is handled. Duration 448 ms by bot id=8485537220
2025-09-24 16:02:38,533 | INFO | code-magnetism | Update 822055511 processed successfully
2025-09-24 16:02:38,540 | INFO | uvicorn.access | 91.108.5.36:0 - "POST /telegram/webhook?secret=change_me HTTP/1.1" 200
2025-09-24 16:02:38,545 | INFO | aiogram.event | Update id=822055512 is handled. Duration 366 ms by bot id=8485537220
2025-09-24 16:02:38,550 | INFO | code-magnetism | Update 822055512 processed successfully
2025-09-24 16:02:38,555 | INFO | uvicorn.access | 91.108.5.36:0 - "POST /telegram/webhook?secret=change_me HTTP/1.1" 200
2025-09-24 16:02:38,798 | INFO | code-magnetism | Incoming update 822055513
2025-09-24 16:02:38,799 | INFO | code-magnetism | Message from 815370781 (@goldfinger_uk): 👤 Профиль
2025-09-24 16:02:39,138 | INFO | aiogram.event | Update id=822055513 is handled. Duration 334 ms by bot id=8485537220
2025-09-24 16:02:39,140 | INFO | code-magnetism | Update 822055513 processed successfully
2025-09-24 16:02:39,146 | INFO | uvicorn.access | 91.108.5.36:0 - "POST /telegram/webhook?secret=change_me HTTP/1.1" 200
2025-09-24 16:21:50,615 | INFO | code-magnetism | Incoming update 822055514
2025-09-24 16:21:50,617 | INFO | code-magnetism | Message from 1648917869 (@Tokyo_tokyo): /start
2025-09-24 16:21:51,887 | INFO | aiogram.event | Update id=822055514 is handled. Duration 1263 ms by bot id=8485537220
2025-09-24 16:21:51,889 | INFO | code-magnetism | Update 822055514 processed successfully
2025-09-24 16:21:51,893 | INFO | uvicorn.access | 91.108.5.36:0 - "POST /telegram/webhook?secret=change_me HTTP/1.1" 200
2025-09-24 16:21:56,012 | INFO | code-magnetism | Incoming update 822055515
2025-09-24 16:21:56,013 | INFO | code-magnetism | Message from 1648917869 (@Tokyo_tokyo): 🎓 Обучение
2025-09-24 16:21:56,352 | INFO | aiogram.event | Update id=822055515 is handled. Duration 332 ms by bot id=8485537220
2025-09-24 16:21:56,354 | INFO | code-magnetism | Update 822055515 processed successfully
2025-09-24 16:21:56,360 | INFO | uvicorn.access | 91.108.5.36:0 - "POST /telegram/webhook?secret=change_me HTTP/1.1" 200
2025-09-24 16:22:00,443 | INFO | code-magnetism | Incoming update 822055516
2025-09-24 16:22:00,444 | INFO | code-magnetism | Message from 1648917869 (@Tokyo_tokyo): Записаться на разбор
2025-09-24 16:22:00,710 | INFO | aiogram.event | Update id=822055516 is handled. Duration 259 ms by bot id=8485537220
2025-09-24 16:22:00,711 | INFO | code-magnetism | Update 822055516 processed successfully
2025-09-24 16:22:00,716 | INFO | uvicorn.access | 91.108.5.36:0 - "POST /telegram/webhook?secret=change_me HTTP/1.1" 200
2025-09-24 16:22:03,638 | INFO | code-magnetism | Incoming update 822055517
2025-09-24 16:22:03,639 | INFO | code-magnetism | Message from 1648917869 (@Tokyo_tokyo): Пройти тест
2025-09-24 16:22:03,948 | INFO | aiogram.event | Update id=822055517 is handled. Duration 302 ms by bot id=8485537220
2025-09-24 16:22:03,949 | INFO | code-magnetism | Update 822055517 processed successfully
2025-09-24 16:22:03,954 | INFO | uvicorn.access | 91.108.5.36:0 - "POST /telegram/webhook?secret=change_me HTTP/1.1" 200
2025-09-24 16:22:11,152 | INFO | code-magnetism | Incoming update 822055518
2025-09-24 16:22:11,153 | INFO | code-magnetism | Message from 1648917869 (@Tokyo_tokyo): ⬅️ В главное меню
2025-09-24 16:22:11,404 | INFO | aiogram.event | Update id=822055518 is handled. Duration 245 ms by bot id=8485537220
2025-09-24 16:22:11,405 | INFO | code-magnetism | Update 822055518 processed successfully
2025-09-24 16:22:11,410 | INFO | uvicorn.access | 91.108.5.36:0 - "POST /telegram/webhook?secret=change_me HTTP/1.1" 200
2025-09-24 16:22:12,982 | INFO | code-magnetism | Incoming update 822055519
2025-09-24 16:22:12,983 | INFO | code-magnetism | Message from 1648917869 (@Tokyo_tokyo): ⚙️ Админка
2025-09-24 16:22:13,270 | INFO | aiogram.event | Update id=822055519 is handled. Duration 281 ms by bot id=8485537220
2025-09-24 16:22:13,271 | INFO | code-magnetism | Update 822055519 processed successfully
2025-09-24 16:22:13,276 | INFO | uvicorn.access | 91.108.5.36:0 - "POST /telegram/webhook?secret=change_me HTTP/1.1" 200
2025-09-24 16:22:31,664 | INFO | code-magnetism | Incoming update 822055520
2025-09-24 16:22:31,665 | INFO | code-magnetism | Message from 1648917869 (@Tokyo_tokyo): 👥 Пользователи
2025-09-24 16:22:32,477 | INFO | aiogram.event | Update id=822055520 is handled. Duration 806 ms by bot id=8485537220
2025-09-24 16:22:32,478 | INFO | code-magnetism | Update 822055520 processed successfully
2025-09-24 16:22:32,483 | INFO | uvicorn.access | 91.108.5.36:0 - "POST /telegram/webhook?secret=change_me HTTP/1.1" 200
2025-09-24 16:22:41,727 | INFO | code-magnetism | Incoming update 822055521
2025-09-24 16:22:41,729 | INFO | code-magnetism | Message from 1648917869 (@Tokyo_tokyo): /admin
2025-09-24 16:22:42,168 | INFO | aiogram.event | Update id=822055521 is handled. Duration 434 ms by bot id=8485537220
2025-09-24 16:22:42,170 | INFO | code-magnetism | Update 822055521 processed successfully
2025-09-24 16:22:42,175 | INFO | uvicorn.access | 91.108.5.36:0 - "POST /telegram/webhook?secret=change_me HTTP/1.1" 200
2025-09-24 16:23:08,641 | INFO | code-magnetism | Incoming update 822055522
2025-09-24 16:23:08,642 | INFO | code-magnetism | Message from 1648917869 (@Tokyo_tokyo): 📢 Рассылка
2025-09-24 16:23:09,467 | INFO | aiogram.event | Update id=822055522 is handled. Duration 818 ms by bot id=8485537220
2025-09-24 16:23:09,468 | INFO | code-magnetism | Update 822055522 processed successfully
2025-09-24 16:23:09,474 | INFO | uvicorn.access | 91.108.5.36:0 - "POST /telegram/webhook?secret=change_me HTTP/1.1" 200
2025-09-24 16:23:20,142 | INFO | code-magnetism | Incoming update 822055523
2025-09-24 16:23:20,143 | INFO | code-magnetism | Message from 1648917869 (@Tokyo_tokyo): 🎯 Лиды
2025-09-24 16:23:20,475 | INFO | aiogram.event | Update id=822055523 is handled. Duration 326 ms by bot id=8485537220
2025-09-24 16:23:20,476 | INFO | code-magnetism | Update 822055523 processed successfully
2025-09-24 16:23:20,482 | INFO | uvicorn.access | 91.108.5.36:0 - "POST /telegram/webhook?secret=change_me HTTP/1.1" 200
2025-09-24 16:23:36,214 | INFO | code-magnetism | Incoming update 822055524
2025-09-24 16:23:36,216 | INFO | code-magnetism | Message from 1648917869 (@Tokyo_tokyo): Отмена
2025-09-24 16:23:37,036 | INFO | aiogram.event | Update id=822055524 is handled. Duration 814 ms by bot id=8485537220
2025-09-24 16:23:37,037 | INFO | code-magnetism | Update 822055524 processed successfully
2025-09-24 16:23:37,042 | INFO | uvicorn.access | 91.108.5.36:0 - "POST /telegram/webhook?secret=change_me HTTP/1.1" 200
2025-09-24 16:23:41,874 | INFO | code-magnetism | Incoming update 822055525
2025-09-24 16:23:41,875 | INFO | code-magnetism | Message from 1648917869 (@Tokyo_tokyo): 🔥 Активные
2025-09-24 16:23:42,192 | INFO | aiogram.event | Update id=822055525 is handled. Duration 311 ms by bot id=8485537220
2025-09-24 16:23:42,193 | INFO | code-magnetism | Update 822055525 processed successfully
2025-09-24 16:23:42,198 | INFO | uvicorn.access | 91.108.5.36:0 - "POST /telegram/webhook?secret=change_me HTTP/1.1" 200
2025-09-24 16:23:45,809 | INFO | code-magnetism | Incoming update 822055526
2025-09-24 16:23:45,810 | INFO | code-magnetism | Message from 1648917869 (@Tokyo_tokyo): Отмена
2025-09-24 16:23:46,118 | INFO | aiogram.event | Update id=822055526 is handled. Duration 300 ms by bot id=8485537220
2025-09-24 16:23:46,119 | INFO | code-magnetism | Update 822055526 processed successfully
2025-09-24 16:23:46,124 | INFO | uvicorn.access | 91.108.5.36:0 - "POST /telegram/webhook?secret=change_me HTTP/1.1" 200
2025-09-24 16:23:49,462 | INFO | code-magnetism | Incoming update 822055527
2025-09-24 16:23:49,464 | INFO | code-magnetism | Message from 1648917869 (@Tokyo_tokyo): 🗂 Шаблоны рассылок
2025-09-24 16:23:49,811 | INFO | aiogram.event | Update id=822055527 is handled. Duration 340 ms by bot id=8485537220
2025-09-24 16:23:49,813 | INFO | code-magnetism | Update 822055527 processed successfully
2025-09-24 16:23:49,819 | INFO | uvicorn.access | 91.108.5.36:0 - "POST /telegram/webhook?secret=change_me HTTP/1.1" 200
2025-09-24 16:23:58,890 | INFO | code-magnetism | Incoming update 822055528
2025-09-24 16:23:58,891 | INFO | code-magnetism | Message from 1648917869 (@Tokyo_tokyo): ⬅️ В админку
2025-09-24 16:23:59,289 | INFO | aiogram.event | Update id=822055528 is handled. Duration 391 ms by bot id=8485537220
2025-09-24 16:23:59,290 | INFO | code-magnetism | Update 822055528 processed successfully
2025-09-24 16:23:59,297 | INFO | uvicorn.access | 91.108.5.36:0 - "POST /telegram/webhook?secret=change_me HTTP/1.1" 200
2025-09-24 16:24:02,118 | INFO | code-magnetism | Incoming update 822055529
2025-09-24 16:24:02,119 | INFO | code-magnetism | Message from 1648917869 (@Tokyo_tokyo): 📢 Рассылка
2025-09-24 16:24:02,426 | INFO | aiogram.event | Update id=822055529 is handled. Duration 301 ms by bot id=8485537220
2025-09-24 16:24:02,427 | INFO | code-magnetism | Update 822055529 processed successfully
2025-09-24 16:24:02,432 | INFO | uvicorn.access | 91.108.5.36:0 - "POST /telegram/webhook?secret=change_me HTTP/1.1" 200
2025-09-24 16:24:08,235 | INFO | code-magnetism | Incoming update 822055530
2025-09-24 16:24:08,236 | INFO | code-magnetism | Message from 1648917869 (@Tokyo_tokyo): 📣 Всем
2025-09-24 16:24:08,545 | INFO | aiogram.event | Update id=822055530 is handled. Duration 303 ms by bot id=8485537220
2025-09-24 16:24:08,546 | INFO | code-magnetism | Update 822055530 processed successfully
2025-09-24 16:24:08,553 | INFO | uvicorn.access | 91.108.5.36:0 - "POST /telegram/webhook?secret=change_me HTTP/1.1" 200
2025-09-24 16:25:38,707 | INFO | code-magnetism | Incoming update 822055531
2025-09-24 16:25:38,708 | INFO | code-magnetism | Message from 1648917869 (@Tokyo_tokyo): Привет {name} 🌺
Хочешь проверить, что у тебя есть силы, о которых ты даже не подозревала?
Я собираю 
2025-09-24 16:25:39,889 | INFO | aiogram.event | Update id=822055531 is handled. Duration 1173 ms by bot id=8485537220
2025-09-24 16:25:39,890 | INFO | code-magnetism | Update 822055531 processed successfully
2025-09-24 16:25:39,897 | INFO | uvicorn.access | 91.108.5.36:0 - "POST /telegram/webhook?secret=change_me HTTP/1.1" 200
2025-09-24 16:25:53,026 | INFO | code-magnetism | Incoming update 822055532
2025-09-24 16:25:53,027 | INFO | code-magnetism | Message from 1648917869 (@Tokyo_tokyo): 🚀 Отправить
2025-09-24 16:25:54,046 | ERROR | handlers | Failed to log admin action: invalid input for query argument $3: {'segment': 'all', 'recipients': 2, 'ok'... (expected str, got dict)
2025-09-24 16:25:54,534 | INFO | aiogram.event | Update id=822055532 is handled. Duration 1501 ms by bot id=8485537220
2025-09-24 16:25:54,535 | INFO | code-magnetism | Update 822055532 processed successfully
2025-09-24 16:25:54,542 | INFO | uvicorn.access | 91.108.5.36:0 - "POST /telegram/webhook?secret=change_me HTTP/1.1" 200
2025-09-24 16:26:00,782 | INFO | code-magnetism | Incoming update 822055533
2025-09-24 16:26:00,783 | INFO | code-magnetism | Message from 1648917869 (@Tokyo_tokyo): 🗂 Шаблоны рассылок
2025-09-24 16:26:01,107 | INFO | aiogram.event | Update id=822055533 is handled. Duration 317 ms by bot id=8485537220
2025-09-24 16:26:01,109 | INFO | code-magnetism | Update 822055533 processed successfully
2025-09-24 16:26:01,113 | INFO | uvicorn.access | 91.108.5.36:0 - "POST /telegram/webhook?secret=change_me HTTP/1.1" 200
2025-09-24 16:26:19,929 | INFO | code-magnetism | Incoming update 822055534
2025-09-24 16:26:19,930 | INFO | code-magnetism | Message from 1648917869 (@Tokyo_tokyo): Привет {name} 🌺
Хочешь проверить, что у тебя есть силы, о которых ты даже не подозревала?
Я собираю 
2025-09-24 16:26:20,763 | INFO | aiogram.event | Update id=822055534 is handled. Duration 826 ms by bot id=8485537220
2025-09-24 16:26:20,764 | INFO | code-magnetism | Update 822055534 processed successfully
2025-09-24 16:26:20,769 | INFO | uvicorn.access | 91.108.5.36:0 - "POST /telegram/webhook?secret=change_me HTTP/1.1" 200
2025-09-24 16:26:25,114 | INFO | code-magnetism | Incoming update 822055535
2025-09-24 16:26:25,115 | INFO | code-magnetism | Message from 1648917869 (@Tokyo_tokyo): /start
2025-09-24 16:26:25,984 | INFO | aiogram.event | Update id=822055535 is handled. Duration 863 ms by bot id=8485537220
2025-09-24 16:26:25,985 | INFO | code-magnetism | Update 822055535 processed successfully
2025-09-24 16:26:25,991 | INFO | uvicorn.access | 91.108.5.36:0 - "POST /telegram/webhook?secret=change_me HTTP/1.1" 200
2025-09-24 16:26:28,425 | INFO | code-magnetism | Incoming update 822055536
2025-09-24 16:26:28,427 | INFO | code-magnetism | Message from 1648917869 (@Tokyo_tokyo): ⚙️ Админка
2025-09-24 16:26:28,743 | INFO | aiogram.event | Update id=822055536 is handled. Duration 309 ms by bot id=8485537220
2025-09-24 16:26:28,744 | INFO | code-magnetism | Update 822055536 processed successfully
2025-09-24 16:26:28,749 | INFO | uvicorn.access | 91.108.5.36:0 - "POST /telegram/webhook?secret=change_me HTTP/1.1" 200
2025-09-24 16:26:31,568 | INFO | code-magnetism | Incoming update 822055537
2025-09-24 16:26:31,570 | INFO | code-magnetism | Message from 1648917869 (@Tokyo_tokyo): 📢 Рассылка
2025-09-24 16:26:31,855 | INFO | aiogram.event | Update id=822055537 is handled. Duration 280 ms by bot id=8485537220
2025-09-24 16:26:31,857 | INFO | code-magnetism | Update 822055537 processed successfully
2025-09-24 16:26:31,861 | INFO | uvicorn.access | 91.108.5.36:0 - "POST /telegram/webhook?secret=change_me HTTP/1.1" 200
2025-09-24 16:26:35,735 | INFO | code-magnetism | Incoming update 822055538
2025-09-24 16:26:35,736 | INFO | code-magnetism | Message from 1648917869 (@Tokyo_tokyo): 📣 Всем
2025-09-24 16:26:36,046 | INFO | aiogram.event | Update id=822055538 is handled. Duration 304 ms by bot id=8485537220
2025-09-24 16:26:36,047 | INFO | code-magnetism | Update 822055538 processed successfully
2025-09-24 16:26:36,052 | INFO | uvicorn.access | 91.108.5.36:0 - "POST /telegram/webhook?secret=change_me HTTP/1.1" 200
2025-09-24 16:26:40,849 | INFO | code-magnetism | Incoming update 822055539
2025-09-24 16:26:40,850 | INFO | code-magnetism | Message from 1648917869 (@Tokyo_tokyo): Привет {name} 🌺
Хочешь проверить, что у тебя есть силы, о которых ты даже не подозревала?
Я собираю 
2025-09-24 16:26:41,549 | INFO | aiogram.event | Update id=822055539 is handled. Duration 691 ms by bot id=8485537220
2025-09-24 16:26:41,550 | INFO | code-magnetism | Update 822055539 processed successfully
2025-09-24 16:26:41,557 | INFO | uvicorn.access | 91.108.5.36:0 - "POST /telegram/webhook?secret=change_me HTTP/1.1" 200
2025-09-24 16:26:43,108 | INFO | code-magnetism | Incoming update 822055540
2025-09-24 16:26:43,109 | INFO | code-magnetism | Message from 815370781 (@goldfinger_uk): Я в игре
2025-09-24 16:26:43,470 | INFO | aiogram.event | Update id=822055540 is handled. Duration 355 ms by bot id=8485537220
2025-09-24 16:26:43,471 | INFO | code-magnetism | Update 822055540 processed successfully
2025-09-24 16:26:43,478 | INFO | uvicorn.access | 91.108.5.36:0 - "POST /telegram/webhook?secret=change_me HTTP/1.1" 200
2025-09-24 16:26:43,923 | INFO | code-magnetism | Incoming update 822055541
2025-09-24 16:26:43,924 | INFO | code-magnetism | Message from 1648917869 (@Tokyo_tokyo): 💾 Сохранить шаблон
2025-09-24 16:26:44,288 | INFO | aiogram.event | Update id=822055541 is handled. Duration 356 ms by bot id=8485537220
2025-09-24 16:26:44,289 | INFO | code-magnetism | Update 822055541 processed successfully
2025-09-24 16:26:44,296 | INFO | uvicorn.access | 91.108.5.36:0 - "POST /telegram/webhook?secret=change_me HTTP/1.1" 200
2025-09-24 16:27:05,373 | INFO | code-magnetism | Incoming update 822055542
2025-09-24 16:27:05,375 | INFO | code-magnetism | Message from 1648917869 (@Tokyo_tokyo): Входная неделя
2025-09-24 16:27:05,596 | ERROR | handlers | Failed to log admin action: invalid input for query argument $3: {'title': 'Входная неделя', 'segment': '... (expected str, got dict)
2025-09-24 16:27:06,377 | INFO | aiogram.event | Update id=822055542 is handled. Duration 997 ms by bot id=8485537220
2025-09-24 16:27:06,378 | INFO | code-magnetism | Update 822055542 processed successfully
2025-09-24 16:27:06,383 | INFO | uvicorn.access | 91.108.5.36:0 - "POST /telegram/webhook?secret=change_me HTTP/1.1" 200
2025-09-24 16:27:13,768 | INFO | code-magnetism | Incoming update 822055543
2025-09-24 16:27:13,769 | INFO | code-magnetism | Message from 1648917869 (@Tokyo_tokyo): ⬅️ К сегментам
2025-09-24 16:27:14,076 | INFO | aiogram.event | Update id=822055543 is handled. Duration 301 ms by bot id=8485537220
2025-09-24 16:27:14,077 | INFO | code-magnetism | Update 822055543 processed successfully
2025-09-24 16:27:14,083 | INFO | uvicorn.access | 91.108.5.36:0 - "POST /telegram/webhook?secret=change_me HTTP/1.1" 200
2025-09-24 16:27:22,955 | INFO | code-magnetism | Incoming update 822055544
2025-09-24 16:27:22,956 | INFO | code-magnetism | Message from 1648917869 (@Tokyo_tokyo): 🧊 Завершившие
2025-09-24 16:27:23,269 | INFO | aiogram.event | Update id=822055544 is handled. Duration 307 ms by bot id=8485537220
2025-09-24 16:27:23,270 | INFO | code-magnetism | Update 822055544 processed successfully
2025-09-24 16:27:23,275 | INFO | uvicorn.access | 91.108.5.36:0 - "POST /telegram/webhook?secret=change_me HTTP/1.1" 200
2025-09-24 16:28:10,578 | INFO | code-magnetism | Incoming update 822055545
2025-09-24 16:28:10,579 | INFO | code-magnetism | Message from 1648917869 (@Tokyo_tokyo): Отмена
2025-09-24 16:28:11,359 | INFO | aiogram.event | Update id=822055545 is handled. Duration 774 ms by bot id=8485537220
2025-09-24 16:28:11,360 | INFO | code-magnetism | Update 822055545 processed successfully
2025-09-24 16:28:11,366 | INFO | uvicorn.access | 91.108.5.36:0 - "POST /telegram/webhook?secret=change_me HTTP/1.1" 200
2025-09-24 16:28:15,109 | INFO | code-magnetism | Incoming update 822055546
2025-09-24 16:28:15,115 | INFO | code-magnetism | Message from 1648917869 (@Tokyo_tokyo): 🔥 Активные
2025-09-24 16:28:15,389 | INFO | aiogram.event | Update id=822055546 is handled. Duration 270 ms by bot id=8485537220
2025-09-24 16:28:15,390 | INFO | code-magnetism | Update 822055546 processed successfully
2025-09-24 16:28:15,395 | INFO | uvicorn.access | 91.108.5.36:0 - "POST /telegram/webhook?secret=change_me HTTP/1.1" 200
2025-09-24 16:28:21,142 | INFO | code-magnetism | Incoming update 822055547
2025-09-24 16:28:21,143 | INFO | code-magnetism | Message from 1648917869 (@Tokyo_tokyo): Отмена
2025-09-24 16:28:21,412 | INFO | aiogram.event | Update id=822055547 is handled. Duration 260 ms by bot id=8485537220
2025-09-24 16:28:21,413 | INFO | code-magnetism | Update 822055547 processed successfully
2025-09-24 16:28:21,418 | INFO | uvicorn.access | 91.108.5.36:0 - "POST /telegram/webhook?secret=change_me HTTP/1.1" 200
2025-09-24 16:28:23,262 | INFO | code-magnetism | Incoming update 822055548
2025-09-24 16:28:23,263 | INFO | code-magnetism | Message from 1648917869 (@Tokyo_tokyo): 🎯 Лиды
2025-09-24 16:28:23,534 | INFO | aiogram.event | Update id=822055548 is handled. Duration 263 ms by bot id=8485537220
2025-09-24 16:28:23,535 | INFO | code-magnetism | Update 822055548 processed successfully
2025-09-24 16:28:23,541 | INFO | uvicorn.access | 91.108.5.36:0 - "POST /telegram/webhook?secret=change_me HTTP/1.1" 200
2025-09-24 16:28:34,376 | INFO | code-magnetism | Incoming update 822055549
2025-09-24 16:28:34,378 | INFO | code-magnetism | Message from 1648917869 (@Tokyo_tokyo): Отмена
2025-09-24 16:28:34,657 | INFO | aiogram.event | Update id=822055549 is handled. Duration 272 ms by bot id=8485537220
2025-09-24 16:28:34,658 | INFO | code-magnetism | Update 822055549 processed successfully
2025-09-24 16:28:34,662 | INFO | uvicorn.access | 91.108.5.36:0 - "POST /telegram/webhook?secret=change_me HTTP/1.1" 200
2025-09-24 16:28:38,050 | INFO | code-magnetism | Incoming update 822055550
2025-09-24 16:28:38,051 | INFO | code-magnetism | Message from 1648917869 (@Tokyo_tokyo): ⬅️ В админку
2025-09-24 16:28:38,418 | INFO | aiogram.event | Update id=822055550 is handled. Duration 360 ms by bot id=8485537220
2025-09-24 16:28:38,420 | INFO | code-magnetism | Update 822055550 processed successfully
2025-09-24 16:28:38,425 | INFO | uvicorn.access | 91.108.5.36:0 - "POST /telegram/webhook?secret=change_me HTTP/1.1" 200
2025-09-24 16:28:40,601 | INFO | code-magnetism | Incoming update 822055551
2025-09-24 16:28:40,602 | INFO | code-magnetism | Message from 1648917869 (@Tokyo_tokyo): 🧾 Контент и тексты
2025-09-24 16:28:40,981 | INFO | aiogram.event | Update id=822055551 is handled. Duration 372 ms by bot id=8485537220
2025-09-24 16:28:40,982 | INFO | code-magnetism | Update 822055551 processed successfully
2025-09-24 16:28:40,987 | INFO | uvicorn.access | 91.108.5.36:0 - "POST /telegram/webhook?secret=change_me HTTP/1.1" 200
2025-09-24 16:37:09,421 | INFO | code-magnetism | Incoming update 822055552
2025-09-24 16:37:09,423 | INFO | code-magnetism | Message from 1648917869 (@Tokyo_tokyo): ⬅️ В админку
2025-09-24 16:37:10,257 | INFO | aiogram.event | Update id=822055552 is handled. Duration 829 ms by bot id=8485537220
2025-09-24 16:37:10,259 | INFO | code-magnetism | Update 822055552 processed successfully
2025-09-24 16:37:10,264 | INFO | uvicorn.access | 91.108.5.36:0 - "POST /telegram/webhook?secret=change_me HTTP/1.1" 200
2025-09-24 16:37:18,530 | INFO | code-magnetism | Incoming update 822055553
2025-09-24 16:37:18,531 | INFO | code-magnetism | Message from 1648917869 (@Tokyo_tokyo): ⬅️ В главное меню
2025-09-24 16:37:19,352 | INFO | aiogram.event | Update id=822055553 is handled. Duration 815 ms by bot id=8485537220
2025-09-24 16:37:19,353 | INFO | code-magnetism | Update 822055553 processed successfully
2025-09-24 16:37:19,358 | INFO | uvicorn.access | 91.108.5.36:0 - "POST /telegram/webhook?secret=change_me HTTP/1.1" 200
2025-09-24 16:37:55,570 | INFO | code-magnetism | Incoming update 822055554
2025-09-24 16:37:55,571 | INFO | code-magnetism | Message from 1648917869 (@Tokyo_tokyo): ⚙️ Админка
2025-09-24 16:37:56,348 | INFO | aiogram.event | Update id=822055554 is handled. Duration 771 ms by bot id=8485537220
2025-09-24 16:37:56,349 | INFO | code-magnetism | Update 822055554 processed successfully
2025-09-24 16:37:56,354 | INFO | uvicorn.access | 91.108.5.36:0 - "POST /telegram/webhook?secret=change_me HTTP/1.1" 200
2025-09-24 16:37:57,958 | INFO | code-magnetism | Incoming update 822055555
2025-09-24 16:37:57,961 | INFO | code-magnetism | Message from 1648917869 (@Tokyo_tokyo): 🧾 Контент и тексты
2025-09-24 16:37:58,358 | INFO | aiogram.event | Update id=822055555 is handled. Duration 392 ms by bot id=8485537220
2025-09-24 16:37:58,360 | INFO | code-magnetism | Update 822055555 processed successfully
2025-09-24 16:37:58,364 | INFO | uvicorn.access | 91.108.5.36:0 - "POST /telegram/webhook?secret=change_me HTTP/1.1" 200
2025-09-24 16:38:01,305 | INFO | code-magnetism | Incoming update 822055556
2025-09-24 16:38:01,308 | INFO | code-magnetism | Message from 1648917869 (@Tokyo_tokyo): 📄 Тексты экранов
2025-09-24 16:38:01,590 | INFO | aiogram.event | Update id=822055556 is handled. Duration 276 ms by bot id=8485537220
2025-09-24 16:38:01,591 | INFO | code-magnetism | Update 822055556 processed successfully
2025-09-24 16:38:01,596 | INFO | uvicorn.access | 91.108.5.36:0 - "POST /telegram/webhook?secret=change_me HTTP/1.1" 200
2025-09-24 16:40:23,695 | INFO | code-magnetism | Incoming update 822055557
2025-09-24 16:40:23,696 | INFO | code-magnetism | Message from 1648917869 (@Tokyo_tokyo): ℹ️ Раздел «О клубе»
2025-09-24 16:40:24,585 | INFO | aiogram.event | Update id=822055557 is handled. Duration 883 ms by bot id=8485537220
2025-09-24 16:40:24,588 | INFO | code-magnetism | Update 822055557 processed successfully
2025-09-24 16:40:24,592 | INFO | uvicorn.access | 91.108.5.36:0 - "POST /telegram/webhook?secret=change_me HTTP/1.1" 200
2025-09-24 16:40:32,560 | INFO | code-magnetism | Incoming update 822055558
2025-09-24 16:40:32,561 | INFO | code-magnetism | Message from 1648917869 (@Tokyo_tokyo): Подсказка «О клубе»
2025-09-24 16:40:32,923 | INFO | aiogram.event | Update id=822055558 is handled. Duration 356 ms by bot id=8485537220
2025-09-24 16:40:32,934 | INFO | code-magnetism | Update 822055558 processed successfully
2025-09-24 16:40:32,939 | INFO | uvicorn.access | 91.108.5.36:0 - "POST /telegram/webhook?secret=change_me HTTP/1.1" 200
2025-09-24 16:45:28,675 | INFO | code-magnetism | Incoming update 822055559
2025-09-24 16:45:28,676 | INFO | code-magnetism | Message from 1648917869 (@Tokyo_tokyo): О клубе CODE:Магнетизм

Ты в пространстве, где женская сила не притворяется, а включается. Здесь мы 
2025-09-24 16:45:28,785 | INFO | handlers | content: set key=menu.prompts.info len=526
2025-09-24 16:45:28,790 | ERROR | handlers | Failed to log admin action: invalid input for query argument $3: {'key': 'menu.prompts.info', 'length': 5... (expected str, got dict)
2025-09-24 16:45:29,696 | INFO | aiogram.event | Update id=822055559 is handled. Duration 1012 ms by bot id=8485537220
2025-09-24 16:45:29,697 | INFO | code-magnetism | Update 822055559 processed successfully
2025-09-24 16:45:29,702 | INFO | uvicorn.access | 91.108.5.36:0 - "POST /telegram/webhook?secret=change_me HTTP/1.1" 200
2025-09-24 16:45:35,350 | INFO | code-magnetism | Incoming update 822055560
2025-09-24 16:45:35,351 | INFO | code-magnetism | Message from 1648917869 (@Tokyo_tokyo): Окно «О клубе»
2025-09-24 16:45:35,636 | INFO | aiogram.event | Update id=822055560 is handled. Duration 279 ms by bot id=8485537220
2025-09-24 16:45:35,637 | INFO | code-magnetism | Update 822055560 processed successfully
2025-09-24 16:45:35,642 | INFO | uvicorn.access | 91.108.5.36:0 - "POST /telegram/webhook?secret=change_me HTTP/1.1" 200
2025-09-24 16:45:53,113 | INFO | code-magnetism | Incoming update 822055561
2025-09-24 16:45:53,114 | INFO | code-magnetism | Message from 1648917869 (@Tokyo_tokyo): О клубе CODE:Магнетизм

Ты в пространстве, где женская сила не притворяется, а включается. Здесь мы 
2025-09-24 16:45:53,171 | INFO | handlers | content: set key=menu.about len=526
2025-09-24 16:45:53,174 | ERROR | handlers | Failed to log admin action: invalid input for query argument $3: {'key': 'menu.about', 'length': 526} (expected str, got dict)
2025-09-24 16:45:54,274 | INFO | aiogram.event | Update id=822055561 is handled. Duration 1153 ms by bot id=8485537220
2025-09-24 16:45:54,275 | INFO | code-magnetism | Update 822055561 processed successfully
2025-09-24 16:45:54,280 | INFO | uvicorn.access | 91.108.5.36:0 - "POST /telegram/webhook?secret=change_me HTTP/1.1" 200
2025-09-24 16:46:00,600 | INFO | code-magnetism | Incoming update 822055562
2025-09-24 16:46:00,601 | INFO | code-magnetism | Message from 1648917869 (@Tokyo_tokyo): Окно FAQ
2025-09-24 16:46:00,928 | INFO | aiogram.event | Update id=822055562 is handled. Duration 321 ms by bot id=8485537220
2025-09-24 16:46:00,930 | INFO | code-magnetism | Update 822055562 processed successfully
2025-09-24 16:46:00,935 | INFO | uvicorn.access | 91.108.5.36:0 - "POST /telegram/webhook?secret=change_me HTTP/1.1" 200
2025-09-24 17:15:15,132 | INFO | code-magnetism | Incoming update 822055563
2025-09-24 17:15:15,135 | INFO | code-magnetism | Message from 1648917869 (@Tokyo_tokyo): FAQ — Частые вопросы

1. Как устроен клуб?
Каждую неделю ты получаешь 3 материала:
— Подкаст или ауд
2025-09-24 17:15:15,733 | INFO | handlers | content: set key=menu.faq len=655
2025-09-24 17:15:15,737 | ERROR | handlers | Failed to log admin action: invalid input for query argument $3: {'key': 'menu.faq', 'length': 655} (expected str, got dict)
2025-09-24 17:15:16,645 | INFO | aiogram.event | Update id=822055563 is handled. Duration 1500 ms by bot id=8485537220
2025-09-24 17:15:16,646 | INFO | code-magnetism | Update 822055563 processed successfully
2025-09-24 17:15:16,651 | INFO | uvicorn.access | 91.108.5.36:0 - "POST /telegram/webhook?secret=change_me HTTP/1.1" 200
2025-09-24 17:15:30,091 | INFO | code-magnetism | Incoming update 822055564
2025-09-24 17:15:30,092 | INFO | code-magnetism | Message from 1648917869 (@Tokyo_tokyo): Окно «Правила»
2025-09-24 17:15:30,448 | INFO | aiogram.event | Update id=822055564 is handled. Duration 349 ms by bot id=8485537220
2025-09-24 17:15:30,449 | INFO | code-magnetism | Update 822055564 processed successfully
2025-09-24 17:15:30,454 | INFO | uvicorn.access | 91.108.5.36:0 - "POST /telegram/webhook?secret=change_me HTTP/1.1" 200
2025-09-24 17:16:29,637 | INFO | code-magnetism | Incoming update 822055565
2025-09-24 17:16:29,639 | INFO | code-magnetism | Message from 1648917869 (@Tokyo_tokyo): 📜 Правила клуба

Чтобы наш клуб оставался тёплым, глубоким и безопасным пространством:

1. Уважай гр
2025-09-24 17:16:29,714 | INFO | handlers | content: set key=menu.rules len=595
2025-09-24 17:16:29,717 | ERROR | handlers | Failed to log admin action: invalid input for query argument $3: {'key': 'menu.rules', 'length': 595} (expected str, got dict)
2025-09-24 17:16:30,877 | INFO | aiogram.event | Update id=822055565 is handled. Duration 1231 ms by bot id=8485537220
2025-09-24 17:16:30,879 | INFO | code-magnetism | Update 822055565 processed successfully
2025-09-24 17:16:30,883 | INFO | uvicorn.access | 91.108.5.36:0 - "POST /telegram/webhook?secret=change_me HTTP/1.1" 200
2025-09-24 17:16:39,920 | INFO | code-magnetism | Incoming update 822055566
2025-09-24 17:16:39,922 | INFO | code-magnetism | Message from 1648917869 (@Tokyo_tokyo): ⬅️ К списку текстов
2025-09-24 17:16:40,380 | INFO | aiogram.event | Update id=822055566 is handled. Duration 453 ms by bot id=8485537220
2025-09-24 17:16:40,381 | INFO | code-magnetism | Update 822055566 processed successfully
2025-09-24 17:16:40,386 | INFO | uvicorn.access | 91.108.5.36:0 - "POST /telegram/webhook?secret=change_me HTTP/1.1" 200
2025-09-24 17:16:45,272 | INFO | code-magnetism | Incoming update 822055567
2025-09-24 17:16:45,273 | INFO | code-magnetism | Message from 1648917869 (@Tokyo_tokyo): 🏠 Вход и меню
2025-09-24 17:16:45,806 | INFO | aiogram.event | Update id=822055567 is handled. Duration 527 ms by bot id=8485537220
2025-09-24 17:16:45,807 | INFO | code-magnetism | Update 822055567 processed successfully
2025-09-24 17:16:45,812 | INFO | uvicorn.access | 91.108.5.36:0 - "POST /telegram/webhook?secret=change_me HTTP/1.1" 200
2025-09-24 17:17:57,747 | INFO | code-magnetism | Incoming update 822055568
2025-09-24 17:17:57,750 | INFO | code-magnetism | Message from 1648917869 (@Tokyo_tokyo): Приветствие /start
2025-09-24 17:17:58,490 | INFO | aiogram.event | Update id=822055568 is handled. Duration 734 ms by bot id=8485537220
2025-09-24 17:17:58,491 | INFO | code-magnetism | Update 822055568 processed successfully
2025-09-24 17:17:58,496 | INFO | uvicorn.access | 91.108.5.36:0 - "POST /telegram/webhook?secret=change_me HTTP/1.1" 200
2025-09-24 17:19:00,561 | INFO | code-magnetism | Incoming update 822055569
2025-09-24 17:19:00,562 | INFO | code-magnetism | Message from 1648917869 (@Tokyo_tokyo): <b>Добро пожаловать в клуб «CODE: Магнетизм»! 🌺</b>

Ты внутри.  
Это не просто канал или курс — это
2025-09-24 17:19:00,653 | INFO | handlers | content: set key=menu.start len=444
2025-09-24 17:19:00,656 | ERROR | handlers | Failed to log admin action: invalid input for query argument $3: {'key': 'menu.start', 'length': 444} (expected str, got dict)
2025-09-24 17:19:01,671 | INFO | aiogram.event | Update id=822055569 is handled. Duration 1102 ms by bot id=8485537220
2025-09-24 17:19:01,672 | INFO | code-magnetism | Update 822055569 processed successfully
2025-09-24 17:19:01,677 | INFO | uvicorn.access | 91.108.5.36:0 - "POST /telegram/webhook?secret=change_me HTTP/1.1" 200
2025-09-24 18:31:51,624 | INFO | code-magnetism | Incoming update 822055570
2025-09-24 18:31:51,627 | INFO | code-magnetism | Message from 815370781 (@goldfinger_uk): 💳 Оплата
2025-09-24 18:31:52,816 | INFO | aiogram.event | Update id=822055570 is handled. Duration 1182 ms by bot id=8485537220
2025-09-24 18:31:52,817 | INFO | code-magnetism | Update 822055570 processed successfully
2025-09-24 18:31:52,823 | INFO | uvicorn.access | 91.108.5.36:0 - "POST /telegram/webhook?secret=change_me HTTP/1.1" 200
2025-09-24 19:03:47,313 | INFO | code-magnetism | Incoming update 822055571
2025-09-24 19:04:00,232 | INFO | code-magnetism | Message from 815370781 (@goldfinger_uk): ℹ️ О клубе
2025-09-24 19:04:01,516 | INFO | aiogram.event | Update id=822055571 is handled. Duration 1267 ms by bot id=8485537220
2025-09-24 19:04:01,517 | INFO | code-magnetism | Update 822055571 processed successfully
2025-09-24 19:04:01,519 | INFO | uvicorn.access | 91.108.5.36:0 - "POST /telegram/webhook?secret=change_me HTTP/1.1" 200
2025-09-24 19:04:11,929 | INFO | code-magnetism | Incoming update 822055572
2025-09-24 19:04:11,930 | INFO | code-magnetism | Message from 815370781 (@goldfinger_uk): FAQ
2025-09-24 19:04:12,286 | INFO | aiogram.event | Update id=822055572 is handled. Duration 348 ms by bot id=8485537220
2025-09-24 19:04:12,287 | INFO | code-magnetism | Update 822055572 processed successfully
2025-09-24 19:04:12,292 | INFO | uvicorn.access | 91.108.5.36:0 - "POST /telegram/webhook?secret=change_me HTTP/1.1" 200
2025-09-24 19:04:17,136 | INFO | code-magnetism | Incoming update 822055573
2025-09-24 19:04:17,137 | INFO | code-magnetism | Message from 815370781 (@goldfinger_uk): О клубе
2025-09-24 19:04:17,479 | INFO | aiogram.event | Update id=822055573 is handled. Duration 335 ms by bot id=8485537220
2025-09-24 19:04:17,480 | INFO | code-magnetism | Update 822055573 processed successfully
2025-09-24 19:04:17,522 | INFO | uvicorn.access | 91.108.5.36:0 - "POST /telegram/webhook?secret=change_me HTTP/1.1" 200
2025-09-24 19:04:21,241 | INFO | code-magnetism | Incoming update 822055574
2025-09-24 19:04:21,242 | INFO | code-magnetism | Message from 815370781 (@goldfinger_uk): Правила
2025-09-24 19:04:21,552 | INFO | aiogram.event | Update id=822055574 is handled. Duration 301 ms by bot id=8485537220
2025-09-24 19:04:21,553 | INFO | code-magnetism | Update 822055574 processed successfully
2025-09-24 19:04:21,558 | INFO | uvicorn.access | 91.108.5.36:0 - "POST /telegram/webhook?secret=change_me HTTP/1.1" 200
2025-09-24 19:24:06,786 | INFO | code-magnetism | Incoming update 822055575
2025-09-24 19:24:06,787 | INFO | code-magnetism | Message from 815370781 (@goldfinger_uk): О клубе
2025-09-24 19:24:07,882 | INFO | aiogram.event | Update id=822055575 is handled. Duration 1093 ms by bot id=8485537220
2025-09-24 19:24:07,883 | INFO | code-magnetism | Update 822055575 processed successfully
2025-09-24 19:24:07,885 | INFO | uvicorn.access | 91.108.5.36:0 - "POST /telegram/webhook?secret=change_me HTTP/1.1" 200
2025-09-24 19:24:11,220 | INFO | code-magnetism | Incoming update 822055576
2025-09-24 19:24:11,221 | INFO | code-magnetism | Message from 815370781 (@goldfinger_uk): ⬅️ В главное меню
2025-09-24 19:24:11,475 | INFO | aiogram.event | Update id=822055576 is handled. Duration 249 ms by bot id=8485537220
2025-09-24 19:24:11,477 | INFO | code-magnetism | Update 822055576 processed successfully
2025-09-24 19:24:11,483 | INFO | uvicorn.access | 91.108.5.36:0 - "POST /telegram/webhook?secret=change_me HTTP/1.1" 200
2025-09-24 19:24:13,857 | INFO | code-magnetism | Incoming update 822055577
2025-09-24 19:24:13,859 | INFO | code-magnetism | Message from 815370781 (@goldfinger_uk): 💳 Оплата
2025-09-24 19:24:14,111 | INFO | aiogram.event | Update id=822055577 is handled. Duration 246 ms by bot id=8485537220
2025-09-24 19:24:14,112 | INFO | code-magnetism | Update 822055577 processed successfully
2025-09-24 19:24:14,116 | INFO | uvicorn.access | 91.108.5.36:0 - "POST /telegram/webhook?secret=change_me HTTP/1.1" 200
2025-09-24 19:24:25,542 | INFO | code-magnetism | Incoming update 822055578
2025-09-24 19:24:25,543 | INFO | code-magnetism | Message from 815370781 (@goldfinger_uk): 👤 Профиль
2025-09-24 19:24:25,788 | INFO | aiogram.event | Update id=822055578 is handled. Duration 239 ms by bot id=8485537220
2025-09-24 19:24:25,789 | INFO | code-magnetism | Update 822055578 processed successfully
2025-09-24 19:24:25,794 | INFO | uvicorn.access | 91.108.5.36:0 - "POST /telegram/webhook?secret=change_me HTTP/1.1" 200
2025-09-24 19:24:30,011 | INFO | code-magnetism | Incoming update 822055579
2025-09-24 19:24:30,012 | INFO | code-magnetism | Message from 815370781 (@goldfinger_uk): Мой профиль
2025-09-24 19:24:31,004 | INFO | aiogram.event | Update id=822055579 is handled. Duration 987 ms by bot id=8485537220
2025-09-24 19:24:31,005 | INFO | code-magnetism | Update 822055579 processed successfully
2025-09-24 19:24:31,010 | INFO | uvicorn.access | 91.108.5.36:0 - "POST /telegram/webhook?secret=change_me HTTP/1.1" 200
2025-09-24 19:24:36,545 | INFO | code-magnetism | Incoming update 822055580
2025-09-24 19:24:36,546 | INFO | code-magnetism | Message from 815370781 (@goldfinger_uk): Изменить email
2025-09-24 19:24:36,818 | INFO | aiogram.event | Update id=822055580 is handled. Duration 267 ms by bot id=8485537220
2025-09-24 19:24:36,819 | INFO | code-magnetism | Update 822055580 processed successfully
2025-09-24 19:24:36,824 | INFO | uvicorn.access | 91.108.5.36:0 - "POST /telegram/webhook?secret=change_me HTTP/1.1" 200
2025-09-24 19:24:38,076 | INFO | code-magnetism | Incoming update 822055581
2025-09-24 19:24:38,077 | INFO | code-magnetism | Message from 815370781 (@goldfinger_uk): Отмена
2025-09-24 19:24:38,356 | INFO | aiogram.event | Update id=822055581 is handled. Duration 274 ms by bot id=8485537220
2025-09-24 19:24:38,357 | INFO | code-magnetism | Update 822055581 processed successfully
2025-09-24 19:24:38,362 | INFO | uvicorn.access | 91.108.5.36:0 - "POST /telegram/webhook?secret=change_me HTTP/1.1" 200
2025-09-24 19:24:41,362 | INFO | code-magnetism | Incoming update 822055582
2025-09-24 19:24:41,363 | INFO | code-magnetism | Message from 815370781 (@goldfinger_uk): Отмена
2025-09-24 19:24:41,605 | INFO | aiogram.event | Update id=822055582 is handled. Duration 233 ms by bot id=8485537220
2025-09-24 19:24:41,606 | INFO | code-magnetism | Update 822055582 processed successfully
2025-09-24 19:24:41,611 | INFO | uvicorn.access | 91.108.5.36:0 - "POST /telegram/webhook?secret=change_me HTTP/1.1" 200
2025-09-24 19:24:55,526 | INFO | code-magnetism | Incoming update 822055583
2025-09-24 19:24:55,527 | INFO | code-magnetism | Message from 815370781 (@goldfinger_uk): balabanov.a@yahoo.com
2025-09-24 19:24:56,186 | INFO | aiogram.event | Update id=822055583 is handled. Duration 625 ms by bot id=8485537220
2025-09-24 19:24:56,188 | INFO | code-magnetism | Update 822055583 processed successfully
2025-09-24 19:24:56,193 | INFO | uvicorn.access | 91.108.5.36:0 - "POST /telegram/webhook?secret=change_me HTTP/1.1" 200
2025-09-24 19:24:58,572 | INFO | code-magnetism | Incoming update 822055584
2025-09-24 19:24:58,574 | INFO | code-magnetism | Message from 815370781 (@goldfinger_uk): Изменить телефон
2025-09-24 19:24:58,908 | INFO | aiogram.event | Update id=822055584 is handled. Duration 327 ms by bot id=8485537220
2025-09-24 19:24:58,909 | INFO | code-magnetism | Update 822055584 processed successfully
2025-09-24 19:24:58,914 | INFO | uvicorn.access | 91.108.5.36:0 - "POST /telegram/webhook?secret=change_me HTTP/1.1" 200
2025-09-24 19:25:09,921 | INFO | code-magnetism | Incoming update 822055585
2025-09-24 19:25:09,923 | INFO | code-magnetism | Message from 815370781 (@goldfinger_uk): +5513996532915
2025-09-24 19:25:10,539 | INFO | aiogram.event | Update id=822055585 is handled. Duration 610 ms by bot id=8485537220
2025-09-24 19:25:10,540 | INFO | code-magnetism | Update 822055585 processed successfully
2025-09-24 19:25:10,546 | INFO | uvicorn.access | 91.108.5.36:0 - "POST /telegram/webhook?secret=change_me HTTP/1.1" 200
2025-09-24 19:25:13,943 | INFO | code-magnetism | Incoming update 822055586
2025-09-24 19:25:13,944 | INFO | code-magnetism | Message from 815370781 (@goldfinger_uk): 💳 Оплата
2025-09-24 19:25:14,274 | INFO | aiogram.event | Update id=822055586 is handled. Duration 325 ms by bot id=8485537220
2025-09-24 19:25:14,276 | INFO | code-magnetism | Update 822055586 processed successfully
2025-09-24 19:25:14,282 | INFO | uvicorn.access | 91.108.5.36:0 - "POST /telegram/webhook?secret=change_me HTTP/1.1" 200
2025-09-24 19:25:54,073 | INFO | code-magnetism | Incoming update 822055587
2025-09-24 19:25:54,074 | INFO | code-magnetism | Message from 7799059636 (@None): /start
2025-09-24 19:25:54,181 | INFO | handlers | ensure_user: created user tg_id=7799059636 id=3
2025-09-24 19:25:54,947 | INFO | aiogram.event | Update id=822055587 is handled. Duration 867 ms by bot id=8485537220
2025-09-24 19:25:54,948 | INFO | code-magnetism | Update 822055587 processed successfully
2025-09-24 19:25:54,952 | INFO | uvicorn.access | 91.108.5.36:0 - "POST /telegram/webhook?secret=change_me HTTP/1.1" 200
2025-09-24 19:26:05,606 | INFO | code-magnetism | Incoming update 822055588
2025-09-24 19:26:05,607 | INFO | code-magnetism | Message from 7799059636 (@None): Отмена
2025-09-24 19:26:05,878 | INFO | aiogram.event | Update id=822055588 is handled. Duration 266 ms by bot id=8485537220
2025-09-24 19:26:05,880 | INFO | code-magnetism | Update 822055588 processed successfully
2025-09-24 19:26:05,884 | INFO | uvicorn.access | 91.108.5.36:0 - "POST /telegram/webhook?secret=change_me HTTP/1.1" 200
2025-09-24 19:26:09,411 | INFO | code-magnetism | Incoming update 822055589
2025-09-24 19:26:09,412 | INFO | code-magnetism | Message from 7799059636 (@None): Отмена
2025-09-24 19:26:09,694 | INFO | aiogram.event | Update id=822055589 is handled. Duration 274 ms by bot id=8485537220
2025-09-24 19:26:09,696 | INFO | code-magnetism | Update 822055589 processed successfully
2025-09-24 19:26:09,701 | INFO | uvicorn.access | 91.108.5.36:0 - "POST /telegram/webhook?secret=change_me HTTP/1.1" 200
2025-09-24 19:26:42,520 | INFO | code-magnetism | Incoming update 822055590
2025-09-24 19:26:42,521 | INFO | code-magnetism | Message from 7799059636 (@None): cambly.studio@gmail.com
2025-09-24 19:26:43,206 | INFO | aiogram.event | Update id=822055590 is handled. Duration 679 ms by bot id=8485537220
2025-09-24 19:26:43,207 | INFO | code-magnetism | Update 822055590 processed successfully
2025-09-24 19:26:43,212 | INFO | uvicorn.access | 91.108.5.36:0 - "POST /telegram/webhook?secret=change_me HTTP/1.1" 200
2025-09-24 19:27:18,453 | INFO | code-magnetism | Incoming update 822055591
2025-09-24 19:27:18,454 | INFO | code-magnetism | Message from 7799059636 (@None): +5577965427487
2025-09-24 19:27:19,312 | INFO | aiogram.event | Update id=822055591 is handled. Duration 853 ms by bot id=8485537220
2025-09-24 19:27:19,314 | INFO | code-magnetism | Update 822055591 processed successfully
2025-09-24 19:27:19,319 | INFO | uvicorn.access | 91.108.5.36:0 - "POST /telegram/webhook?secret=change_me HTTP/1.1" 200
2025-09-24 19:27:29,797 | INFO | code-magnetism | Incoming update 822055592
2025-09-24 19:27:29,798 | INFO | code-magnetism | Message from 7799059636 (@None): 👤 Профиль
2025-09-24 19:27:30,083 | INFO | aiogram.event | Update id=822055592 is handled. Duration 279 ms by bot id=8485537220
2025-09-24 19:27:30,085 | INFO | code-magnetism | Update 822055592 processed successfully
2025-09-24 19:27:30,089 | INFO | uvicorn.access | 91.108.5.36:0 - "POST /telegram/webhook?secret=change_me HTTP/1.1" 200
2025-09-24 19:27:32,410 | INFO | code-magnetism | Incoming update 822055593
2025-09-24 19:27:32,411 | INFO | code-magnetism | Message from 7799059636 (@None): Мой профиль
2025-09-24 19:27:32,734 | INFO | aiogram.event | Update id=822055593 is handled. Duration 317 ms by bot id=8485537220
2025-09-24 19:27:32,735 | INFO | code-magnetism | Update 822055593 processed successfully
2025-09-24 19:27:32,741 | INFO | uvicorn.access | 91.108.5.36:0 - "POST /telegram/webhook?secret=change_me HTTP/1.1" 200
2025-09-24 19:28:18,871 | INFO | code-magnetism | Incoming update 822055594
2025-09-24 19:28:18,872 | INFO | code-magnetism | Message from 7799059636 (@None): ⬅️ В главное меню
2025-09-24 19:28:19,541 | INFO | aiogram.event | Update id=822055594 is handled. Duration 664 ms by bot id=8485537220
2025-09-24 19:28:19,542 | INFO | code-magnetism | Update 822055594 processed successfully
2025-09-24 19:28:19,547 | INFO | uvicorn.access | 91.108.5.36:0 - "POST /telegram/webhook?secret=change_me HTTP/1.1" 200
2025-09-24 19:28:37,639 | INFO | code-magnetism | Incoming update 822055595
2025-09-24 19:28:37,640 | INFO | code-magnetism | Message from 815370781 (@goldfinger_uk): ⚙️ Админка
2025-09-24 19:28:38,449 | INFO | aiogram.event | Update id=822055595 is handled. Duration 804 ms by bot id=8485537220
2025-09-24 19:28:38,450 | INFO | code-magnetism | Update 822055595 processed successfully
2025-09-24 19:28:38,455 | INFO | uvicorn.access | 91.108.5.36:0 - "POST /telegram/webhook?secret=change_me HTTP/1.1" 200
2025-09-24 19:28:41,506 | INFO | code-magnetism | Incoming update 822055596
2025-09-24 19:28:41,507 | INFO | code-magnetism | Message from 815370781 (@goldfinger_uk): 👥 Пользователи
2025-09-24 19:28:41,811 | INFO | aiogram.event | Update id=822055596 is handled. Duration 294 ms by bot id=8485537220
2025-09-24 19:28:41,812 | INFO | code-magnetism | Update 822055596 processed successfully
2025-09-24 19:28:41,817 | INFO | uvicorn.access | 91.108.5.36:0 - "POST /telegram/webhook?secret=change_me HTTP/1.1" 200
2025-09-24 19:29:34,022 | INFO | code-magnetism | Incoming update 822055597
2025-09-24 19:29:34,023 | INFO | code-magnetism | Message from 815370781 (@goldfinger_uk): /admin access
2025-09-24 19:29:34,747 | INFO | aiogram.event | Update id=822055597 is handled. Duration 716 ms by bot id=8485537220
2025-09-24 19:29:34,748 | INFO | code-magnetism | Update 822055597 processed successfully
2025-09-24 19:29:34,753 | INFO | uvicorn.access | 91.108.5.36:0 - "POST /telegram/webhook?secret=change_me HTTP/1.1" 200
2025-09-24 19:29:54,202 | INFO | code-magnetism | Incoming update 822055598
2025-09-24 19:29:54,203 | INFO | code-magnetism | Message from 815370781 (@goldfinger_uk): revoke
2025-09-24 19:29:55,107 | INFO | aiogram.event | Update id=822055598 is handled. Duration 899 ms by bot id=8485537220
2025-09-24 19:29:55,108 | INFO | code-magnetism | Update 822055598 processed successfully
2025-09-24 19:29:55,113 | INFO | uvicorn.access | 91.108.5.36:0 - "POST /telegram/webhook?secret=change_me HTTP/1.1" 200
2025-09-24 19:29:57,777 | INFO | code-magnetism | Incoming update 822055599
2025-09-24 19:29:57,778 | INFO | code-magnetism | Message from 815370781 (@goldfinger_uk): /start
2025-09-24 19:29:58,674 | INFO | aiogram.event | Update id=822055599 is handled. Duration 891 ms by bot id=8485537220
2025-09-24 19:29:58,675 | INFO | code-magnetism | Update 822055599 processed successfully
2025-09-24 19:29:58,680 | INFO | uvicorn.access | 91.108.5.36:0 - "POST /telegram/webhook?secret=change_me HTTP/1.1" 200
2025-09-24 19:30:07,595 | INFO | code-magnetism | Incoming update 822055600
2025-09-24 19:30:07,596 | INFO | code-magnetism | Message from 815370781 (@goldfinger_uk): 👤 Профиль
2025-09-24 19:30:07,887 | INFO | aiogram.event | Update id=822055600 is handled. Duration 286 ms by bot id=8485537220
2025-09-24 19:30:07,888 | INFO | code-magnetism | Update 822055600 processed successfully
2025-09-24 19:30:07,894 | INFO | uvicorn.access | 91.108.5.36:0 - "POST /telegram/webhook?secret=change_me HTTP/1.1" 200
2025-09-24 19:30:10,785 | INFO | code-magnetism | Incoming update 822055601
2025-09-24 19:30:10,786 | INFO | code-magnetism | Message from 815370781 (@goldfinger_uk): Мой профиль
2025-09-24 19:30:11,038 | INFO | aiogram.event | Update id=822055601 is handled. Duration 249 ms by bot id=8485537220
2025-09-24 19:30:11,040 | INFO | code-magnetism | Update 822055601 processed successfully
2025-09-24 19:30:11,045 | INFO | uvicorn.access | 91.108.5.36:0 - "POST /telegram/webhook?secret=change_me HTTP/1.1" 200
2025-09-24 19:30:15,106 | INFO | code-magnetism | Incoming update 822055602
2025-09-24 19:30:15,107 | INFO | code-magnetism | Message from 815370781 (@goldfinger_uk): ⬅️ В главное меню
2025-09-24 19:30:15,396 | INFO | aiogram.event | Update id=822055602 is handled. Duration 281 ms by bot id=8485537220
2025-09-24 19:30:15,397 | INFO | code-magnetism | Update 822055602 processed successfully
2025-09-24 19:30:15,402 | INFO | uvicorn.access | 91.108.5.36:0 - "POST /telegram/webhook?secret=change_me HTTP/1.1" 200
2025-09-24 19:30:24,477 | INFO | code-magnetism | Incoming update 822055603
2025-09-24 19:30:24,483 | INFO | code-magnetism | Message from 815370781 (@goldfinger_uk): /start
2025-09-24 19:30:25,019 | INFO | aiogram.event | Update id=822055603 is handled. Duration 531 ms by bot id=8485537220
2025-09-24 19:30:25,020 | INFO | code-magnetism | Update 822055603 processed successfully
2025-09-24 19:30:25,027 | INFO | uvicorn.access | 91.108.5.36:0 - "POST /telegram/webhook?secret=change_me HTTP/1.1" 200
2025-09-24 19:31:07,276 | INFO | code-magnetism | Incoming update 822055604
2025-09-24 19:31:07,277 | INFO | code-magnetism | Message from 815370781 (@goldfinger_uk): ⚙️ Админка
2025-09-24 19:31:08,054 | INFO | aiogram.event | Update id=822055604 is handled. Duration 771 ms by bot id=8485537220
2025-09-24 19:31:08,056 | INFO | code-magnetism | Update 822055604 processed successfully
2025-09-24 19:31:08,062 | INFO | uvicorn.access | 91.108.5.36:0 - "POST /telegram/webhook?secret=change_me HTTP/1.1" 200
2025-09-24 19:31:09,978 | INFO | code-magnetism | Incoming update 822055605
2025-09-24 19:31:09,979 | INFO | code-magnetism | Message from 815370781 (@goldfinger_uk): 👥 Пользователи
2025-09-24 19:31:10,279 | INFO | aiogram.event | Update id=822055605 is handled. Duration 294 ms by bot id=8485537220
2025-09-24 19:31:10,280 | INFO | code-magnetism | Update 822055605 processed successfully
2025-09-24 19:31:10,284 | INFO | uvicorn.access | 91.108.5.36:0 - "POST /telegram/webhook?secret=change_me HTTP/1.1" 200
2025-09-24 19:32:27,429 | INFO | code-magnetism | Incoming update 822055606
2025-09-24 19:32:27,431 | INFO | code-magnetism | Message from 7799059636 (@pornlabl): 🎓 Обучение
2025-09-24 19:32:28,139 | INFO | aiogram.event | Update id=822055606 is handled. Duration 702 ms by bot id=8485537220
2025-09-24 19:32:28,140 | INFO | code-magnetism | Update 822055606 processed successfully
2025-09-24 19:32:28,144 | INFO | uvicorn.access | 91.108.5.36:0 - "POST /telegram/webhook?secret=change_me HTTP/1.1" 200
2025-09-24 19:32:31,173 | INFO | code-magnetism | Incoming update 822055607
2025-09-24 19:32:31,174 | INFO | code-magnetism | Message from 7799059636 (@pornlabl): ⬅️ В главное меню
2025-09-24 19:32:31,419 | INFO | aiogram.event | Update id=822055607 is handled. Duration 239 ms by bot id=8485537220
2025-09-24 19:32:31,420 | INFO | code-magnetism | Update 822055607 processed successfully
2025-09-24 19:32:31,425 | INFO | uvicorn.access | 91.108.5.36:0 - "POST /telegram/webhook?secret=change_me HTTP/1.1" 200
2025-09-24 19:32:32,998 | INFO | code-magnetism | Incoming update 822055608
2025-09-24 19:32:32,999 | INFO | code-magnetism | Message from 7799059636 (@pornlabl): 👤 Профиль
2025-09-24 19:32:33,240 | INFO | aiogram.event | Update id=822055608 is handled. Duration 234 ms by bot id=8485537220
2025-09-24 19:32:33,241 | INFO | code-magnetism | Update 822055608 processed successfully
2025-09-24 19:32:33,246 | INFO | uvicorn.access | 91.108.5.36:0 - "POST /telegram/webhook?secret=change_me HTTP/1.1" 200
2025-09-24 19:32:35,283 | INFO | code-magnetism | Incoming update 822055609
2025-09-24 19:32:35,284 | INFO | code-magnetism | Message from 7799059636 (@pornlabl): Мой профиль
2025-09-24 19:32:35,637 | INFO | aiogram.event | Update id=822055609 is handled. Duration 346 ms by bot id=8485537220
2025-09-24 19:32:35,639 | INFO | code-magnetism | Update 822055609 processed successfully
2025-09-24 19:32:35,645 | INFO | uvicorn.access | 91.108.5.36:0 - "POST /telegram/webhook?secret=change_me HTTP/1.1" 200
2025-09-24 19:33:22,102 | INFO | code-magnetism | Incoming update 822055610
2025-09-24 19:33:22,103 | INFO | code-magnetism | Message from 815370781 (@goldfinger_uk): /admin user pornlabl
2025-09-24 19:33:22,942 | INFO | aiogram.event | Update id=822055610 is handled. Duration 821 ms by bot id=8485537220
2025-09-24 19:33:22,943 | INFO | code-magnetism | Update 822055610 processed successfully
2025-09-24 19:33:22,948 | INFO | uvicorn.access | 91.108.5.36:0 - "POST /telegram/webhook?secret=change_me HTTP/1.1" 200
2025-09-24 19:33:59,589 | INFO | code-magnetism | Incoming update 822055611
2025-09-24 19:33:59,590 | INFO | code-magnetism | Message from 815370781 (@goldfinger_uk): /admin user username pornlabl
2025-09-24 19:34:00,301 | INFO | aiogram.event | Update id=822055611 is handled. Duration 702 ms by bot id=8485537220
2025-09-24 19:34:00,303 | INFO | code-magnetism | Update 822055611 processed successfully
2025-09-24 19:34:00,307 | INFO | uvicorn.access | 91.108.5.36:0 - "POST /telegram/webhook?secret=change_me HTTP/1.1" 200
2025-09-24 19:35:11,260 | INFO | code-magnetism | Incoming update 822055612
2025-09-24 19:35:11,262 | INFO | code-magnetism | Message from 815370781 (@goldfinger_uk): /admin access pornlabl status
2025-09-24 19:35:12,171 | INFO | aiogram.event | Update id=822055612 is handled. Duration 902 ms by bot id=8485537220
2025-09-24 19:35:12,172 | INFO | code-magnetism | Update 822055612 processed successfully
2025-09-24 19:35:12,177 | INFO | uvicorn.access | 91.108.5.36:0 - "POST /telegram/webhook?secret=change_me HTTP/1.1" 200
2025-09-24 19:35:22,000 | INFO | code-magnetism | Incoming update 822055613
2025-09-24 19:35:22,001 | INFO | code-magnetism | Message from 815370781 (@goldfinger_uk): /admin access @pornlabl status
2025-09-24 19:35:22,324 | INFO | aiogram.event | Update id=822055613 is handled. Duration 317 ms by bot id=8485537220
2025-09-24 19:35:22,325 | INFO | code-magnetism | Update 822055613 processed successfully
2025-09-24 19:35:22,330 | INFO | uvicorn.access | 91.108.5.36:0 - "POST /telegram/webhook?secret=change_me HTTP/1.1" 200
2025-09-24 19:35:46,618 | INFO | code-magnetism | Incoming update 822055614
2025-09-24 19:35:46,620 | INFO | code-magnetism | Message from 815370781 (@goldfinger_uk): /admin access pornlabl revoke
2025-09-24 19:35:47,329 | INFO | aiogram.event | Update id=822055614 is handled. Duration 703 ms by bot id=8485537220
2025-09-24 19:35:47,330 | INFO | code-magnetism | Update 822055614 processed successfully
2025-09-24 19:35:47,333 | INFO | uvicorn.access | 91.108.5.36:0 - "POST /telegram/webhook?secret=change_me HTTP/1.1" 200
2025-09-24 19:35:51,246 | INFO | code-magnetism | Incoming update 822055615
2025-09-24 19:35:51,247 | INFO | code-magnetism | Message from 815370781 (@goldfinger_uk): 📊 Статистика
2025-09-24 19:35:51,676 | INFO | aiogram.event | Update id=822055615 is handled. Duration 423 ms by bot id=8485537220
2025-09-24 19:35:51,677 | INFO | code-magnetism | Update 822055615 processed successfully
2025-09-24 19:35:51,683 | INFO | uvicorn.access | 91.108.5.36:0 - "POST /telegram/webhook?secret=change_me HTTP/1.1" 200
2025-09-24 19:35:55,181 | INFO | code-magnetism | Incoming update 822055616
2025-09-24 19:35:55,182 | INFO | code-magnetism | Message from 815370781 (@goldfinger_uk): 👥 Пользователи
2025-09-24 19:35:55,476 | INFO | aiogram.event | Update id=822055616 is handled. Duration 288 ms by bot id=8485537220
2025-09-24 19:35:55,478 | INFO | code-magnetism | Update 822055616 processed successfully
2025-09-24 19:35:55,482 | INFO | uvicorn.access | 91.108.5.36:0 - "POST /telegram/webhook?secret=change_me HTTP/1.1" 200
2025-09-24 19:36:44,102 | INFO | code-magnetism | Incoming update 822055617
2025-09-24 19:36:44,103 | INFO | code-magnetism | Message from 815370781 (@goldfinger_uk): /admin users
2025-09-24 19:36:45,074 | INFO | aiogram.event | Update id=822055617 is handled. Duration 965 ms by bot id=8485537220
2025-09-24 19:36:45,075 | INFO | code-magnetism | Update 822055617 processed successfully
2025-09-24 19:36:45,080 | INFO | uvicorn.access | 91.108.5.36:0 - "POST /telegram/webhook?secret=change_me HTTP/1.1" 200
2025-09-24 19:36:47,669 | INFO | code-magnetism | Incoming update 822055618
2025-09-24 19:36:47,670 | INFO | code-magnetism | Message from 815370781 (@goldfinger_uk): /admin
2025-09-24 19:36:48,165 | INFO | aiogram.event | Update id=822055618 is handled. Duration 490 ms by bot id=8485537220
2025-09-24 19:36:48,166 | INFO | code-magnetism | Update 822055618 processed successfully
2025-09-24 19:36:48,173 | INFO | uvicorn.access | 91.108.5.36:0 - "POST /telegram/webhook?secret=change_me HTTP/1.1" 200
2025-09-24 19:36:53,650 | INFO | code-magnetism | Incoming update 822055619
2025-09-24 19:36:53,651 | INFO | code-magnetism | Message from 815370781 (@goldfinger_uk): 🛠️ Диагностика
2025-09-24 19:36:54,020 | INFO | aiogram.event | Update id=822055619 is handled. Duration 364 ms by bot id=8485537220
2025-09-24 19:36:54,022 | INFO | code-magnetism | Update 822055619 processed successfully
2025-09-24 19:36:54,028 | INFO | uvicorn.access | 91.108.5.36:0 - "POST /telegram/webhook?secret=change_me HTTP/1.1" 200
2025-09-24 19:37:02,337 | INFO | code-magnetism | Incoming update 822055620
2025-09-24 19:37:02,338 | INFO | code-magnetism | Message from 815370781 (@goldfinger_uk): 👥 Пользователи
2025-09-24 19:37:02,758 | INFO | aiogram.event | Update id=822055620 is handled. Duration 414 ms by bot id=8485537220
2025-09-24 19:37:02,759 | INFO | code-magnetism | Update 822055620 processed successfully
2025-09-24 19:37:02,765 | INFO | uvicorn.access | 91.108.5.36:0 - "POST /telegram/webhook?secret=change_me HTTP/1.1" 200
2025-09-24 19:37:23,761 | INFO | code-magnetism | Incoming update 822055621
2025-09-24 19:37:23,762 | INFO | code-magnetism | Message from 815370781 (@goldfinger_uk): ⬅️ В главное меню
2025-09-24 19:37:24,424 | INFO | aiogram.event | Update id=822055621 is handled. Duration 656 ms by bot id=8485537220
2025-09-24 19:37:24,425 | INFO | code-magnetism | Update 822055621 processed successfully
2025-09-24 19:37:24,431 | INFO | uvicorn.access | 91.108.5.36:0 - "POST /telegram/webhook?secret=change_me HTTP/1.1" 200
2025-09-24 19:37:37,308 | INFO | code-magnetism | Incoming update 822055622
2025-09-24 19:37:37,309 | INFO | code-magnetism | Message from 815370781 (@goldfinger_uk): ℹ️ О клубе
2025-09-24 19:37:37,559 | INFO | aiogram.event | Update id=822055622 is handled. Duration 245 ms by bot id=8485537220
2025-09-24 19:37:37,561 | INFO | code-magnetism | Update 822055622 processed successfully
2025-09-24 19:37:37,565 | INFO | uvicorn.access | 91.108.5.36:0 - "POST /telegram/webhook?secret=change_me HTTP/1.1" 200
2025-09-24 19:37:41,942 | INFO | code-magnetism | Incoming update 822055623
2025-09-24 19:37:41,943 | INFO | code-magnetism | Message from 815370781 (@goldfinger_uk): FAQ
2025-09-24 19:37:42,272 | INFO | aiogram.event | Update id=822055623 is handled. Duration 323 ms by bot id=8485537220
2025-09-24 19:37:42,273 | INFO | code-magnetism | Update 822055623 processed successfully
2025-09-24 19:37:42,279 | INFO | uvicorn.access | 91.108.5.36:0 - "POST /telegram/webhook?secret=change_me HTTP/1.1" 200
2025-09-24 19:37:45,279 | INFO | code-magnetism | Incoming update 822055624
2025-09-24 19:37:45,280 | INFO | code-magnetism | Message from 815370781 (@goldfinger_uk): О клубе
2025-09-24 19:37:45,522 | INFO | aiogram.event | Update id=822055624 is handled. Duration 237 ms by bot id=8485537220
2025-09-24 19:37:45,523 | INFO | code-magnetism | Update 822055624 processed successfully
2025-09-24 19:37:45,528 | INFO | uvicorn.access | 91.108.5.36:0 - "POST /telegram/webhook?secret=change_me HTTP/1.1" 200
2025-09-24 19:37:47,116 | INFO | code-magnetism | Incoming update 822055625
2025-09-24 19:37:47,117 | INFO | code-magnetism | Message from 815370781 (@goldfinger_uk): Правила
2025-09-24 19:37:47,438 | INFO | aiogram.event | Update id=822055625 is handled. Duration 316 ms by bot id=8485537220
2025-09-24 19:37:47,440 | INFO | code-magnetism | Update 822055625 processed successfully
2025-09-24 19:37:47,446 | INFO | uvicorn.access | 91.108.5.36:0 - "POST /telegram/webhook?secret=change_me HTTP/1.1" 200
2025-09-24 20:13:31,611 | INFO | code-magnetism | Incoming update 822055626
2025-09-24 20:17:37,209 | INFO | code-magnetism | Message from 1648917869 (@Tokyo_tokyo): Приветствие /start
2025-09-24 20:17:37,657 | ERROR | asyncio | Exception in callback _ProactorBasePipeTransport._call_connection_lost()
handle: <Handle _ProactorBasePipeTransport._call_connection_lost()>
Traceback (most recent call last):
  File "C:\Users\Tim\AppData\Local\Programs\Python\Python313\Lib\asyncio\events.py", line 89, in _run
    self._context.run(self._callback, *self._args)
    ~~~~~~~~~~~~~~~~~^^^^^^^^^^^^^^^^^^^^^^^^^^^^^
  File "C:\Users\Tim\AppData\Local\Programs\Python\Python313\Lib\asyncio\proactor_events.py", line 165, in _call_connection_lost
    self._sock.shutdown(socket.SHUT_RDWR)
    ~~~~~~~~~~~~~~~~~~~^^^^^^^^^^^^^^^^^^
ConnectionResetError: [WinError 10054] Удаленный хост принудительно разорвал существующее подключение
2025-09-24 20:17:37,923 | INFO | code-magnetism | Incoming update 822055626
2025-09-24 20:17:37,924 | INFO | code-magnetism | Message from 1648917869 (@Tokyo_tokyo): Приветствие /start
2025-09-24 20:17:37,971 | INFO | code-magnetism | Incoming update 822055626
2025-09-24 20:18:03,723 | INFO | code-magnetism | Message from 1648917869 (@Tokyo_tokyo): Приветствие /start
2025-09-24 20:18:03,734 | ERROR | asyncio | Exception in callback _ProactorBasePipeTransport._call_connection_lost()
handle: <Handle _ProactorBasePipeTransport._call_connection_lost()>
Traceback (most recent call last):
  File "C:\Users\Tim\AppData\Local\Programs\Python\Python313\Lib\asyncio\events.py", line 89, in _run
    self._context.run(self._callback, *self._args)
    ~~~~~~~~~~~~~~~~~^^^^^^^^^^^^^^^^^^^^^^^^^^^^^
  File "C:\Users\Tim\AppData\Local\Programs\Python\Python313\Lib\asyncio\proactor_events.py", line 165, in _call_connection_lost
    self._sock.shutdown(socket.SHUT_RDWR)
    ~~~~~~~~~~~~~~~~~~~^^^^^^^^^^^^^^^^^^
ConnectionResetError: [WinError 10054] Удаленный хост принудительно разорвал существующее подключение
2025-09-24 20:18:03,744 | INFO | code-magnetism | Incoming update 822055626
2025-09-24 20:18:03,746 | INFO | code-magnetism | Message from 1648917869 (@Tokyo_tokyo): Приветствие /start
2025-09-24 20:18:05,329 | INFO | code-magnetism | Incoming update 822055626
2025-09-24 20:18:05,330 | INFO | code-magnetism | Message from 1648917869 (@Tokyo_tokyo): Приветствие /start
2025-09-24 20:18:06,270 | INFO | aiogram.event | Update id=822055626 is handled. Duration 28344 ms by bot id=8485537220
2025-09-24 20:18:06,271 | INFO | code-magnetism | Update 822055626 processed successfully
2025-09-24 20:18:06,284 | INFO | aiogram.event | Update id=822055626 is handled. Duration 2532 ms by bot id=8485537220
2025-09-24 20:18:06,285 | INFO | code-magnetism | Update 822055626 processed successfully
2025-09-24 20:18:06,578 | INFO | aiogram.event | Update id=822055626 is handled. Duration 29021 ms by bot id=8485537220
2025-09-24 20:18:06,579 | INFO | code-magnetism | Update 822055626 processed successfully
2025-09-24 20:18:06,663 | INFO | aiogram.event | Update id=822055626 is handled. Duration 2931 ms by bot id=8485537220
2025-09-24 20:18:06,665 | INFO | code-magnetism | Update 822055626 processed successfully
2025-09-24 20:18:06,718 | INFO | aiogram.event | Update id=822055626 is handled. Duration 1377 ms by bot id=8485537220
2025-09-24 20:18:06,719 | INFO | code-magnetism | Update 822055626 processed successfully
2025-09-24 20:18:06,725 | INFO | uvicorn.access | 91.108.5.36:0 - "POST /telegram/webhook?secret=change_me HTTP/1.1" 200
2025-09-24 20:18:06,974 | INFO | code-magnetism | Incoming update 822055627
2025-09-24 20:18:06,976 | INFO | code-magnetism | Message from 1648917869 (@Tokyo_tokyo): ⬅️ В главное меню
2025-09-24 20:18:07,677 | INFO | aiogram.event | Update id=822055627 is handled. Duration 692 ms by bot id=8485537220
2025-09-24 20:18:07,678 | INFO | code-magnetism | Update 822055627 processed successfully
2025-09-24 20:18:07,685 | INFO | uvicorn.access | 91.108.5.36:0 - "POST /telegram/webhook?secret=change_me HTTP/1.1" 200
2025-09-24 20:18:07,927 | INFO | code-magnetism | Incoming update 822055628
2025-09-24 20:18:07,929 | INFO | code-magnetism | Message from 1648917869 (@Tokyo_tokyo): 🧾 Контент и тексты
2025-09-24 20:18:08,224 | INFO | aiogram.event | Update id=822055628 is handled. Duration 288 ms by bot id=8485537220
2025-09-24 20:18:08,226 | INFO | code-magnetism | Update 822055628 processed successfully
2025-09-24 20:18:08,232 | INFO | uvicorn.access | 91.108.5.36:0 - "POST /telegram/webhook?secret=change_me HTTP/1.1" 200
2025-09-24 20:18:08,468 | INFO | code-magnetism | Incoming update 822055629
2025-09-24 20:18:08,469 | INFO | code-magnetism | Message from 1648917869 (@Tokyo_tokyo): ⬅️ В админку
2025-09-24 20:18:08,921 | INFO | aiogram.event | Update id=822055629 is handled. Duration 444 ms by bot id=8485537220
2025-09-24 20:18:08,922 | INFO | code-magnetism | Update 822055629 processed successfully
2025-09-24 20:18:08,928 | INFO | uvicorn.access | 91.108.5.36:0 - "POST /telegram/webhook?secret=change_me HTTP/1.1" 200
2025-09-24 20:29:41,949 | INFO | code-magnetism | Incoming update 822055630
2025-09-24 20:29:41,950 | INFO | code-magnetism | Message from 1648917869 (@Tokyo_tokyo): ⬅️ В главное меню
2025-09-24 20:29:43,111 | INFO | aiogram.event | Update id=822055630 is handled. Duration 1157 ms by bot id=8485537220
2025-09-24 20:29:43,113 | INFO | code-magnetism | Update 822055630 processed successfully
2025-09-24 20:29:43,115 | INFO | uvicorn.access | 91.108.5.36:0 - "POST /telegram/webhook?secret=change_me HTTP/1.1" 200
2025-09-24 20:29:48,635 | INFO | code-magnetism | Incoming update 822055631
2025-09-24 20:29:48,637 | INFO | code-magnetism | Message from 1648917869 (@Tokyo_tokyo): ⚙️ Админка
2025-09-24 20:29:48,900 | INFO | aiogram.event | Update id=822055631 is handled. Duration 260 ms by bot id=8485537220
2025-09-24 20:29:48,902 | INFO | code-magnetism | Update 822055631 processed successfully
2025-09-24 20:29:48,903 | INFO | uvicorn.access | 91.108.5.36:0 - "POST /telegram/webhook?secret=change_me HTTP/1.1" 200
2025-09-24 20:29:51,938 | INFO | code-magnetism | Incoming update 822055632
2025-09-24 20:29:51,940 | INFO | code-magnetism | Message from 1648917869 (@Tokyo_tokyo): 🎛 Логика бота
2025-09-24 20:29:52,195 | INFO | aiogram.event | Update id=822055632 is handled. Duration 252 ms by bot id=8485537220
2025-09-24 20:29:52,197 | INFO | code-magnetism | Update 822055632 processed successfully
2025-09-24 20:29:52,198 | INFO | uvicorn.access | 91.108.5.36:0 - "POST /telegram/webhook?secret=change_me HTTP/1.1" 200
2025-09-24 20:29:58,791 | INFO | code-magnetism | Incoming update 822055633
2025-09-24 20:29:58,793 | INFO | code-magnetism | Message from 1648917869 (@Tokyo_tokyo): ✉️ Приветствие /start
2025-09-24 20:29:59,109 | INFO | aiogram.event | Update id=822055633 is handled. Duration 312 ms by bot id=8485537220
2025-09-24 20:29:59,110 | INFO | code-magnetism | Update 822055633 processed successfully
2025-09-24 20:29:59,113 | INFO | uvicorn.access | 91.108.5.36:0 - "POST /telegram/webhook?secret=change_me HTTP/1.1" 200
2025-09-24 20:31:02,777 | INFO | code-magnetism | Incoming update 822055634
2025-09-24 20:31:02,778 | INFO | code-magnetism | Message from 1648917869 (@Tokyo_tokyo): Отмена
2025-09-24 20:31:03,653 | INFO | aiogram.event | Update id=822055634 is handled. Duration 873 ms by bot id=8485537220
2025-09-24 20:31:03,654 | INFO | code-magnetism | Update 822055634 processed successfully
2025-09-24 20:31:03,656 | INFO | uvicorn.access | 91.108.5.36:0 - "POST /telegram/webhook?secret=change_me HTTP/1.1" 200
2025-09-24 23:16:18,691 | INFO | code-magnetism | Incoming update 822055635
2025-09-24 23:16:18,692 | INFO | code-magnetism | Message from 1648917869 (@Tokyo_tokyo): ⬅️ В главное меню
2025-09-24 23:16:19,823 | INFO | aiogram.event | Update id=822055635 is handled. Duration 1129 ms by bot id=8485537220
2025-09-24 23:16:19,824 | INFO | code-magnetism | Update 822055635 processed successfully
2025-09-24 23:16:19,825 | INFO | uvicorn.access | 91.108.5.36:0 - "POST /telegram/webhook?secret=change_me HTTP/1.1" 200
2025-09-25 04:41:29,324 | INFO | code-magnetism | Incoming update 822055636
2025-09-25 04:41:29,325 | INFO | code-magnetism | Message from 815370781 (@goldfinger_uk): ⬅️ В главное меню
2025-09-25 04:41:30,557 | INFO | aiogram.event | Update id=822055636 is handled. Duration 1230 ms by bot id=8485537220
2025-09-25 04:41:30,559 | INFO | code-magnetism | Update 822055636 processed successfully
2025-09-25 04:41:30,560 | INFO | uvicorn.access | 91.108.5.36:0 - "POST /telegram/webhook?secret=change_me HTTP/1.1" 200
2025-09-25 07:41:31,782 | INFO | code-magnetism | Incoming update 822055637
2025-09-25 07:41:31,783 | INFO | code-magnetism | Message from 1648917869 (@Tokyo_tokyo): ℹ️ О клубе
2025-09-25 07:41:33,046 | INFO | aiogram.event | Update id=822055637 is handled. Duration 1260 ms by bot id=8485537220
2025-09-25 07:41:33,048 | INFO | code-magnetism | Update 822055637 processed successfully
2025-09-25 07:41:33,049 | INFO | uvicorn.access | 91.108.5.36:0 - "POST /telegram/webhook?secret=change_me HTTP/1.1" 200
2025-09-25 07:41:59,844 | INFO | code-magnetism | Incoming update 822055638
2025-09-25 07:41:59,846 | INFO | code-magnetism | Message from 1648917869 (@Tokyo_tokyo): О клубе
2025-09-25 07:42:00,714 | INFO | aiogram.event | Update id=822055638 is handled. Duration 866 ms by bot id=8485537220
2025-09-25 07:42:00,716 | INFO | code-magnetism | Update 822055638 processed successfully
2025-09-25 07:42:00,718 | INFO | uvicorn.access | 91.108.5.36:0 - "POST /telegram/webhook?secret=change_me HTTP/1.1" 200
2025-09-25 07:42:02,835 | INFO | code-magnetism | Incoming update 822055639
2025-09-25 07:42:02,838 | INFO | code-magnetism | Message from 1648917869 (@Tokyo_tokyo): FAQ
2025-09-25 07:42:03,169 | INFO | aiogram.event | Update id=822055639 is handled. Duration 328 ms by bot id=8485537220
2025-09-25 07:42:03,170 | INFO | code-magnetism | Update 822055639 processed successfully
2025-09-25 07:42:03,172 | INFO | uvicorn.access | 91.108.5.36:0 - "POST /telegram/webhook?secret=change_me HTTP/1.1" 200
2025-09-25 07:42:06,007 | INFO | code-magnetism | Incoming update 822055640
2025-09-25 07:42:06,009 | INFO | code-magnetism | Message from 1648917869 (@Tokyo_tokyo): Правила
2025-09-25 07:42:06,333 | INFO | aiogram.event | Update id=822055640 is handled. Duration 321 ms by bot id=8485537220
2025-09-25 07:42:06,336 | INFO | code-magnetism | Update 822055640 processed successfully
2025-09-25 07:42:06,337 | INFO | uvicorn.access | 91.108.5.36:0 - "POST /telegram/webhook?secret=change_me HTTP/1.1" 200
2025-09-25 07:43:02,691 | INFO | code-magnetism | Incoming update 822055641
2025-09-25 07:43:02,693 | INFO | code-magnetism | Message from 1648917869 (@Tokyo_tokyo): ⬅️ В главное меню
2025-09-25 07:43:06,855 | INFO | aiogram.event | Update id=822055641 is handled. Duration 4159 ms by bot id=8485537220
2025-09-25 07:43:06,856 | INFO | code-magnetism | Update 822055641 processed successfully
2025-09-25 07:43:06,858 | INFO | uvicorn.access | 91.108.5.36:0 - "POST /telegram/webhook?secret=change_me HTTP/1.1" 200
2025-09-25 07:43:10,171 | INFO | code-magnetism | Incoming update 822055642
2025-09-25 07:43:10,173 | INFO | code-magnetism | Message from 1648917869 (@Tokyo_tokyo): 📦 Материалы
2025-09-25 07:43:10,501 | INFO | aiogram.event | Update id=822055642 is handled. Duration 326 ms by bot id=8485537220
2025-09-25 07:43:10,503 | INFO | code-magnetism | Update 822055642 processed successfully
2025-09-25 07:43:10,505 | INFO | uvicorn.access | 91.108.5.36:0 - "POST /telegram/webhook?secret=change_me HTTP/1.1" 200
2025-09-25 07:43:23,729 | INFO | code-magnetism | Incoming update 822055643
2025-09-25 07:43:23,730 | INFO | code-magnetism | Message from 1648917869 (@Tokyo_tokyo): Материалы недели
2025-09-25 07:43:23,983 | INFO | aiogram.event | Update id=822055643 is handled. Duration 251 ms by bot id=8485537220
2025-09-25 07:43:23,985 | INFO | code-magnetism | Update 822055643 processed successfully
2025-09-25 07:43:23,986 | INFO | uvicorn.access | 91.108.5.36:0 - "POST /telegram/webhook?secret=change_me HTTP/1.1" 200
2025-09-25 07:43:28,434 | INFO | code-magnetism | Incoming update 822055644
2025-09-25 07:43:28,436 | INFO | code-magnetism | Message from 1648917869 (@Tokyo_tokyo): Расписание
2025-09-25 07:43:28,765 | INFO | aiogram.event | Update id=822055644 is handled. Duration 327 ms by bot id=8485537220
2025-09-25 07:43:28,766 | INFO | code-magnetism | Update 822055644 processed successfully
2025-09-25 07:43:28,767 | INFO | uvicorn.access | 91.108.5.36:0 - "POST /telegram/webhook?secret=change_me HTTP/1.1" 200
2025-09-25 07:43:35,472 | INFO | code-magnetism | Incoming update 822055645
2025-09-25 07:43:35,473 | INFO | code-magnetism | Message from 1648917869 (@Tokyo_tokyo): ⬅️ В главное меню
2025-09-25 07:43:35,796 | INFO | aiogram.event | Update id=822055645 is handled. Duration 320 ms by bot id=8485537220
2025-09-25 07:43:35,798 | INFO | code-magnetism | Update 822055645 processed successfully
2025-09-25 07:43:35,799 | INFO | uvicorn.access | 91.108.5.36:0 - "POST /telegram/webhook?secret=change_me HTTP/1.1" 200
2025-09-25 07:43:38,631 | INFO | code-magnetism | Incoming update 822055646
2025-09-25 07:43:38,634 | INFO | code-magnetism | Message from 1648917869 (@Tokyo_tokyo): 🆘 Поддержка
2025-09-25 07:43:38,888 | INFO | aiogram.event | Update id=822055646 is handled. Duration 251 ms by bot id=8485537220
2025-09-25 07:43:38,889 | INFO | code-magnetism | Update 822055646 processed successfully
2025-09-25 07:43:38,891 | INFO | uvicorn.access | 91.108.5.36:0 - "POST /telegram/webhook?secret=change_me HTTP/1.1" 200
2025-09-25 07:43:41,425 | INFO | code-magnetism | Incoming update 822055647
2025-09-25 07:43:41,427 | INFO | code-magnetism | Message from 1648917869 (@Tokyo_tokyo): 🎓 Обучение
2025-09-25 07:43:41,676 | INFO | aiogram.event | Update id=822055647 is handled. Duration 246 ms by bot id=8485537220
2025-09-25 07:43:41,677 | INFO | code-magnetism | Update 822055647 processed successfully
2025-09-25 07:43:41,679 | INFO | uvicorn.access | 91.108.5.36:0 - "POST /telegram/webhook?secret=change_me HTTP/1.1" 200
2025-09-25 07:43:51,105 | INFO | code-magnetism | Incoming update 822055648
2025-09-25 07:43:51,107 | INFO | code-magnetism | Message from 1648917869 (@Tokyo_tokyo): Бесплатные уроки
2025-09-25 07:43:51,489 | INFO | aiogram.event | Update id=822055648 is handled. Duration 379 ms by bot id=8485537220
2025-09-25 07:43:51,490 | INFO | code-magnetism | Update 822055648 processed successfully
2025-09-25 07:43:51,492 | INFO | uvicorn.access | 91.108.5.36:0 - "POST /telegram/webhook?secret=change_me HTTP/1.1" 200
2025-09-25 07:44:01,424 | INFO | code-magnetism | Incoming update 822055649
2025-09-25 07:44:01,426 | INFO | code-magnetism | Message from 1648917869 (@Tokyo_tokyo): ✅ Урок 1: Введение
2025-09-25 07:44:02,436 | INFO | aiogram.event | Update id=822055649 is handled. Duration 1007 ms by bot id=8485537220
2025-09-25 07:44:02,437 | INFO | code-magnetism | Update 822055649 processed successfully
2025-09-25 07:44:02,439 | INFO | uvicorn.access | 91.108.5.36:0 - "POST /telegram/webhook?secret=change_me HTTP/1.1" 200
2025-09-25 07:44:10,603 | INFO | code-magnetism | Incoming update 822055650
2025-09-25 07:44:10,605 | INFO | code-magnetism | Message from 1648917869 (@Tokyo_tokyo): ❓ Задать вопрос
2025-09-25 07:44:10,975 | INFO | aiogram.event | Update id=822055650 is handled. Duration 367 ms by bot id=8485537220
2025-09-25 07:44:10,977 | INFO | code-magnetism | Update 822055650 processed successfully
2025-09-25 07:44:10,978 | INFO | uvicorn.access | 91.108.5.36:0 - "POST /telegram/webhook?secret=change_me HTTP/1.1" 200
2025-09-25 07:46:33,412 | INFO | code-magnetism | Incoming update 822055651
2025-09-25 07:46:33,414 | INFO | code-magnetism | Message from 1648917869 (@Tokyo_tokyo): Вопрос
2025-09-25 07:46:34,166 | INFO | aiogram.event | Update id=822055651 is handled. Duration 749 ms by bot id=8485537220
2025-09-25 07:46:34,764 | INFO | code-magnetism | Update 822055651 processed successfully
2025-09-25 07:46:34,766 | INFO | uvicorn.access | 91.108.5.36:0 - "POST /telegram/webhook?secret=change_me HTTP/1.1" 200
2025-09-25 07:47:08,934 | INFO | code-magnetism | Incoming update 822055652
2025-09-25 07:47:08,935 | INFO | code-magnetism | Message from 1648917869 (@Tokyo_tokyo): Вопрос
2025-09-25 07:47:09,866 | INFO | aiogram.event | Update id=822055652 is handled. Duration 928 ms by bot id=8485537220
2025-09-25 07:47:09,867 | INFO | code-magnetism | Update 822055652 processed successfully
2025-09-25 07:47:09,869 | INFO | uvicorn.access | 91.108.5.36:0 - "POST /telegram/webhook?secret=change_me HTTP/1.1" 200
2025-09-25 07:47:12,035 | INFO | code-magnetism | Incoming update 822055653
2025-09-25 07:47:12,036 | INFO | code-magnetism | Message from 1648917869 (@Tokyo_tokyo): /start
2025-09-25 07:47:12,880 | INFO | aiogram.event | Update id=822055653 is handled. Duration 841 ms by bot id=8485537220
2025-09-25 07:47:12,881 | INFO | code-magnetism | Update 822055653 processed successfully
2025-09-25 07:47:12,882 | INFO | uvicorn.access | 91.108.5.36:0 - "POST /telegram/webhook?secret=change_me HTTP/1.1" 200
2025-09-25 07:47:24,463 | INFO | code-magnetism | Incoming update 822055654
2025-09-25 07:47:24,464 | INFO | code-magnetism | Message from 1648917869 (@Tokyo_tokyo): ⚙️ Админка
2025-09-25 07:47:24,815 | INFO | aiogram.event | Update id=822055654 is handled. Duration 348 ms by bot id=8485537220
2025-09-25 07:47:24,817 | INFO | code-magnetism | Update 822055654 processed successfully
2025-09-25 07:47:24,819 | INFO | uvicorn.access | 91.108.5.36:0 - "POST /telegram/webhook?secret=change_me HTTP/1.1" 200
2025-09-25 07:47:28,748 | INFO | code-magnetism | Incoming update 822055655
2025-09-25 07:47:28,750 | INFO | code-magnetism | Message from 1648917869 (@Tokyo_tokyo): 🧾 Контент и тексты
2025-09-25 07:47:29,076 | INFO | aiogram.event | Update id=822055655 is handled. Duration 323 ms by bot id=8485537220
2025-09-25 07:47:29,077 | INFO | code-magnetism | Update 822055655 processed successfully
2025-09-25 07:47:29,079 | INFO | uvicorn.access | 91.108.5.36:0 - "POST /telegram/webhook?secret=change_me HTTP/1.1" 200
2025-09-25 07:47:31,565 | INFO | code-magnetism | Incoming update 822055656
2025-09-25 07:47:31,567 | INFO | code-magnetism | Message from 1648917869 (@Tokyo_tokyo): 📄 Тексты экранов
2025-09-25 07:47:31,977 | INFO | aiogram.event | Update id=822055656 is handled. Duration 406 ms by bot id=8485537220
2025-09-25 07:47:31,978 | INFO | code-magnetism | Update 822055656 processed successfully
2025-09-25 07:47:31,980 | INFO | uvicorn.access | 91.108.5.36:0 - "POST /telegram/webhook?secret=change_me HTTP/1.1" 200
2025-09-25 07:47:33,797 | INFO | code-magnetism | Incoming update 822055657
2025-09-25 07:47:33,798 | INFO | code-magnetism | Message from 1648917869 (@Tokyo_tokyo): 🏠 Вход и меню
2025-09-25 07:47:34,135 | INFO | aiogram.event | Update id=822055657 is handled. Duration 334 ms by bot id=8485537220
2025-09-25 07:47:34,137 | INFO | code-magnetism | Update 822055657 processed successfully
2025-09-25 07:47:34,139 | INFO | uvicorn.access | 91.108.5.36:0 - "POST /telegram/webhook?secret=change_me HTTP/1.1" 200
2025-09-25 07:47:38,782 | INFO | code-magnetism | Incoming update 822055658
2025-09-25 07:47:38,787 | INFO | code-magnetism | Message from 1648917869 (@Tokyo_tokyo): Приветствие /start
2025-09-25 07:47:39,114 | INFO | aiogram.event | Update id=822055658 is handled. Duration 325 ms by bot id=8485537220
2025-09-25 07:47:39,117 | INFO | code-magnetism | Update 822055658 processed successfully
2025-09-25 07:47:39,118 | INFO | uvicorn.access | 91.108.5.36:0 - "POST /telegram/webhook?secret=change_me HTTP/1.1" 200
2025-09-25 09:37:19,341 | INFO | code-magnetism | Incoming update 822055659
2025-09-25 09:37:19,343 | INFO | code-magnetism | Message from 1648917869 (@Tokyo_tokyo): /start
2025-09-25 09:37:20,759 | INFO | aiogram.event | Update id=822055659 is handled. Duration 1413 ms by bot id=8485537220
2025-09-25 09:37:20,760 | INFO | code-magnetism | Update 822055659 processed successfully
2025-09-25 09:37:20,762 | INFO | uvicorn.access | 91.108.5.36:0 - "POST /telegram/webhook?secret=change_me HTTP/1.1" 200
2025-09-25 09:37:36,883 | INFO | code-magnetism | Incoming update 822055660
2025-09-25 09:37:36,885 | INFO | code-magnetism | Message from 1648917869 (@Tokyo_tokyo): 🎓 Обучение
2025-09-25 09:37:37,635 | INFO | aiogram.event | Update id=822055660 is handled. Duration 748 ms by bot id=8485537220
2025-09-25 09:37:37,637 | INFO | code-magnetism | Update 822055660 processed successfully
2025-09-25 09:37:37,638 | INFO | uvicorn.access | 91.108.5.36:0 - "POST /telegram/webhook?secret=change_me HTTP/1.1" 200
2025-09-25 09:37:40,537 | INFO | code-magnetism | Incoming update 822055661
2025-09-25 09:37:40,538 | INFO | code-magnetism | Message from 1648917869 (@Tokyo_tokyo): Бесплатные уроки
2025-09-25 09:37:40,822 | INFO | aiogram.event | Update id=822055661 is handled. Duration 281 ms by bot id=8485537220
2025-09-25 09:37:40,823 | INFO | code-magnetism | Update 822055661 processed successfully
2025-09-25 09:37:40,824 | INFO | uvicorn.access | 91.108.5.36:0 - "POST /telegram/webhook?secret=change_me HTTP/1.1" 200
2025-09-25 09:37:43,738 | INFO | code-magnetism | Incoming update 822055662
2025-09-25 09:37:43,741 | INFO | code-magnetism | Message from 1648917869 (@Tokyo_tokyo): ✅ Урок 1: Введение
2025-09-25 09:37:44,810 | INFO | aiogram.event | Update id=822055662 is handled. Duration 1066 ms by bot id=8485537220
2025-09-25 09:37:44,811 | INFO | code-magnetism | Update 822055662 processed successfully
2025-09-25 09:37:44,813 | INFO | uvicorn.access | 91.108.5.36:0 - "POST /telegram/webhook?secret=change_me HTTP/1.1" 200
2025-09-25 09:37:47,499 | INFO | code-magnetism | Incoming update 822055663
2025-09-25 09:37:47,500 | INFO | code-magnetism | Message from 1648917869 (@Tokyo_tokyo): ❓ Задать вопрос
2025-09-25 09:37:47,890 | INFO | aiogram.event | Update id=822055663 is handled. Duration 386 ms by bot id=8485537220
2025-09-25 09:37:47,892 | INFO | code-magnetism | Update 822055663 processed successfully
2025-09-25 09:37:47,894 | INFO | uvicorn.access | 91.108.5.36:0 - "POST /telegram/webhook?secret=change_me HTTP/1.1" 200
2025-09-25 09:38:15,610 | INFO | code-magnetism | Incoming update 822055664
2025-09-25 09:38:15,613 | INFO | code-magnetism | Message from 1648917869 (@Tokyo_tokyo): Вопрос
2025-09-25 09:38:16,365 | INFO | aiogram.event | Update id=822055664 is handled. Duration 749 ms by bot id=8485537220
2025-09-25 09:38:16,366 | INFO | code-magnetism | Update 822055664 processed successfully
2025-09-25 09:38:16,368 | INFO | uvicorn.access | 91.108.5.36:0 - "POST /telegram/webhook?secret=change_me HTTP/1.1" 200
2025-09-25 09:38:25,070 | INFO | code-magnetism | Incoming update 822055665
2025-09-25 09:38:25,071 | INFO | code-magnetism | Message from 1648917869 (@Tokyo_tokyo): Отмена
2025-09-25 09:38:25,096 | INFO | aiogram.event | Update id=822055665 is handled. Duration 22 ms by bot id=8485537220
2025-09-25 09:38:25,097 | INFO | code-magnetism | Update 822055665 processed successfully
2025-09-25 09:38:25,098 | INFO | uvicorn.access | 91.108.5.36:0 - "POST /telegram/webhook?secret=change_me HTTP/1.1" 200
2025-09-25 09:38:31,374 | INFO | code-magnetism | Incoming update 822055666
2025-09-25 09:38:31,375 | INFO | code-magnetism | Message from 1648917869 (@Tokyo_tokyo): Отмена
2025-09-25 09:38:31,400 | INFO | aiogram.event | Update id=822055666 is handled. Duration 22 ms by bot id=8485537220
2025-09-25 09:38:31,401 | INFO | code-magnetism | Update 822055666 processed successfully
2025-09-25 09:38:31,402 | INFO | uvicorn.access | 91.108.5.36:0 - "POST /telegram/webhook?secret=change_me HTTP/1.1" 200
2025-09-25 09:38:37,608 | INFO | code-magnetism | Incoming update 822055667
2025-09-25 09:38:37,613 | INFO | code-magnetism | Message from 1648917869 (@Tokyo_tokyo): /start
2025-09-25 09:38:38,468 | INFO | aiogram.event | Update id=822055667 is handled. Duration 851 ms by bot id=8485537220
2025-09-25 09:38:38,469 | INFO | code-magnetism | Update 822055667 processed successfully
2025-09-25 09:38:38,471 | INFO | uvicorn.access | 91.108.5.36:0 - "POST /telegram/webhook?secret=change_me HTTP/1.1" 200
2025-09-25 09:38:46,005 | INFO | code-magnetism | Incoming update 822055668
2025-09-25 09:38:46,007 | INFO | code-magnetism | Message from 1648917869 (@Tokyo_tokyo): 🆘 Поддержка
2025-09-25 09:38:46,298 | INFO | aiogram.event | Update id=822055668 is handled. Duration 288 ms by bot id=8485537220
2025-09-25 09:38:46,299 | INFO | code-magnetism | Update 822055668 processed successfully
2025-09-25 09:38:46,301 | INFO | uvicorn.access | 91.108.5.36:0 - "POST /telegram/webhook?secret=change_me HTTP/1.1" 200
2025-09-25 09:38:54,401 | INFO | code-magnetism | Incoming update 822055669
2025-09-25 09:38:54,404 | INFO | code-magnetism | Message from 1648917869 (@Tokyo_tokyo): 👤 Профиль
2025-09-25 09:38:54,751 | INFO | aiogram.event | Update id=822055669 is handled. Duration 345 ms by bot id=8485537220
2025-09-25 09:38:54,753 | INFO | code-magnetism | Update 822055669 processed successfully
2025-09-25 09:38:54,755 | INFO | uvicorn.access | 91.108.5.36:0 - "POST /telegram/webhook?secret=change_me HTTP/1.1" 200
2025-09-25 09:39:00,774 | INFO | code-magnetism | Incoming update 822055670
2025-09-25 09:39:00,777 | INFO | code-magnetism | Message from 1648917869 (@Tokyo_tokyo): Мой профиль
2025-09-25 09:39:01,089 | INFO | aiogram.event | Update id=822055670 is handled. Duration 310 ms by bot id=8485537220
2025-09-25 09:39:01,091 | INFO | code-magnetism | Update 822055670 processed successfully
2025-09-25 09:39:01,092 | INFO | uvicorn.access | 91.108.5.36:0 - "POST /telegram/webhook?secret=change_me HTTP/1.1" 200
2025-09-25 09:39:12,552 | INFO | code-magnetism | Incoming update 822055671
2025-09-25 09:39:12,553 | INFO | code-magnetism | Message from 1648917869 (@Tokyo_tokyo): Изменить телефон
2025-09-25 09:39:13,128 | INFO | aiogram.event | Update id=822055671 is handled. Duration 572 ms by bot id=8485537220
2025-09-25 09:39:13,129 | INFO | code-magnetism | Update 822055671 processed successfully
2025-09-25 09:39:13,131 | INFO | uvicorn.access | 91.108.5.36:0 - "POST /telegram/webhook?secret=change_me HTTP/1.1" 200
2025-09-25 09:39:17,648 | INFO | code-magnetism | Incoming update 822055672
2025-09-25 09:39:17,649 | INFO | code-magnetism | Message from 1648917869 (@Tokyo_tokyo): Отмена
2025-09-25 09:39:17,921 | INFO | aiogram.event | Update id=822055672 is handled. Duration 270 ms by bot id=8485537220
2025-09-25 09:39:17,923 | INFO | code-magnetism | Update 822055672 processed successfully
2025-09-25 09:39:17,924 | INFO | uvicorn.access | 91.108.5.36:0 - "POST /telegram/webhook?secret=change_me HTTP/1.1" 200
2025-09-25 09:39:22,020 | INFO | code-magnetism | Incoming update 822055673
2025-09-25 09:39:22,021 | INFO | code-magnetism | Message from 1648917869 (@Tokyo_tokyo): Отмена
2025-09-25 09:39:22,349 | INFO | aiogram.event | Update id=822055673 is handled. Duration 325 ms by bot id=8485537220
2025-09-25 09:39:22,390 | INFO | code-magnetism | Update 822055673 processed successfully
2025-09-25 09:39:22,392 | INFO | uvicorn.access | 91.108.5.36:0 - "POST /telegram/webhook?secret=change_me HTTP/1.1" 200
2025-09-25 10:00:00,072 | INFO | apscheduler.executors.default | Running job "job_daily_lessons (trigger: cron[hour='10', minute='0'], next run at: 2025-09-26 10:00:00 -03)" (scheduled at 2025-09-25 10:00:00-03:00)
2025-09-25 10:00:00,796 | INFO | handlers | funnel: delivered user_id=2 lesson=4
2025-09-25 10:00:01,766 | INFO | scheduler | [job_daily_lessons] sent=1 skipped=2 errors=0
2025-09-25 10:00:01,769 | INFO | apscheduler.executors.default | Job "job_daily_lessons (trigger: cron[hour='10', minute='0'], next run at: 2025-09-26 10:00:00 -03)" executed successfully
2025-09-25 10:00:16,684 | INFO | code-magnetism | Incoming update 822055674
2025-09-25 10:00:16,685 | INFO | code-magnetism | Message from 1648917869 (@Tokyo_tokyo): ✅ Выполнено
2025-09-25 10:00:17,050 | INFO | aiogram.event | Update id=822055674 is handled. Duration 362 ms by bot id=8485537220
2025-09-25 10:00:17,052 | INFO | code-magnetism | Update 822055674 processed successfully
2025-09-25 10:00:17,053 | INFO | uvicorn.access | 91.108.5.36:0 - "POST /telegram/webhook?secret=change_me HTTP/1.1" 200
2025-09-25 10:00:24,943 | INFO | code-magnetism | Incoming update 822055675
2025-09-25 10:00:24,944 | INFO | code-magnetism | Message from 1648917869 (@Tokyo_tokyo): Отмена
2025-09-25 10:00:25,308 | INFO | aiogram.event | Update id=822055675 is handled. Duration 361 ms by bot id=8485537220
2025-09-25 10:00:25,311 | INFO | code-magnetism | Update 822055675 processed successfully
2025-09-25 10:00:25,312 | INFO | uvicorn.access | 91.108.5.36:0 - "POST /telegram/webhook?secret=change_me HTTP/1.1" 200
2025-09-25 10:00:36,176 | INFO | code-magnetism | Incoming update 822055676
2025-09-25 10:00:36,178 | INFO | code-magnetism | Message from 1648917869 (@Tokyo_tokyo): +55434545544544
2025-09-25 10:00:36,828 | INFO | aiogram.event | Update id=822055676 is handled. Duration 647 ms by bot id=8485537220
2025-09-25 10:00:36,830 | INFO | code-magnetism | Update 822055676 processed successfully
2025-09-25 10:00:36,831 | INFO | uvicorn.access | 91.108.5.36:0 - "POST /telegram/webhook?secret=change_me HTTP/1.1" 200
2025-09-25 10:00:49,080 | INFO | code-magnetism | Incoming update 822055677
2025-09-25 10:00:49,081 | INFO | code-magnetism | Message from 1648917869 (@Tokyo_tokyo): ⬅️ В главное меню
2025-09-25 10:00:49,398 | INFO | aiogram.event | Update id=822055677 is handled. Duration 315 ms by bot id=8485537220
2025-09-25 10:00:49,400 | INFO | code-magnetism | Update 822055677 processed successfully
2025-09-25 10:00:49,402 | INFO | uvicorn.access | 91.108.5.36:0 - "POST /telegram/webhook?secret=change_me HTTP/1.1" 200
2025-09-25 10:00:52,709 | INFO | code-magnetism | Incoming update 822055678
2025-09-25 10:00:52,711 | INFO | code-magnetism | Message from 1648917869 (@Tokyo_tokyo): 🎓 Обучение
2025-09-25 10:00:53,019 | INFO | aiogram.event | Update id=822055678 is handled. Duration 306 ms by bot id=8485537220
2025-09-25 10:00:53,020 | INFO | code-magnetism | Update 822055678 processed successfully
2025-09-25 10:00:53,022 | INFO | uvicorn.access | 91.108.5.36:0 - "POST /telegram/webhook?secret=change_me HTTP/1.1" 200
2025-09-25 10:00:59,463 | INFO | code-magnetism | Incoming update 822055679
2025-09-25 10:00:59,464 | INFO | code-magnetism | Message from 1648917869 (@Tokyo_tokyo): Мой прогресс
2025-09-25 10:00:59,813 | INFO | aiogram.event | Update id=822055679 is handled. Duration 346 ms by bot id=8485537220
2025-09-25 10:00:59,815 | INFO | code-magnetism | Update 822055679 processed successfully
2025-09-25 10:00:59,816 | INFO | uvicorn.access | 91.108.5.36:0 - "POST /telegram/webhook?secret=change_me HTTP/1.1" 200
2025-09-25 10:01:07,181 | INFO | code-magnetism | Incoming update 822055680
2025-09-25 10:01:07,183 | INFO | code-magnetism | Message from 1648917869 (@Tokyo_tokyo): Бесплатные уроки
2025-09-25 10:01:07,508 | INFO | aiogram.event | Update id=822055680 is handled. Duration 323 ms by bot id=8485537220
2025-09-25 10:01:07,509 | INFO | code-magnetism | Update 822055680 processed successfully
2025-09-25 10:01:07,511 | INFO | uvicorn.access | 91.108.5.36:0 - "POST /telegram/webhook?secret=change_me HTTP/1.1" 200
2025-09-25 11:00:00,042 | INFO | apscheduler.executors.default | Running job "job_access_expiry_reminders (trigger: cron[hour='11', minute='0'], next run at: 2025-09-26 11:00:00 -03)" (scheduled at 2025-09-25 11:00:00-03:00)
2025-09-25 11:00:00,052 | INFO | apscheduler.executors.default | Running job "job_soft_reminders (trigger: cron[hour='11', minute='0'], next run at: 2025-09-26 11:00:00 -03)" (scheduled at 2025-09-25 11:00:00-03:00)
2025-09-25 11:00:00,791 | INFO | scheduler | [job_access_expiry_reminders] D-7: none
2025-09-25 11:00:00,796 | INFO | scheduler | [job_access_expiry_reminders] D-3: none
2025-09-25 11:00:00,801 | INFO | scheduler | [job_access_expiry_reminders] D-0: none
2025-09-25 11:00:00,802 | INFO | apscheduler.executors.default | Job "job_access_expiry_reminders (trigger: cron[hour='11', minute='0'], next run at: 2025-09-26 11:00:00 -03)" executed successfully
2025-09-25 11:00:00,945 | INFO | scheduler | [job_soft_reminders] nothing to remind
2025-09-25 11:00:00,946 | INFO | apscheduler.executors.default | Job "job_soft_reminders (trigger: cron[hour='11', minute='0'], next run at: 2025-09-26 11:00:00 -03)" executed successfully
2025-09-25 14:27:17,128 | INFO | code-magnetism | Incoming update 822055681
2025-09-25 14:27:17,130 | INFO | code-magnetism | Message from 1648917869 (@Tokyo_tokyo): Мой прогресс
2025-09-25 14:27:18,320 | INFO | aiogram.event | Update id=822055681 is handled. Duration 1184 ms by bot id=8485537220
2025-09-25 14:27:18,321 | INFO | code-magnetism | Update 822055681 processed successfully
2025-09-25 14:27:18,323 | INFO | uvicorn.access | 91.108.5.36:0 - "POST /telegram/webhook?secret=change_me HTTP/1.1" 200
2025-09-25 14:27:24,185 | INFO | code-magnetism | Incoming update 822055682
2025-09-25 14:27:24,186 | INFO | code-magnetism | Message from 1648917869 (@Tokyo_tokyo): Бесплатные уроки
2025-09-25 14:27:24,474 | INFO | aiogram.event | Update id=822055682 is handled. Duration 285 ms by bot id=8485537220
2025-09-25 14:27:24,475 | INFO | code-magnetism | Update 822055682 processed successfully
2025-09-25 14:27:24,476 | INFO | uvicorn.access | 91.108.5.36:0 - "POST /telegram/webhook?secret=change_me HTTP/1.1" 200
2025-09-25 14:27:29,448 | INFO | code-magnetism | Incoming update 822055683
2025-09-25 14:27:29,451 | INFO | code-magnetism | Message from 1648917869 (@Tokyo_tokyo): Пройти тест
2025-09-25 14:27:29,760 | INFO | aiogram.event | Update id=822055683 is handled. Duration 306 ms by bot id=8485537220
2025-09-25 14:27:29,762 | INFO | code-magnetism | Update 822055683 processed successfully
2025-09-25 14:27:29,764 | INFO | uvicorn.access | 91.108.5.36:0 - "POST /telegram/webhook?secret=change_me HTTP/1.1" 200
2025-09-25 14:27:35,597 | INFO | code-magnetism | Incoming update 822055684
2025-09-25 14:27:35,598 | INFO | code-magnetism | Message from 1648917869 (@Tokyo_tokyo): Записаться на разбор
2025-09-25 14:27:35,879 | INFO | aiogram.event | Update id=822055684 is handled. Duration 278 ms by bot id=8485537220
2025-09-25 14:27:35,880 | INFO | code-magnetism | Update 822055684 processed successfully
2025-09-25 14:27:35,882 | INFO | uvicorn.access | 91.108.5.36:0 - "POST /telegram/webhook?secret=change_me HTTP/1.1" 200
2025-09-25 14:27:38,949 | INFO | code-magnetism | Incoming update 822055685
2025-09-25 14:27:38,951 | INFO | code-magnetism | Message from 1648917869 (@Tokyo_tokyo): ⬅️ В главное меню
2025-09-25 14:27:39,262 | INFO | aiogram.event | Update id=822055685 is handled. Duration 308 ms by bot id=8485537220
2025-09-25 14:27:39,263 | INFO | code-magnetism | Update 822055685 processed successfully
2025-09-25 14:27:39,264 | INFO | uvicorn.access | 91.108.5.36:0 - "POST /telegram/webhook?secret=change_me HTTP/1.1" 200
2025-09-25 14:27:43,146 | INFO | code-magnetism | Incoming update 822055686
2025-09-25 14:27:43,149 | INFO | code-magnetism | Message from 1648917869 (@Tokyo_tokyo): ⚙️ Админка
2025-09-25 14:27:43,454 | INFO | aiogram.event | Update id=822055686 is handled. Duration 303 ms by bot id=8485537220
2025-09-25 14:27:43,455 | INFO | code-magnetism | Update 822055686 processed successfully
2025-09-25 14:27:43,457 | INFO | uvicorn.access | 91.108.5.36:0 - "POST /telegram/webhook?secret=change_me HTTP/1.1" 200
2025-09-25 14:27:51,699 | INFO | code-magnetism | Incoming update 822055687
2025-09-25 14:27:51,700 | INFO | code-magnetism | Message from 1648917869 (@Tokyo_tokyo): 🛠️ Диагностика
2025-09-25 14:27:52,027 | INFO | aiogram.event | Update id=822055687 is handled. Duration 323 ms by bot id=8485537220
2025-09-25 14:27:52,028 | INFO | code-magnetism | Update 822055687 processed successfully
2025-09-25 14:27:52,030 | INFO | uvicorn.access | 91.108.5.36:0 - "POST /telegram/webhook?secret=change_me HTTP/1.1" 200
2025-09-25 14:28:05,841 | INFO | code-magnetism | Incoming update 822055688
2025-09-25 14:28:05,843 | INFO | code-magnetism | Message from 1648917869 (@Tokyo_tokyo): ⚙️ Настройки
2025-09-25 14:28:06,160 | INFO | aiogram.event | Update id=822055688 is handled. Duration 315 ms by bot id=8485537220
2025-09-25 14:28:06,162 | INFO | code-magnetism | Update 822055688 processed successfully
2025-09-25 14:28:06,163 | INFO | uvicorn.access | 91.108.5.36:0 - "POST /telegram/webhook?secret=change_me HTTP/1.1" 200
2025-09-25 14:28:12,324 | INFO | code-magnetism | Incoming update 822055689
2025-09-25 14:28:12,326 | INFO | code-magnetism | Message from 1648917869 (@Tokyo_tokyo): ✅ Материалы недели
2025-09-25 14:28:12,442 | INFO | handlers | content: set key=settings.show_weekly_materials len=5
2025-09-25 14:28:12,484 | ERROR | handlers | Failed to log admin action: invalid input for query argument $3: {'key': 'show_weekly_materials', 'value'... (expected str, got dict)
2025-09-25 14:28:12,827 | INFO | aiogram.event | Update id=822055689 is handled. Duration 498 ms by bot id=8485537220
2025-09-25 14:28:12,828 | INFO | code-magnetism | Update 822055689 processed successfully
2025-09-25 14:28:12,829 | INFO | uvicorn.access | 91.108.5.36:0 - "POST /telegram/webhook?secret=change_me HTTP/1.1" 200
2025-09-25 14:28:32,461 | INFO | code-magnetism | Incoming update 822055690
2025-09-25 14:28:32,462 | INFO | code-magnetism | Message from 1648917869 (@Tokyo_tokyo): 🧾 Контент и тексты
2025-09-25 14:28:33,319 | INFO | aiogram.event | Update id=822055690 is handled. Duration 855 ms by bot id=8485537220
2025-09-25 14:28:33,320 | INFO | code-magnetism | Update 822055690 processed successfully
2025-09-25 14:28:33,322 | INFO | uvicorn.access | 91.108.5.36:0 - "POST /telegram/webhook?secret=change_me HTTP/1.1" 200
2025-09-25 14:28:39,754 | INFO | code-magnetism | Incoming update 822055691
2025-09-25 14:28:39,755 | INFO | code-magnetism | Message from 1648917869 (@Tokyo_tokyo): ➕ Добавить или обновить текст
2025-09-25 14:28:40,171 | INFO | aiogram.event | Update id=822055691 is handled. Duration 413 ms by bot id=8485537220
2025-09-25 14:28:40,173 | INFO | code-magnetism | Update 822055691 processed successfully
2025-09-25 14:28:40,174 | INFO | uvicorn.access | 91.108.5.36:0 - "POST /telegram/webhook?secret=change_me HTTP/1.1" 200
2025-09-25 14:28:49,314 | INFO | code-magnetism | Incoming update 822055692
2025-09-25 14:28:49,315 | INFO | code-magnetism | Message from 1648917869 (@Tokyo_tokyo): menu.start
2025-09-25 14:28:49,688 | INFO | aiogram.event | Update id=822055692 is handled. Duration 370 ms by bot id=8485537220
2025-09-25 14:28:49,689 | INFO | code-magnetism | Update 822055692 processed successfully
2025-09-25 14:28:49,691 | INFO | uvicorn.access | 91.108.5.36:0 - "POST /telegram/webhook?secret=change_me HTTP/1.1" 200
2025-09-26 09:52:11,575 | INFO | code-magnetism | Incoming update 822055693
2025-09-26 09:52:11,779 | INFO | code-magnetism | Message from 1648917869 (@Tokyo_tokyo): Добро пожаловать в клуб «CODE: Магнетизм»! 🌺

Ты внутри.  
Это не просто канал или курс — это поле, 
2025-09-26 09:52:15,184 | INFO | handlers | content: set key=menu.start len=411
2025-09-26 09:52:15,259 | ERROR | handlers | Failed to log admin action: invalid input for query argument $3: {'key': 'menu.start', 'length': 411} (expected str, got dict)
2025-09-26 09:52:17,097 | INFO | aiogram.event | Update id=822055693 is handled. Duration 4963 ms by bot id=8485537220
2025-09-26 09:52:17,132 | INFO | code-magnetism | Update 822055693 processed successfully
2025-09-26 09:52:17,153 | INFO | uvicorn.access | 91.108.5.36:0 - "POST /telegram/webhook?secret=change_me HTTP/1.1" 200
2025-09-26 09:52:17,684 | INFO | code-magnetism | Incoming update 822055694
2025-09-26 09:52:17,685 | INFO | code-magnetism | Message from 1648917869 (@Tokyo_tokyo): 📄 Тексты экранов
2025-09-26 09:52:18,111 | INFO | aiogram.event | Update id=822055694 is handled. Duration 395 ms by bot id=8485537220
2025-09-26 09:52:18,112 | INFO | code-magnetism | Update 822055694 processed successfully
2025-09-26 09:52:18,114 | INFO | uvicorn.access | 91.108.5.36:0 - "POST /telegram/webhook?secret=change_me HTTP/1.1" 200
2025-09-26 09:52:36,589 | INFO | code-magnetism | Incoming update 822055695
2025-09-26 09:52:36,590 | INFO | code-magnetism | Message from 8103345706 (@MagneticCod_admin): /start
2025-09-26 09:52:36,987 | INFO | handlers | ensure_user: created user tg_id=8103345706 id=4
2025-09-26 09:52:37,761 | INFO | aiogram.event | Update id=822055695 is handled. Duration 1168 ms by bot id=8485537220
2025-09-26 09:52:37,765 | INFO | code-magnetism | Update 822055695 processed successfully
2025-09-26 09:52:37,767 | INFO | uvicorn.access | 91.108.5.36:0 - "POST /telegram/webhook?secret=change_me HTTP/1.1" 200
2025-09-26 09:53:02,425 | INFO | code-magnetism | Incoming update 822055696
2025-09-26 09:53:02,426 | INFO | code-magnetism | Message from 8103345706 (@MagneticCod_admin): Hfkn
2025-09-26 09:53:03,163 | INFO | aiogram.event | Update id=822055696 is handled. Duration 733 ms by bot id=8485537220
2025-09-26 09:53:03,164 | INFO | code-magnetism | Update 822055696 processed successfully
2025-09-26 09:53:03,166 | INFO | uvicorn.access | 91.108.5.36:0 - "POST /telegram/webhook?secret=change_me HTTP/1.1" 200
2025-09-26 09:53:14,348 | INFO | code-magnetism | Incoming update 822055697
2025-09-26 09:53:14,349 | INFO | code-magnetism | Message from 8103345706 (@MagneticCod_admin): ddfdedd@gmail.com
2025-09-26 09:53:14,678 | INFO | aiogram.event | Update id=822055697 is handled. Duration 326 ms by bot id=8485537220
2025-09-26 09:53:14,679 | INFO | code-magnetism | Update 822055697 processed successfully
2025-09-26 09:53:14,681 | INFO | uvicorn.access | 91.108.5.36:0 - "POST /telegram/webhook?secret=change_me HTTP/1.1" 200
2025-09-26 09:53:22,178 | INFO | code-magnetism | Incoming update 822055698
2025-09-26 09:53:22,184 | INFO | code-magnetism | Message from 8103345706 (@MagneticCod_admin): 45
2025-09-26 09:53:22,594 | INFO | aiogram.event | Update id=822055698 is handled. Duration 408 ms by bot id=8485537220
2025-09-26 09:53:22,597 | INFO | code-magnetism | Update 822055698 processed successfully
2025-09-26 09:53:22,599 | INFO | uvicorn.access | 91.108.5.36:0 - "POST /telegram/webhook?secret=change_me HTTP/1.1" 200
2025-09-26 09:53:32,502 | INFO | code-magnetism | Incoming update 822055699
2025-09-26 09:53:32,503 | INFO | code-magnetism | Message from 8103345706 (@MagneticCod_admin): +34556
2025-09-26 09:53:32,795 | INFO | aiogram.event | Update id=822055699 is handled. Duration 286 ms by bot id=8485537220
2025-09-26 09:53:32,823 | INFO | code-magnetism | Update 822055699 processed successfully
2025-09-26 09:53:32,827 | INFO | uvicorn.access | 91.108.5.36:0 - "POST /telegram/webhook?secret=change_me HTTP/1.1" 200
2025-09-26 09:54:00,981 | INFO | code-magnetism | Incoming update 822055700
2025-09-26 09:54:00,983 | INFO | code-magnetism | Message from 8103345706 (@MagneticCod_admin): +798989989898
2025-09-26 09:54:01,873 | INFO | aiogram.event | Update id=822055700 is handled. Duration 887 ms by bot id=8485537220
2025-09-26 09:54:01,874 | INFO | code-magnetism | Update 822055700 processed successfully
2025-09-26 09:54:01,875 | INFO | uvicorn.access | 91.108.5.36:0 - "POST /telegram/webhook?secret=change_me HTTP/1.1" 200
2025-09-26 09:54:38,346 | INFO | code-magnetism | Incoming update 822055701
2025-09-26 09:54:38,348 | INFO | code-magnetism | Message from 1648917869 (@Tokyo_tokyo): ⬅️ В админку
2025-09-26 09:54:39,151 | INFO | aiogram.event | Update id=822055701 is handled. Duration 801 ms by bot id=8485537220
2025-09-26 09:54:39,152 | INFO | code-magnetism | Update 822055701 processed successfully
2025-09-26 09:54:39,154 | INFO | uvicorn.access | 91.108.5.36:0 - "POST /telegram/webhook?secret=change_me HTTP/1.1" 200
2025-09-26 09:54:44,663 | INFO | code-magnetism | Incoming update 822055702
2025-09-26 09:54:44,664 | INFO | code-magnetism | Message from 1648917869 (@Tokyo_tokyo): 🧾 Контент и тексты
2025-09-26 09:54:45,054 | INFO | aiogram.event | Update id=822055702 is handled. Duration 387 ms by bot id=8485537220
2025-09-26 09:54:45,055 | INFO | code-magnetism | Update 822055702 processed successfully
2025-09-26 09:54:45,057 | INFO | uvicorn.access | 91.108.5.36:0 - "POST /telegram/webhook?secret=change_me HTTP/1.1" 200
2025-09-26 09:54:52,254 | INFO | code-magnetism | Incoming update 822055703
2025-09-26 09:54:52,255 | INFO | code-magnetism | Message from 1648917869 (@Tokyo_tokyo): 📄 Тексты экранов
2025-09-26 09:54:52,616 | INFO | aiogram.event | Update id=822055703 is handled. Duration 358 ms by bot id=8485537220
2025-09-26 09:54:52,617 | INFO | code-magnetism | Update 822055703 processed successfully
2025-09-26 09:54:52,618 | INFO | uvicorn.access | 91.108.5.36:0 - "POST /telegram/webhook?secret=change_me HTTP/1.1" 200
2025-09-26 09:54:55,201 | INFO | code-magnetism | Incoming update 822055704
2025-09-26 09:54:55,203 | INFO | code-magnetism | Message from 1648917869 (@Tokyo_tokyo): 🏠 Вход и меню
2025-09-26 09:54:55,529 | INFO | aiogram.event | Update id=822055704 is handled. Duration 323 ms by bot id=8485537220
2025-09-26 09:54:55,530 | INFO | code-magnetism | Update 822055704 processed successfully
2025-09-26 09:54:55,531 | INFO | uvicorn.access | 91.108.5.36:0 - "POST /telegram/webhook?secret=change_me HTTP/1.1" 200
2025-09-26 09:55:00,099 | INFO | code-magnetism | Incoming update 822055705
2025-09-26 09:55:00,107 | INFO | code-magnetism | Message from 1648917869 (@Tokyo_tokyo): Приветствие /start
2025-09-26 09:55:00,458 | INFO | aiogram.event | Update id=822055705 is handled. Duration 348 ms by bot id=8485537220
2025-09-26 09:55:00,460 | INFO | code-magnetism | Update 822055705 processed successfully
2025-09-26 09:55:00,462 | INFO | uvicorn.access | 91.108.5.36:0 - "POST /telegram/webhook?secret=change_me HTTP/1.1" 200
2025-09-26 09:55:06,334 | INFO | code-magnetism | Incoming update 822055706
2025-09-26 09:55:06,362 | INFO | code-magnetism | Message from 1648917869 (@Tokyo_tokyo): Отмена
2025-09-26 09:55:06,761 | INFO | aiogram.event | Update id=822055706 is handled. Duration 396 ms by bot id=8485537220
2025-09-26 09:55:06,777 | INFO | code-magnetism | Update 822055706 processed successfully
2025-09-26 09:55:06,804 | INFO | uvicorn.access | 91.108.5.36:0 - "POST /telegram/webhook?secret=change_me HTTP/1.1" 200
2025-09-26 09:55:09,343 | INFO | code-magnetism | Incoming update 822055707
2025-09-26 09:55:09,349 | INFO | code-magnetism | Message from 1648917869 (@Tokyo_tokyo): Сообщение после регистрации
2025-09-26 09:55:09,763 | INFO | aiogram.event | Update id=822055707 is handled. Duration 405 ms by bot id=8485537220
2025-09-26 09:55:09,765 | INFO | code-magnetism | Update 822055707 processed successfully
2025-09-26 09:55:09,768 | INFO | uvicorn.access | 91.108.5.36:0 - "POST /telegram/webhook?secret=change_me HTTP/1.1" 200
2025-09-26 09:55:16,071 | INFO | code-magnetism | Incoming update 822055708
2025-09-26 09:55:16,072 | INFO | code-magnetism | Message from 1648917869 (@Tokyo_tokyo): Отмена
2025-09-26 09:55:16,344 | INFO | aiogram.event | Update id=822055708 is handled. Duration 270 ms by bot id=8485537220
2025-09-26 09:55:16,346 | INFO | code-magnetism | Update 822055708 processed successfully
2025-09-26 09:55:16,347 | INFO | uvicorn.access | 91.108.5.36:0 - "POST /telegram/webhook?secret=change_me HTTP/1.1" 200
2025-09-26 09:55:18,701 | INFO | code-magnetism | Incoming update 822055709
2025-09-26 09:55:18,702 | INFO | code-magnetism | Message from 1648917869 (@Tokyo_tokyo): Подсказка главного меню
2025-09-26 09:55:19,083 | INFO | aiogram.event | Update id=822055709 is handled. Duration 378 ms by bot id=8485537220
2025-09-26 09:55:19,092 | INFO | code-magnetism | Update 822055709 processed successfully
2025-09-26 09:55:19,115 | INFO | uvicorn.access | 91.108.5.36:0 - "POST /telegram/webhook?secret=change_me HTTP/1.1" 200
2025-09-26 09:55:24,798 | INFO | code-magnetism | Incoming update 822055710
2025-09-26 09:55:24,800 | INFO | code-magnetism | Message from 1648917869 (@Tokyo_tokyo): Отмена
2025-09-26 09:55:25,081 | INFO | aiogram.event | Update id=822055710 is handled. Duration 277 ms by bot id=8485537220
2025-09-26 09:55:25,082 | INFO | code-magnetism | Update 822055710 processed successfully
2025-09-26 09:55:25,084 | INFO | uvicorn.access | 91.108.5.36:0 - "POST /telegram/webhook?secret=change_me HTTP/1.1" 200
2025-09-26 09:55:28,923 | INFO | code-magnetism | Incoming update 822055711
2025-09-26 09:55:28,924 | INFO | code-magnetism | Message from 1648917869 (@Tokyo_tokyo): Подсказка «Профиль»
2025-09-26 09:55:29,326 | INFO | aiogram.event | Update id=822055711 is handled. Duration 399 ms by bot id=8485537220
2025-09-26 09:55:29,327 | INFO | code-magnetism | Update 822055711 processed successfully
2025-09-26 09:55:29,329 | INFO | uvicorn.access | 91.108.5.36:0 - "POST /telegram/webhook?secret=change_me HTTP/1.1" 200
2025-09-26 09:55:37,082 | INFO | code-magnetism | Incoming update 822055712
2025-09-26 09:55:37,084 | INFO | code-magnetism | Message from 1648917869 (@Tokyo_tokyo): Отмена
2025-09-26 09:55:37,475 | INFO | aiogram.event | Update id=822055712 is handled. Duration 389 ms by bot id=8485537220
2025-09-26 09:55:37,476 | INFO | code-magnetism | Update 822055712 processed successfully
2025-09-26 09:55:37,478 | INFO | uvicorn.access | 91.108.5.36:0 - "POST /telegram/webhook?secret=change_me HTTP/1.1" 200
2025-09-26 09:55:41,558 | INFO | code-magnetism | Incoming update 822055713
2025-09-26 09:55:41,568 | INFO | code-magnetism | Message from 1648917869 (@Tokyo_tokyo): ⬅️ К списку текстов
2025-09-26 09:55:41,950 | INFO | aiogram.event | Update id=822055713 is handled. Duration 379 ms by bot id=8485537220
2025-09-26 09:55:41,952 | INFO | code-magnetism | Update 822055713 processed successfully
2025-09-26 09:55:41,954 | INFO | uvicorn.access | 91.108.5.36:0 - "POST /telegram/webhook?secret=change_me HTTP/1.1" 200
2025-09-26 09:55:46,627 | INFO | code-magnetism | Incoming update 822055714
2025-09-26 09:55:46,629 | INFO | code-magnetism | Message from 1648917869 (@Tokyo_tokyo): ⬅️ В админку
2025-09-26 09:55:47,076 | INFO | aiogram.event | Update id=822055714 is handled. Duration 445 ms by bot id=8485537220
2025-09-26 09:55:47,077 | INFO | code-magnetism | Update 822055714 processed successfully
2025-09-26 09:55:47,079 | INFO | uvicorn.access | 91.108.5.36:0 - "POST /telegram/webhook?secret=change_me HTTP/1.1" 200
2025-09-26 09:55:50,726 | INFO | code-magnetism | Incoming update 822055715
2025-09-26 09:55:50,728 | INFO | code-magnetism | Message from 1648917869 (@Tokyo_tokyo): 🎛 Логика бота
2025-09-26 09:55:51,110 | INFO | aiogram.event | Update id=822055715 is handled. Duration 365 ms by bot id=8485537220
2025-09-26 09:55:51,111 | INFO | code-magnetism | Update 822055715 processed successfully
2025-09-26 09:55:51,132 | INFO | uvicorn.access | 91.108.5.36:0 - "POST /telegram/webhook?secret=change_me HTTP/1.1" 200
2025-09-26 09:55:54,638 | INFO | code-magnetism | Incoming update 822055716
2025-09-26 09:55:54,640 | INFO | code-magnetism | Message from 1648917869 (@Tokyo_tokyo): ✉️ Приветствие /start
2025-09-26 09:55:54,972 | INFO | aiogram.event | Update id=822055716 is handled. Duration 330 ms by bot id=8485537220
2025-09-26 09:55:54,974 | INFO | code-magnetism | Update 822055716 processed successfully
2025-09-26 09:55:54,976 | INFO | uvicorn.access | 91.108.5.36:0 - "POST /telegram/webhook?secret=change_me HTTP/1.1" 200
2025-09-26 09:56:01,092 | INFO | code-magnetism | Incoming update 822055717
2025-09-26 09:56:01,127 | INFO | code-magnetism | Message from 1648917869 (@Tokyo_tokyo): Отмена
2025-09-26 09:56:01,574 | INFO | aiogram.event | Update id=822055717 is handled. Duration 408 ms by bot id=8485537220
2025-09-26 09:56:01,610 | INFO | code-magnetism | Update 822055717 processed successfully
2025-09-26 09:56:01,612 | INFO | uvicorn.access | 91.108.5.36:0 - "POST /telegram/webhook?secret=change_me HTTP/1.1" 200
2025-09-26 09:56:03,922 | INFO | code-magnetism | Incoming update 822055718
2025-09-26 09:56:03,923 | INFO | code-magnetism | Message from 1648917869 (@Tokyo_tokyo): 🚀 Шаги онбординга
2025-09-26 09:56:04,509 | INFO | aiogram.event | Update id=822055718 is handled. Duration 583 ms by bot id=8485537220
2025-09-26 09:56:04,510 | INFO | code-magnetism | Update 822055718 processed successfully
2025-09-26 09:56:04,513 | INFO | uvicorn.access | 91.108.5.36:0 - "POST /telegram/webhook?secret=change_me HTTP/1.1" 200
2025-09-26 09:56:16,866 | INFO | code-magnetism | Incoming update 822055719
2025-09-26 09:56:16,867 | INFO | code-magnetism | Message from 1648917869 (@Tokyo_tokyo): ✏️ Шаг 1
2025-09-26 09:56:17,177 | INFO | aiogram.event | Update id=822055719 is handled. Duration 307 ms by bot id=8485537220
2025-09-26 09:56:17,178 | INFO | code-magnetism | Update 822055719 processed successfully
2025-09-26 09:56:17,180 | INFO | uvicorn.access | 91.108.5.36:0 - "POST /telegram/webhook?secret=change_me HTTP/1.1" 200
2025-09-26 10:00:00,309 | INFO | apscheduler.executors.default | Running job "job_daily_lessons (trigger: cron[hour='10', minute='0'], next run at: 2025-09-27 10:00:00 -03)" (scheduled at 2025-09-26 10:00:00-03:00)
2025-09-26 10:00:00,418 | INFO | scheduler | [job_daily_lessons] sent=0 skipped=4 errors=0
2025-09-26 10:00:00,422 | INFO | apscheduler.executors.default | Job "job_daily_lessons (trigger: cron[hour='10', minute='0'], next run at: 2025-09-27 10:00:00 -03)" executed successfully
2025-09-26 11:00:00,041 | INFO | apscheduler.executors.default | Running job "job_access_expiry_reminders (trigger: cron[hour='11', minute='0'], next run at: 2025-09-27 11:00:00 -03)" (scheduled at 2025-09-26 11:00:00-03:00)
2025-09-26 11:00:00,057 | INFO | apscheduler.executors.default | Running job "job_soft_reminders (trigger: cron[hour='11', minute='0'], next run at: 2025-09-27 11:00:00 -03)" (scheduled at 2025-09-26 11:00:00-03:00)
2025-09-26 11:00:00,867 | INFO | scheduler | [job_access_expiry_reminders] D-7: none
2025-09-26 11:00:00,871 | INFO | scheduler | [job_access_expiry_reminders] D-3: none
2025-09-26 11:00:00,875 | INFO | scheduler | [job_access_expiry_reminders] D-0: none
2025-09-26 11:00:00,876 | INFO | apscheduler.executors.default | Job "job_access_expiry_reminders (trigger: cron[hour='11', minute='0'], next run at: 2025-09-27 11:00:00 -03)" executed successfully
2025-09-26 11:00:01,650 | INFO | scheduler | [job_soft_reminders] sent=1 errors=0
2025-09-26 11:00:01,651 | INFO | apscheduler.executors.default | Job "job_soft_reminders (trigger: cron[hour='11', minute='0'], next run at: 2025-09-27 11:00:00 -03)" executed successfully
2025-09-26 11:05:21,523 | INFO | code-magnetism | Incoming update 822055720
2025-09-26 11:05:21,558 | INFO | code-magnetism | Message from 8103345706 (@MagneticCod_admin): ℹ️ О клубе
2025-09-26 11:05:23,042 | INFO | aiogram.event | Update id=822055720 is handled. Duration 1480 ms by bot id=8485537220
2025-09-26 11:05:23,043 | INFO | code-magnetism | Update 822055720 processed successfully
2025-09-26 11:05:23,045 | INFO | uvicorn.access | 91.108.5.36:0 - "POST /telegram/webhook?secret=change_me HTTP/1.1" 200
2025-09-26 11:05:33,583 | INFO | code-magnetism | Incoming update 822055721
2025-09-26 11:05:33,585 | INFO | code-magnetism | Message from 8103345706 (@MagneticCod_admin): FAQ
2025-09-26 11:05:33,949 | INFO | aiogram.event | Update id=822055721 is handled. Duration 362 ms by bot id=8485537220
2025-09-26 11:05:33,951 | INFO | code-magnetism | Update 822055721 processed successfully
2025-09-26 11:05:33,952 | INFO | uvicorn.access | 91.108.5.36:0 - "POST /telegram/webhook?secret=change_me HTTP/1.1" 200
2025-09-26 11:05:37,610 | INFO | code-magnetism | Incoming update 822055722
2025-09-26 11:05:37,612 | INFO | code-magnetism | Message from 8103345706 (@MagneticCod_admin): Правила
2025-09-26 11:05:37,971 | INFO | aiogram.event | Update id=822055722 is handled. Duration 357 ms by bot id=8485537220
2025-09-26 11:05:37,972 | INFO | code-magnetism | Update 822055722 processed successfully
2025-09-26 11:05:37,974 | INFO | uvicorn.access | 91.108.5.36:0 - "POST /telegram/webhook?secret=change_me HTTP/1.1" 200
2025-09-26 11:06:10,413 | INFO | code-magnetism | Incoming update 822055723
2025-09-26 11:06:10,417 | INFO | code-magnetism | Message from 1648917869 (@Tokyo_tokyo): да
2025-09-26 11:06:10,535 | INFO | handlers | content: set key=onboarding.0 len=2
2025-09-26 11:06:10,544 | INFO | handlers | content: set key=onboarding.1 len=36
2025-09-26 11:06:10,550 | INFO | handlers | content: set key=onboarding.2 len=34
2025-09-26 11:06:10,556 | INFO | handlers | content: set key=onboarding.3 len=51
2025-09-26 11:06:10,578 | INFO | handlers | content: set key=onboarding.4 len=43
2025-09-26 11:06:10,582 | ERROR | handlers | Failed to log admin action: invalid input for query argument $3: {'mode': 'edit', 'index': 0, 'count': 5} (expected str, got dict)
2025-09-26 11:06:11,713 | INFO | aiogram.event | Update id=822055723 is handled. Duration 1236 ms by bot id=8485537220
2025-09-26 11:06:11,714 | INFO | code-magnetism | Update 822055723 processed successfully
2025-09-26 11:06:11,716 | INFO | uvicorn.access | 91.108.5.36:0 - "POST /telegram/webhook?secret=change_me HTTP/1.1" 200
2025-09-26 11:06:28,220 | INFO | code-magnetism | Incoming update 822055724
2025-09-26 11:06:28,221 | INFO | code-magnetism | Message from 1648917869 (@Tokyo_tokyo): 🗑️ Удалить шаг
2025-09-26 11:06:29,071 | INFO | aiogram.event | Update id=822055724 is handled. Duration 847 ms by bot id=8485537220
2025-09-26 11:06:29,072 | INFO | code-magnetism | Update 822055724 processed successfully
2025-09-26 11:06:29,074 | INFO | uvicorn.access | 91.108.5.36:0 - "POST /telegram/webhook?secret=change_me HTTP/1.1" 200
2025-09-26 11:07:23,422 | INFO | code-magnetism | Incoming update 822055725
2025-09-26 11:07:23,423 | INFO | code-magnetism | Message from 1648917869 (@Tokyo_tokyo): 🗑️ Шаг 1
2025-09-26 11:07:23,504 | INFO | handlers | content: set key=onboarding.0 len=36
2025-09-26 11:07:23,523 | INFO | handlers | content: set key=onboarding.1 len=34
2025-09-26 11:07:23,529 | INFO | handlers | content: set key=onboarding.2 len=51
2025-09-26 11:07:23,534 | INFO | handlers | content: set key=onboarding.3 len=43
2025-09-26 11:07:23,537 | ERROR | handlers | Failed to log admin action: invalid input for query argument $3: {'index': 0, 'text_length': 2} (expected str, got dict)
2025-09-26 11:07:24,629 | INFO | aiogram.event | Update id=822055725 is handled. Duration 1203 ms by bot id=8485537220
2025-09-26 11:07:24,631 | INFO | code-magnetism | Update 822055725 processed successfully
2025-09-26 11:07:24,632 | INFO | uvicorn.access | 91.108.5.36:0 - "POST /telegram/webhook?secret=change_me HTTP/1.1" 200
2025-09-26 11:07:33,447 | INFO | code-magnetism | Incoming update 822055726
2025-09-26 11:07:33,448 | INFO | code-magnetism | Message from 1648917869 (@Tokyo_tokyo): ✏️ Шаг 1
2025-09-26 11:07:33,744 | INFO | aiogram.event | Update id=822055726 is handled. Duration 293 ms by bot id=8485537220
2025-09-26 11:07:33,745 | INFO | code-magnetism | Update 822055726 processed successfully
2025-09-26 11:07:33,746 | INFO | uvicorn.access | 91.108.5.36:0 - "POST /telegram/webhook?secret=change_me HTTP/1.1" 200
2025-09-26 11:08:57,595 | INFO | code-magnetism | Incoming update 822055727
2025-09-26 11:08:57,596 | INFO | code-magnetism | Message from 1648917869 (@Tokyo_tokyo): /start
2025-09-26 11:08:58,781 | INFO | aiogram.event | Update id=822055727 is handled. Duration 1183 ms by bot id=8485537220
2025-09-26 11:08:58,783 | INFO | code-magnetism | Update 822055727 processed successfully
2025-09-26 11:08:58,785 | INFO | uvicorn.access | 91.108.5.36:0 - "POST /telegram/webhook?secret=change_me HTTP/1.1" 200
2025-09-26 11:09:02,333 | INFO | code-magnetism | Incoming update 822055728
2025-09-26 11:09:02,336 | INFO | code-magnetism | Message from 1648917869 (@Tokyo_tokyo): ⚙️ Админка
2025-09-26 11:09:02,620 | INFO | aiogram.event | Update id=822055728 is handled. Duration 282 ms by bot id=8485537220
2025-09-26 11:09:02,621 | INFO | code-magnetism | Update 822055728 processed successfully
2025-09-26 11:09:02,623 | INFO | uvicorn.access | 91.108.5.36:0 - "POST /telegram/webhook?secret=change_me HTTP/1.1" 200
2025-09-26 11:09:08,287 | INFO | code-magnetism | Incoming update 822055729
2025-09-26 11:09:08,288 | INFO | code-magnetism | Message from 1648917869 (@Tokyo_tokyo): 🎛 Логика бота
2025-09-26 11:09:08,628 | INFO | aiogram.event | Update id=822055729 is handled. Duration 336 ms by bot id=8485537220
2025-09-26 11:09:08,629 | INFO | code-magnetism | Update 822055729 processed successfully
2025-09-26 11:09:08,631 | INFO | uvicorn.access | 91.108.5.36:0 - "POST /telegram/webhook?secret=change_me HTTP/1.1" 200
2025-09-26 11:09:12,743 | INFO | code-magnetism | Incoming update 822055730
2025-09-26 11:09:12,744 | INFO | code-magnetism | Message from 1648917869 (@Tokyo_tokyo): ✅ Сообщение после регистрации
2025-09-26 11:09:13,069 | INFO | aiogram.event | Update id=822055730 is handled. Duration 322 ms by bot id=8485537220
2025-09-26 11:09:13,070 | INFO | code-magnetism | Update 822055730 processed successfully
2025-09-26 11:09:13,072 | INFO | uvicorn.access | 91.108.5.36:0 - "POST /telegram/webhook?secret=change_me HTTP/1.1" 200
2025-09-26 11:09:19,052 | INFO | code-magnetism | Incoming update 822055731
2025-09-26 11:09:19,053 | INFO | code-magnetism | Message from 1648917869 (@Tokyo_tokyo): Отмена
2025-09-26 11:09:19,419 | INFO | aiogram.event | Update id=822055731 is handled. Duration 363 ms by bot id=8485537220
2025-09-26 11:09:19,420 | INFO | code-magnetism | Update 822055731 processed successfully
2025-09-26 11:09:19,422 | INFO | uvicorn.access | 91.108.5.36:0 - "POST /telegram/webhook?secret=change_me HTTP/1.1" 200
2025-09-26 11:09:21,420 | INFO | code-magnetism | Incoming update 822055732
2025-09-26 11:09:21,421 | INFO | code-magnetism | Message from 1648917869 (@Tokyo_tokyo): 🚀 Шаги онбординга
2025-09-26 11:09:21,886 | INFO | aiogram.event | Update id=822055732 is handled. Duration 462 ms by bot id=8485537220
2025-09-26 11:09:21,887 | INFO | code-magnetism | Update 822055732 processed successfully
2025-09-26 11:09:21,889 | INFO | uvicorn.access | 91.108.5.36:0 - "POST /telegram/webhook?secret=change_me HTTP/1.1" 200
2025-09-26 11:09:30,635 | INFO | code-magnetism | Incoming update 822055733
2025-09-26 11:09:30,636 | INFO | code-magnetism | Message from 1648917869 (@Tokyo_tokyo): ➕ Добавить шаг
2025-09-26 11:09:30,994 | INFO | aiogram.event | Update id=822055733 is handled. Duration 355 ms by bot id=8485537220
2025-09-26 11:09:30,996 | INFO | code-magnetism | Update 822055733 processed successfully
2025-09-26 11:09:30,997 | INFO | uvicorn.access | 91.108.5.36:0 - "POST /telegram/webhook?secret=change_me HTTP/1.1" 200
2025-09-26 11:09:48,010 | INFO | code-magnetism | Incoming update 822055734
2025-09-26 11:09:48,011 | INFO | code-magnetism | Message from 1648917869 (@Tokyo_tokyo): Отмена
2025-09-26 11:09:48,931 | INFO | aiogram.event | Update id=822055734 is handled. Duration 917 ms by bot id=8485537220
2025-09-26 11:09:48,932 | INFO | code-magnetism | Update 822055734 processed successfully
2025-09-26 11:09:48,933 | INFO | uvicorn.access | 91.108.5.36:0 - "POST /telegram/webhook?secret=change_me HTTP/1.1" 200
2025-09-26 11:10:37,361 | INFO | code-magnetism | Incoming update 822055735
2025-09-26 11:10:37,363 | INFO | code-magnetism | Message from 1648917869 (@Tokyo_tokyo): ✏️ Шаг 1
2025-09-26 11:10:38,172 | INFO | aiogram.event | Update id=822055735 is handled. Duration 807 ms by bot id=8485537220
2025-09-26 11:10:38,173 | INFO | code-magnetism | Update 822055735 processed successfully
2025-09-26 11:10:38,175 | INFO | uvicorn.access | 91.108.5.36:0 - "POST /telegram/webhook?secret=change_me HTTP/1.1" 200
2025-09-26 11:10:47,202 | INFO | code-magnetism | Incoming update 822055736
2025-09-26 11:10:47,203 | INFO | code-magnetism | Message from 1648917869 (@Tokyo_tokyo): Шаг 1. Добро пожаловать в Клуб Магнетизм 💫
Ты только что открыла дверь в пространство трансформации 
2025-09-26 11:10:47,245 | INFO | handlers | content: set key=onboarding.0 len=241
2025-09-26 11:10:47,251 | INFO | handlers | content: set key=onboarding.1 len=34
2025-09-26 11:10:47,256 | INFO | handlers | content: set key=onboarding.2 len=51
2025-09-26 11:10:47,306 | INFO | handlers | content: set key=onboarding.3 len=43
2025-09-26 11:10:47,326 | ERROR | handlers | Failed to log admin action: invalid input for query argument $3: {'mode': 'edit', 'index': 0, 'count': 4} (expected str, got dict)
2025-09-26 11:10:47,848 | INFO | aiogram.event | Update id=822055736 is handled. Duration 641 ms by bot id=8485537220
2025-09-26 11:10:47,849 | INFO | code-magnetism | Update 822055736 processed successfully
2025-09-26 11:10:47,851 | INFO | uvicorn.access | 91.108.5.36:0 - "POST /telegram/webhook?secret=change_me HTTP/1.1" 200
2025-09-26 11:11:00,115 | INFO | code-magnetism | Incoming update 822055737
2025-09-26 11:11:00,118 | INFO | code-magnetism | Message from 1648917869 (@Tokyo_tokyo): ✏️ Шаг 2
2025-09-26 11:11:00,391 | INFO | aiogram.event | Update id=822055737 is handled. Duration 270 ms by bot id=8485537220
2025-09-26 11:11:00,393 | INFO | code-magnetism | Update 822055737 processed successfully
2025-09-26 11:11:00,394 | INFO | uvicorn.access | 91.108.5.36:0 - "POST /telegram/webhook?secret=change_me HTTP/1.1" 200
2025-09-26 11:11:03,438 | INFO | code-magnetism | Incoming update 822055738
2025-09-26 11:11:03,441 | INFO | code-magnetism | Message from 1648917869 (@Tokyo_tokyo): Шаг 2. Ознакомься с правилами клуба 📜
Чтобы наше пространство оставалось чистым и поддерживающим, мы
2025-09-26 11:11:03,482 | INFO | handlers | content: set key=onboarding.0 len=241
2025-09-26 11:11:03,488 | INFO | handlers | content: set key=onboarding.1 len=216
2025-09-26 11:11:03,493 | INFO | handlers | content: set key=onboarding.2 len=51
2025-09-26 11:11:03,498 | INFO | handlers | content: set key=onboarding.3 len=43
2025-09-26 11:11:03,501 | ERROR | handlers | Failed to log admin action: invalid input for query argument $3: {'mode': 'edit', 'index': 1, 'count': 4} (expected str, got dict)
2025-09-26 11:11:04,270 | INFO | aiogram.event | Update id=822055738 is handled. Duration 825 ms by bot id=8485537220
2025-09-26 11:11:04,271 | INFO | code-magnetism | Update 822055738 processed successfully
2025-09-26 11:11:04,272 | INFO | uvicorn.access | 91.108.5.36:0 - "POST /telegram/webhook?secret=change_me HTTP/1.1" 200
2025-09-26 11:11:12,990 | INFO | code-magnetism | Incoming update 822055739
2025-09-26 11:11:12,991 | INFO | code-magnetism | Message from 1648917869 (@Tokyo_tokyo): ✏️ Шаг 3
2025-09-26 11:11:13,267 | INFO | aiogram.event | Update id=822055739 is handled. Duration 274 ms by bot id=8485537220
2025-09-26 11:11:13,269 | INFO | code-magnetism | Update 822055739 processed successfully
2025-09-26 11:11:13,270 | INFO | uvicorn.access | 91.108.5.36:0 - "POST /telegram/webhook?secret=change_me HTTP/1.1" 200
2025-09-26 11:11:17,071 | INFO | code-magnetism | Incoming update 822055740
2025-09-26 11:11:17,072 | INFO | code-magnetism | Message from 1648917869 (@Tokyo_tokyo): Шаг 3. Отметься в дневнике недели 📖
Это твоя первая точка входа. Дневник помогает зафиксировать сост
2025-09-26 11:11:17,115 | INFO | handlers | content: set key=onboarding.0 len=241
2025-09-26 11:11:17,121 | INFO | handlers | content: set key=onboarding.1 len=216
2025-09-26 11:11:17,128 | INFO | handlers | content: set key=onboarding.2 len=210
2025-09-26 11:11:17,149 | INFO | handlers | content: set key=onboarding.3 len=43
2025-09-26 11:11:17,153 | ERROR | handlers | Failed to log admin action: invalid input for query argument $3: {'mode': 'edit', 'index': 2, 'count': 4} (expected str, got dict)
2025-09-26 11:11:17,704 | INFO | aiogram.event | Update id=822055740 is handled. Duration 629 ms by bot id=8485537220
2025-09-26 11:11:17,705 | INFO | code-magnetism | Update 822055740 processed successfully
2025-09-26 11:11:17,707 | INFO | uvicorn.access | 91.108.5.36:0 - "POST /telegram/webhook?secret=change_me HTTP/1.1" 200
2025-09-26 11:11:34,431 | INFO | code-magnetism | Incoming update 822055741
2025-09-26 11:11:34,434 | INFO | code-magnetism | Message from 1648917869 (@Tokyo_tokyo): Шаг 4. Выбери первый челлендж и начни практиковать 🌀
Челленджи — это практики, которые запускают изм
2025-09-26 11:11:35,244 | INFO | aiogram.event | Update id=822055741 is handled. Duration 807 ms by bot id=8485537220
2025-09-26 11:11:35,245 | INFO | code-magnetism | Update 822055741 processed successfully
2025-09-26 11:11:35,247 | INFO | uvicorn.access | 91.108.5.36:0 - "POST /telegram/webhook?secret=change_me HTTP/1.1" 200
2025-09-26 11:11:49,787 | INFO | code-magnetism | Incoming update 822055742
2025-09-26 11:11:49,791 | INFO | code-magnetism | Message from 1648917869 (@Tokyo_tokyo): ✏️ Шаг 4
2025-09-26 11:11:50,106 | INFO | aiogram.event | Update id=822055742 is handled. Duration 312 ms by bot id=8485537220
2025-09-26 11:11:50,107 | INFO | code-magnetism | Update 822055742 processed successfully
2025-09-26 11:11:50,109 | INFO | uvicorn.access | 91.108.5.36:0 - "POST /telegram/webhook?secret=change_me HTTP/1.1" 200
2025-09-26 11:11:54,818 | INFO | code-magnetism | Incoming update 822055743
2025-09-26 11:11:54,819 | INFO | code-magnetism | Message from 1648917869 (@Tokyo_tokyo): Шаг 4. Выбери первый челлендж и начни практиковать 🌀
Челленджи — это практики, которые запускают изм
2025-09-26 11:11:54,865 | INFO | handlers | content: set key=onboarding.0 len=241
2025-09-26 11:11:54,893 | INFO | handlers | content: set key=onboarding.1 len=216
2025-09-26 11:11:54,904 | INFO | handlers | content: set key=onboarding.2 len=210
2025-09-26 11:11:54,934 | INFO | handlers | content: set key=onboarding.3 len=178
2025-09-26 11:11:54,937 | ERROR | handlers | Failed to log admin action: invalid input for query argument $3: {'mode': 'edit', 'index': 3, 'count': 4} (expected str, got dict)
2025-09-26 11:11:55,582 | INFO | aiogram.event | Update id=822055743 is handled. Duration 759 ms by bot id=8485537220
2025-09-26 11:11:55,583 | INFO | code-magnetism | Update 822055743 processed successfully
2025-09-26 11:11:55,584 | INFO | uvicorn.access | 91.108.5.36:0 - "POST /telegram/webhook?secret=change_me HTTP/1.1" 200
2025-09-26 11:12:10,267 | INFO | code-magnetism | Incoming update 822055744
2025-09-26 11:12:10,268 | INFO | code-magnetism | Message from 1648917869 (@Tokyo_tokyo): ➕ Добавить шаг
2025-09-26 11:12:10,628 | INFO | aiogram.event | Update id=822055744 is handled. Duration 357 ms by bot id=8485537220
2025-09-26 11:12:10,629 | INFO | code-magnetism | Update 822055744 processed successfully
2025-09-26 11:12:10,631 | INFO | uvicorn.access | 91.108.5.36:0 - "POST /telegram/webhook?secret=change_me HTTP/1.1" 200
2025-09-26 11:12:29,420 | INFO | code-magnetism | Incoming update 822055745
2025-09-26 11:12:29,421 | INFO | code-magnetism | Message from 1648917869 (@Tokyo_tokyo): Шаг 5. Поддержка 💌
Если что-то непонятно, появляется вопрос или нужна опора — просто напиши в поддер
2025-09-26 11:12:29,463 | INFO | handlers | content: set key=onboarding.0 len=241
2025-09-26 11:12:29,469 | INFO | handlers | content: set key=onboarding.1 len=216
2025-09-26 11:12:29,475 | INFO | handlers | content: set key=onboarding.2 len=210
2025-09-26 11:12:29,480 | INFO | handlers | content: set key=onboarding.3 len=178
2025-09-26 11:12:29,486 | INFO | handlers | content: set key=onboarding.4 len=134
2025-09-26 11:12:29,488 | ERROR | handlers | Failed to log admin action: invalid input for query argument $3: {'mode': 'add', 'index': 4, 'count': 5} (expected str, got dict)
2025-09-26 11:12:30,504 | INFO | aiogram.event | Update id=822055745 is handled. Duration 1078 ms by bot id=8485537220
2025-09-26 11:12:30,505 | INFO | code-magnetism | Update 822055745 processed successfully
2025-09-26 11:12:30,507 | INFO | uvicorn.access | 91.108.5.36:0 - "POST /telegram/webhook?secret=change_me HTTP/1.1" 200
2025-09-26 11:12:42,408 | INFO | code-magnetism | Incoming update 822055746
2025-09-26 11:12:42,410 | INFO | code-magnetism | Message from 1648917869 (@Tokyo_tokyo): ⬅️ К логике бота
2025-09-26 11:12:42,762 | INFO | aiogram.event | Update id=822055746 is handled. Duration 349 ms by bot id=8485537220
2025-09-26 11:12:42,763 | INFO | code-magnetism | Update 822055746 processed successfully
2025-09-26 11:12:42,765 | INFO | uvicorn.access | 91.108.5.36:0 - "POST /telegram/webhook?secret=change_me HTTP/1.1" 200
2025-09-26 11:12:44,894 | INFO | code-magnetism | Incoming update 822055747
2025-09-26 11:12:44,896 | INFO | code-magnetism | Message from 1648917869 (@Tokyo_tokyo): ✉️ Приветствие /start
2025-09-26 11:12:45,202 | INFO | aiogram.event | Update id=822055747 is handled. Duration 304 ms by bot id=8485537220
2025-09-26 11:12:45,204 | INFO | code-magnetism | Update 822055747 processed successfully
2025-09-26 11:12:45,205 | INFO | uvicorn.access | 91.108.5.36:0 - "POST /telegram/webhook?secret=change_me HTTP/1.1" 200
2025-09-26 11:12:56,284 | INFO | code-magnetism | Incoming update 822055748
2025-09-26 11:12:56,285 | INFO | code-magnetism | Message from 1648917869 (@Tokyo_tokyo): Отмена
2025-09-26 11:12:56,542 | INFO | aiogram.event | Update id=822055748 is handled. Duration 254 ms by bot id=8485537220
2025-09-26 11:12:56,543 | INFO | code-magnetism | Update 822055748 processed successfully
2025-09-26 11:12:56,545 | INFO | uvicorn.access | 91.108.5.36:0 - "POST /telegram/webhook?secret=change_me HTTP/1.1" 200
2025-09-26 11:12:58,677 | INFO | code-magnetism | Incoming update 822055749
2025-09-26 11:12:58,680 | INFO | code-magnetism | Message from 1648917869 (@Tokyo_tokyo): ✅ Сообщение после регистрации
2025-09-26 11:12:59,056 | INFO | aiogram.event | Update id=822055749 is handled. Duration 373 ms by bot id=8485537220
2025-09-26 11:12:59,057 | INFO | code-magnetism | Update 822055749 processed successfully
2025-09-26 11:12:59,059 | INFO | uvicorn.access | 91.108.5.36:0 - "POST /telegram/webhook?secret=change_me HTTP/1.1" 200
2025-09-26 11:13:16,877 | INFO | code-magnetism | Incoming update 822055750
2025-09-26 11:13:16,879 | INFO | code-magnetism | Message from 1648917869 (@Tokyo_tokyo): Отмена
2025-09-26 11:13:17,727 | INFO | aiogram.event | Update id=822055750 is handled. Duration 845 ms by bot id=8485537220
2025-09-26 11:13:17,728 | INFO | code-magnetism | Update 822055750 processed successfully
2025-09-26 11:13:17,730 | INFO | uvicorn.access | 91.108.5.36:0 - "POST /telegram/webhook?secret=change_me HTTP/1.1" 200
2025-09-26 11:13:22,278 | INFO | code-magnetism | Incoming update 822055751
2025-09-26 11:13:22,279 | INFO | code-magnetism | Message from 1648917869 (@Tokyo_tokyo): ⬅️ В админку
2025-09-26 11:13:22,630 | INFO | aiogram.event | Update id=822055751 is handled. Duration 347 ms by bot id=8485537220
2025-09-26 11:13:22,631 | INFO | code-magnetism | Update 822055751 processed successfully
2025-09-26 11:13:22,633 | INFO | uvicorn.access | 91.108.5.36:0 - "POST /telegram/webhook?secret=change_me HTTP/1.1" 200
2025-09-26 11:13:25,788 | INFO | code-magnetism | Incoming update 822055752
2025-09-26 11:13:25,789 | INFO | code-magnetism | Message from 1648917869 (@Tokyo_tokyo): 👥 Пользователи
2025-09-26 11:13:26,119 | INFO | aiogram.event | Update id=822055752 is handled. Duration 327 ms by bot id=8485537220
2025-09-26 11:13:26,120 | INFO | code-magnetism | Update 822055752 processed successfully
2025-09-26 11:13:26,122 | INFO | uvicorn.access | 91.108.5.36:0 - "POST /telegram/webhook?secret=change_me HTTP/1.1" 200
2025-09-26 11:13:34,270 | INFO | code-magnetism | Incoming update 822055753
2025-09-26 11:13:34,272 | INFO | code-magnetism | Message from 1648917869 (@Tokyo_tokyo): 🧾 Контент и тексты
2025-09-26 11:13:34,602 | INFO | aiogram.event | Update id=822055753 is handled. Duration 327 ms by bot id=8485537220
2025-09-26 11:13:34,604 | INFO | code-magnetism | Update 822055753 processed successfully
2025-09-26 11:13:34,605 | INFO | uvicorn.access | 91.108.5.36:0 - "POST /telegram/webhook?secret=change_me HTTP/1.1" 200
2025-09-26 11:13:37,437 | INFO | code-magnetism | Incoming update 822055754
2025-09-26 11:13:37,439 | INFO | code-magnetism | Message from 1648917869 (@Tokyo_tokyo): 🔍 Посмотреть текст
2025-09-26 11:13:37,803 | INFO | aiogram.event | Update id=822055754 is handled. Duration 360 ms by bot id=8485537220
2025-09-26 11:13:37,805 | INFO | code-magnetism | Update 822055754 processed successfully
2025-09-26 11:13:37,806 | INFO | uvicorn.access | 91.108.5.36:0 - "POST /telegram/webhook?secret=change_me HTTP/1.1" 200
2025-09-26 11:14:00,417 | INFO | code-magnetism | Incoming update 822055755
2025-09-26 11:14:00,418 | INFO | code-magnetism | Message from 1648917869 (@Tokyo_tokyo): 🔁 Ещё варианты
2025-09-26 11:14:01,288 | INFO | aiogram.event | Update id=822055755 is handled. Duration 867 ms by bot id=8485537220
2025-09-26 11:14:01,290 | INFO | code-magnetism | Update 822055755 processed successfully
2025-09-26 11:14:01,292 | INFO | uvicorn.access | 91.108.5.36:0 - "POST /telegram/webhook?secret=change_me HTTP/1.1" 200
2025-09-26 11:14:09,736 | INFO | code-magnetism | Incoming update 822055756
2025-09-26 11:14:09,738 | INFO | code-magnetism | Message from 1648917869 (@Tokyo_tokyo): settings.payments_open
2025-09-26 11:14:09,781 | ERROR | handlers | Failed to log admin action: invalid input for query argument $3: {'key': 'settings.payments_open', 'has_v... (expected str, got dict)
2025-09-26 11:14:10,030 | INFO | aiogram.event | Update id=822055756 is handled. Duration 290 ms by bot id=8485537220
2025-09-26 11:14:10,032 | INFO | code-magnetism | Update 822055756 processed successfully
2025-09-26 11:14:10,033 | INFO | uvicorn.access | 91.108.5.36:0 - "POST /telegram/webhook?secret=change_me HTTP/1.1" 200
2025-09-26 11:14:25,235 | INFO | code-magnetism | Incoming update 822055757
2025-09-26 11:14:25,238 | INFO | code-magnetism | Message from 1648917869 (@Tokyo_tokyo): ⬅️ В админку
2025-09-26 11:14:26,108 | INFO | aiogram.event | Update id=822055757 is handled. Duration 867 ms by bot id=8485537220
2025-09-26 11:14:26,109 | INFO | code-magnetism | Update 822055757 processed successfully
2025-09-26 11:14:26,111 | INFO | uvicorn.access | 91.108.5.36:0 - "POST /telegram/webhook?secret=change_me HTTP/1.1" 200
2025-09-26 11:14:30,780 | INFO | code-magnetism | Incoming update 822055758
2025-09-26 11:14:30,781 | INFO | code-magnetism | Message from 1648917869 (@Tokyo_tokyo): ⚙️ Настройки
2025-09-26 11:14:31,088 | INFO | aiogram.event | Update id=822055758 is handled. Duration 304 ms by bot id=8485537220
2025-09-26 11:14:31,090 | INFO | code-magnetism | Update 822055758 processed successfully
2025-09-26 11:14:31,091 | INFO | uvicorn.access | 91.108.5.36:0 - "POST /telegram/webhook?secret=change_me HTTP/1.1" 200
2025-09-26 11:14:37,047 | INFO | code-magnetism | Incoming update 822055759
2025-09-26 11:14:37,048 | INFO | code-magnetism | Message from 1648917869 (@Tokyo_tokyo): ✅ Окно оплаты
2025-09-26 11:14:37,136 | INFO | handlers | content: set key=settings.payments_open len=5
2025-09-26 11:14:37,139 | ERROR | handlers | Failed to log admin action: invalid input for query argument $3: {'key': 'payments_open', 'value': False} (expected str, got dict)
2025-09-26 11:14:37,417 | INFO | aiogram.event | Update id=822055759 is handled. Duration 365 ms by bot id=8485537220
2025-09-26 11:14:37,418 | INFO | code-magnetism | Update 822055759 processed successfully
2025-09-26 11:14:37,420 | INFO | uvicorn.access | 91.108.5.36:0 - "POST /telegram/webhook?secret=change_me HTTP/1.1" 200
2025-09-26 11:14:41,298 | INFO | code-magnetism | Incoming update 822055760
2025-09-26 11:14:41,300 | INFO | code-magnetism | Message from 1648917869 (@Tokyo_tokyo): ❌ Окно оплаты
2025-09-26 11:14:41,350 | INFO | handlers | content: set key=settings.payments_open len=4
2025-09-26 11:14:41,352 | ERROR | handlers | Failed to log admin action: invalid input for query argument $3: {'key': 'payments_open', 'value': True} (expected str, got dict)
2025-09-26 11:14:41,684 | INFO | aiogram.event | Update id=822055760 is handled. Duration 381 ms by bot id=8485537220
2025-09-26 11:14:41,686 | INFO | code-magnetism | Update 822055760 processed successfully
2025-09-26 11:14:41,687 | INFO | uvicorn.access | 91.108.5.36:0 - "POST /telegram/webhook?secret=change_me HTTP/1.1" 200
2025-09-26 11:14:45,437 | INFO | code-magnetism | Incoming update 822055761
2025-09-26 11:14:45,440 | INFO | code-magnetism | Message from 1648917869 (@Tokyo_tokyo): 📄 Тексты экранов
2025-09-26 11:14:45,773 | INFO | aiogram.event | Update id=822055761 is handled. Duration 331 ms by bot id=8485537220
2025-09-26 11:14:45,775 | INFO | code-magnetism | Update 822055761 processed successfully
2025-09-26 11:14:45,776 | INFO | uvicorn.access | 91.108.5.36:0 - "POST /telegram/webhook?secret=change_me HTTP/1.1" 200
2025-09-26 11:14:55,068 | INFO | code-magnetism | Incoming update 822055762
2025-09-26 11:14:55,070 | INFO | code-magnetism | Message from 1648917869 (@Tokyo_tokyo): 💳 Оплата и поддержка
2025-09-26 11:14:55,473 | INFO | aiogram.event | Update id=822055762 is handled. Duration 400 ms by bot id=8485537220
2025-09-26 11:14:55,474 | INFO | code-magnetism | Update 822055762 processed successfully
2025-09-26 11:14:55,476 | INFO | uvicorn.access | 91.108.5.36:0 - "POST /telegram/webhook?secret=change_me HTTP/1.1" 200
2025-09-26 11:14:58,870 | INFO | code-magnetism | Incoming update 822055763
2025-09-26 11:14:58,871 | INFO | code-magnetism | Message from 1648917869 (@Tokyo_tokyo): Окно «Оплата»
2025-09-26 11:14:59,221 | INFO | aiogram.event | Update id=822055763 is handled. Duration 348 ms by bot id=8485537220
2025-09-26 11:14:59,223 | INFO | code-magnetism | Update 822055763 processed successfully
2025-09-26 11:14:59,225 | INFO | uvicorn.access | 91.108.5.36:0 - "POST /telegram/webhook?secret=change_me HTTP/1.1" 200
2025-09-26 11:19:50,655 | INFO | code-magnetism | Incoming update 822055764
2025-09-26 11:19:50,657 | INFO | code-magnetism | Message from 1648917869 (@Tokyo_tokyo): Отмена
2025-09-26 11:19:51,352 | INFO | aiogram.event | Update id=822055764 is handled. Duration 693 ms by bot id=8485537220
2025-09-26 11:19:51,353 | INFO | code-magnetism | Update 822055764 processed successfully
2025-09-26 11:19:51,355 | INFO | uvicorn.access | 91.108.5.36:0 - "POST /telegram/webhook?secret=change_me HTTP/1.1" 200
2025-09-26 11:19:54,785 | INFO | code-magnetism | Incoming update 822055765
2025-09-26 11:19:54,788 | INFO | code-magnetism | Message from 1648917869 (@Tokyo_tokyo): ⬅️ К списку текстов
2025-09-26 11:19:55,097 | INFO | aiogram.event | Update id=822055765 is handled. Duration 307 ms by bot id=8485537220
2025-09-26 11:19:55,098 | INFO | code-magnetism | Update 822055765 processed successfully
2025-09-26 11:19:55,100 | INFO | uvicorn.access | 91.108.5.36:0 - "POST /telegram/webhook?secret=change_me HTTP/1.1" 200
2025-09-26 11:19:57,732 | INFO | code-magnetism | Incoming update 822055766
2025-09-26 11:19:57,733 | INFO | code-magnetism | Message from 1648917869 (@Tokyo_tokyo): ℹ️ Раздел «О клубе»
2025-09-26 11:19:58,043 | INFO | aiogram.event | Update id=822055766 is handled. Duration 307 ms by bot id=8485537220
2025-09-26 11:19:58,044 | INFO | code-magnetism | Update 822055766 processed successfully
2025-09-26 11:19:58,046 | INFO | uvicorn.access | 91.108.5.36:0 - "POST /telegram/webhook?secret=change_me HTTP/1.1" 200
2025-09-26 11:20:01,487 | INFO | code-magnetism | Incoming update 822055767
2025-09-26 11:20:01,488 | INFO | code-magnetism | Message from 1648917869 (@Tokyo_tokyo): Подсказка «О клубе»
2025-09-26 11:20:01,773 | INFO | aiogram.event | Update id=822055767 is handled. Duration 282 ms by bot id=8485537220
2025-09-26 11:20:01,774 | INFO | code-magnetism | Update 822055767 processed successfully
2025-09-26 11:20:01,776 | INFO | uvicorn.access | 91.108.5.36:0 - "POST /telegram/webhook?secret=change_me HTTP/1.1" 200
2025-09-26 11:22:10,695 | INFO | code-magnetism | Incoming update 822055768
2025-09-26 11:22:10,698 | INFO | code-magnetism | Message from 1648917869 (@Tokyo_tokyo): О клубе CODE:Магнетизм 💎

Ты в пространстве, где женская сила не притворяется, а включается. Здесь м
2025-09-26 11:22:10,798 | INFO | handlers | content: set key=menu.prompts.info len=566
2025-09-26 11:22:10,801 | ERROR | handlers | Failed to log admin action: invalid input for query argument $3: {'key': 'menu.prompts.info', 'length': 5... (expected str, got dict)
2025-09-26 11:22:11,871 | INFO | aiogram.event | Update id=822055768 is handled. Duration 1169 ms by bot id=8485537220
2025-09-26 11:22:11,872 | INFO | code-magnetism | Update 822055768 processed successfully
2025-09-26 11:22:11,874 | INFO | uvicorn.access | 91.108.5.36:0 - "POST /telegram/webhook?secret=change_me HTTP/1.1" 200
2025-09-26 11:22:17,893 | INFO | code-magnetism | Incoming update 822055769
2025-09-26 11:22:17,894 | INFO | code-magnetism | Message from 1648917869 (@Tokyo_tokyo): Окно «О клубе»
2025-09-26 11:22:18,286 | INFO | aiogram.event | Update id=822055769 is handled. Duration 390 ms by bot id=8485537220
2025-09-26 11:22:18,288 | INFO | code-magnetism | Update 822055769 processed successfully
2025-09-26 11:22:18,290 | INFO | uvicorn.access | 91.108.5.36:0 - "POST /telegram/webhook?secret=change_me HTTP/1.1" 200
2025-09-26 11:22:35,445 | INFO | code-magnetism | Incoming update 822055770
2025-09-26 11:22:35,447 | INFO | code-magnetism | Message from 1648917869 (@Tokyo_tokyo): О клубе CODE:Магнетизм 💎

Ты в пространстве, где женская сила не притворяется, а включается. Здесь м
2025-09-26 11:22:35,499 | INFO | handlers | content: set key=menu.about len=566
2025-09-26 11:22:35,502 | ERROR | handlers | Failed to log admin action: invalid input for query argument $3: {'key': 'menu.about', 'length': 566} (expected str, got dict)
2025-09-26 11:22:36,467 | INFO | aiogram.event | Update id=822055770 is handled. Duration 1017 ms by bot id=8485537220
2025-09-26 11:22:36,468 | INFO | code-magnetism | Update 822055770 processed successfully
2025-09-26 11:22:36,470 | INFO | uvicorn.access | 91.108.5.36:0 - "POST /telegram/webhook?secret=change_me HTTP/1.1" 200
2025-09-26 11:22:44,662 | INFO | code-magnetism | Incoming update 822055771
2025-09-26 11:22:44,664 | INFO | code-magnetism | Message from 8103345706 (@MagneticCod_admin): О клубе
2025-09-26 11:22:44,973 | INFO | aiogram.event | Update id=822055771 is handled. Duration 306 ms by bot id=8485537220
2025-09-26 11:22:44,974 | INFO | code-magnetism | Update 822055771 processed successfully
2025-09-26 11:22:44,976 | INFO | uvicorn.access | 91.108.5.36:0 - "POST /telegram/webhook?secret=change_me HTTP/1.1" 200
2025-09-26 11:23:00,656 | INFO | code-magnetism | Incoming update 822055772
2025-09-26 11:23:00,658 | INFO | code-magnetism | Message from 1648917869 (@Tokyo_tokyo): Подсказка «О клубе»
2025-09-26 11:23:01,522 | INFO | aiogram.event | Update id=822055772 is handled. Duration 862 ms by bot id=8485537220
2025-09-26 11:23:01,526 | INFO | code-magnetism | Update 822055772 processed successfully
2025-09-26 11:23:01,527 | INFO | uvicorn.access | 91.108.5.36:0 - "POST /telegram/webhook?secret=change_me HTTP/1.1" 200
2025-09-26 11:23:33,498 | INFO | code-magnetism | Incoming update 822055773
2025-09-26 11:23:33,499 | INFO | code-magnetism | Message from 1648917869 (@Tokyo_tokyo): О клубе CODE:Магнетизм 🌺

Ты в пространстве, где женская сила не притворяется, а включается. Здесь м
2025-09-26 11:23:33,582 | INFO | handlers | content: set key=menu.prompts.info len=566
2025-09-26 11:23:33,584 | ERROR | handlers | Failed to log admin action: invalid input for query argument $3: {'key': 'menu.prompts.info', 'length': 5... (expected str, got dict)
2025-09-26 11:23:34,515 | INFO | aiogram.event | Update id=822055773 is handled. Duration 1012 ms by bot id=8485537220
2025-09-26 11:23:34,516 | INFO | code-magnetism | Update 822055773 processed successfully
2025-09-26 11:23:34,518 | INFO | uvicorn.access | 91.108.5.36:0 - "POST /telegram/webhook?secret=change_me HTTP/1.1" 200
2025-09-26 11:23:37,902 | INFO | code-magnetism | Incoming update 822055774
2025-09-26 11:23:37,904 | INFO | code-magnetism | Message from 1648917869 (@Tokyo_tokyo): Окно «О клубе»
2025-09-26 11:23:38,188 | INFO | aiogram.event | Update id=822055774 is handled. Duration 280 ms by bot id=8485537220
2025-09-26 11:23:38,189 | INFO | code-magnetism | Update 822055774 processed successfully
2025-09-26 11:23:38,191 | INFO | uvicorn.access | 91.108.5.36:0 - "POST /telegram/webhook?secret=change_me HTTP/1.1" 200
2025-09-26 11:23:42,482 | INFO | code-magnetism | Incoming update 822055775
2025-09-26 11:23:42,496 | INFO | code-magnetism | Message from 1648917869 (@Tokyo_tokyo): О клубе CODE:Магнетизм 🌺

Ты в пространстве, где женская сила не притворяется, а включается. Здесь м
2025-09-26 11:23:42,547 | INFO | handlers | content: set key=menu.about len=566
2025-09-26 11:23:42,550 | ERROR | handlers | Failed to log admin action: invalid input for query argument $3: {'key': 'menu.about', 'length': 566} (expected str, got dict)
2025-09-26 11:23:43,161 | INFO | aiogram.event | Update id=822055775 is handled. Duration 662 ms by bot id=8485537220
2025-09-26 11:23:43,162 | INFO | code-magnetism | Update 822055775 processed successfully
2025-09-26 11:23:43,164 | INFO | uvicorn.access | 91.108.5.36:0 - "POST /telegram/webhook?secret=change_me HTTP/1.1" 200
2025-09-26 11:23:49,217 | INFO | code-magnetism | Incoming update 822055776
2025-09-26 11:23:49,218 | INFO | code-magnetism | Message from 8103345706 (@MagneticCod_admin): О клубе
2025-09-26 11:23:49,477 | INFO | aiogram.event | Update id=822055776 is handled. Duration 256 ms by bot id=8485537220
2025-09-26 11:23:49,478 | INFO | code-magnetism | Update 822055776 processed successfully
2025-09-26 11:23:49,480 | INFO | uvicorn.access | 91.108.5.36:0 - "POST /telegram/webhook?secret=change_me HTTP/1.1" 200
2025-09-26 11:23:53,710 | INFO | code-magnetism | Incoming update 822055777
2025-09-26 11:23:53,711 | INFO | code-magnetism | Message from 8103345706 (@MagneticCod_admin): FAQ
2025-09-26 11:23:53,973 | INFO | aiogram.event | Update id=822055777 is handled. Duration 259 ms by bot id=8485537220
2025-09-26 11:23:53,975 | INFO | code-magnetism | Update 822055777 processed successfully
2025-09-26 11:23:53,976 | INFO | uvicorn.access | 91.108.5.36:0 - "POST /telegram/webhook?secret=change_me HTTP/1.1" 200
2025-09-26 11:24:02,989 | INFO | code-magnetism | Incoming update 822055778
2025-09-26 11:24:02,990 | INFO | code-magnetism | Message from 1648917869 (@Tokyo_tokyo): Окно FAQ
2025-09-26 11:24:03,322 | INFO | aiogram.event | Update id=822055778 is handled. Duration 330 ms by bot id=8485537220
2025-09-26 11:24:03,324 | INFO | code-magnetism | Update 822055778 processed successfully
2025-09-26 11:24:03,325 | INFO | uvicorn.access | 91.108.5.36:0 - "POST /telegram/webhook?secret=change_me HTTP/1.1" 200
2025-09-26 11:24:53,967 | INFO | code-magnetism | Incoming update 822055779
2025-09-26 11:24:53,969 | INFO | code-magnetism | Message from 1648917869 (@Tokyo_tokyo): FAQ — Частые вопросы 💥

1. Как устроен клуб?
Каждую неделю ты получаешь 3 материала:
— Подкаст или а
2025-09-26 11:24:54,052 | INFO | handlers | content: set key=menu.faq len=657
2025-09-26 11:24:54,055 | ERROR | handlers | Failed to log admin action: invalid input for query argument $3: {'key': 'menu.faq', 'length': 657} (expected str, got dict)
2025-09-26 11:24:55,209 | INFO | aiogram.event | Update id=822055779 is handled. Duration 1236 ms by bot id=8485537220
2025-09-26 11:24:55,210 | INFO | code-magnetism | Update 822055779 processed successfully
2025-09-26 11:24:55,212 | INFO | uvicorn.access | 91.108.5.36:0 - "POST /telegram/webhook?secret=change_me HTTP/1.1" 200
2025-09-26 11:24:59,268 | INFO | code-magnetism | Incoming update 822055780
2025-09-26 11:24:59,269 | INFO | code-magnetism | Message from 1648917869 (@Tokyo_tokyo): Окно «Правила»
2025-09-26 11:24:59,591 | INFO | aiogram.event | Update id=822055780 is handled. Duration 319 ms by bot id=8485537220
2025-09-26 11:24:59,592 | INFO | code-magnetism | Update 822055780 processed successfully
2025-09-26 11:24:59,594 | INFO | uvicorn.access | 91.108.5.36:0 - "POST /telegram/webhook?secret=change_me HTTP/1.1" 200
2025-09-26 11:26:11,453 | INFO | code-magnetism | Incoming update 822055781
2025-09-26 11:26:11,454 | INFO | code-magnetism | Message from 1648917869 (@Tokyo_tokyo): 📜 Правила клуба

Чтобы наш клуб оставался тёплым, глубоким и безопасным пространством:

1. Уважай гр
2025-09-26 11:26:11,506 | INFO | handlers | content: set key=menu.rules len=597
2025-09-26 11:26:11,508 | ERROR | handlers | Failed to log admin action: invalid input for query argument $3: {'key': 'menu.rules', 'length': 597} (expected str, got dict)
2025-09-26 11:26:12,433 | INFO | aiogram.event | Update id=822055781 is handled. Duration 974 ms by bot id=8485537220
2025-09-26 11:26:12,434 | INFO | code-magnetism | Update 822055781 processed successfully
2025-09-26 11:26:12,436 | INFO | uvicorn.access | 91.108.5.36:0 - "POST /telegram/webhook?secret=change_me HTTP/1.1" 200
2025-09-26 11:26:27,742 | INFO | code-magnetism | Incoming update 822055782
2025-09-26 11:26:27,744 | INFO | code-magnetism | Message from 8103345706 (@MagneticCod_admin): Правила
2025-09-26 11:26:28,610 | INFO | aiogram.event | Update id=822055782 is handled. Duration 863 ms by bot id=8485537220
2025-09-26 11:26:28,611 | INFO | code-magnetism | Update 822055782 processed successfully
2025-09-26 11:26:28,613 | INFO | uvicorn.access | 91.108.5.36:0 - "POST /telegram/webhook?secret=change_me HTTP/1.1" 200
2025-09-26 11:26:31,576 | INFO | code-magnetism | Incoming update 822055783
2025-09-26 11:26:31,579 | INFO | code-magnetism | Message from 8103345706 (@MagneticCod_admin): FAQ
2025-09-26 11:26:31,866 | INFO | aiogram.event | Update id=822055783 is handled. Duration 285 ms by bot id=8485537220
2025-09-26 11:26:31,868 | INFO | code-magnetism | Update 822055783 processed successfully
2025-09-26 11:26:31,869 | INFO | uvicorn.access | 91.108.5.36:0 - "POST /telegram/webhook?secret=change_me HTTP/1.1" 200
2025-09-26 11:26:40,588 | INFO | code-magnetism | Incoming update 822055784
2025-09-26 11:26:40,589 | INFO | code-magnetism | Message from 8103345706 (@MagneticCod_admin): ⬅️ В главное меню
2025-09-26 11:26:40,880 | INFO | aiogram.event | Update id=822055784 is handled. Duration 288 ms by bot id=8485537220
2025-09-26 11:26:40,881 | INFO | code-magnetism | Update 822055784 processed successfully
2025-09-26 11:26:40,883 | INFO | uvicorn.access | 91.108.5.36:0 - "POST /telegram/webhook?secret=change_me HTTP/1.1" 200
2025-09-26 11:26:43,087 | INFO | code-magnetism | Incoming update 822055785
2025-09-26 11:26:43,088 | INFO | code-magnetism | Message from 8103345706 (@MagneticCod_admin): 📦 Материалы
2025-09-26 11:26:43,384 | INFO | aiogram.event | Update id=822055785 is handled. Duration 293 ms by bot id=8485537220
2025-09-26 11:26:43,386 | INFO | code-magnetism | Update 822055785 processed successfully
2025-09-26 11:26:43,387 | INFO | uvicorn.access | 91.108.5.36:0 - "POST /telegram/webhook?secret=change_me HTTP/1.1" 200
2025-09-26 11:26:49,857 | INFO | code-magnetism | Incoming update 822055786
2025-09-26 11:26:49,858 | INFO | code-magnetism | Message from 8103345706 (@MagneticCod_admin): Материалы недели 🔒
2025-09-26 11:26:50,258 | INFO | aiogram.event | Update id=822055786 is handled. Duration 348 ms by bot id=8485537220
2025-09-26 11:26:50,260 | INFO | code-magnetism | Update 822055786 processed successfully
2025-09-26 11:26:50,261 | INFO | uvicorn.access | 91.108.5.36:0 - "POST /telegram/webhook?secret=change_me HTTP/1.1" 200
2025-09-26 11:26:56,407 | INFO | code-magnetism | Incoming update 822055787
2025-09-26 11:26:56,408 | INFO | code-magnetism | Message from 8103345706 (@MagneticCod_admin): Расписание
2025-09-26 11:26:56,709 | INFO | aiogram.event | Update id=822055787 is handled. Duration 298 ms by bot id=8485537220
2025-09-26 11:26:56,710 | INFO | code-magnetism | Update 822055787 processed successfully
2025-09-26 11:26:56,712 | INFO | uvicorn.access | 91.108.5.36:0 - "POST /telegram/webhook?secret=change_me HTTP/1.1" 200
2025-09-26 11:27:32,127 | INFO | code-magnetism | Incoming update 822055788
2025-09-26 11:27:32,128 | INFO | code-magnetism | Message from 1648917869 (@Tokyo_tokyo): ⬅️ К списку текстов
2025-09-26 11:27:32,885 | INFO | aiogram.event | Update id=822055788 is handled. Duration 755 ms by bot id=8485537220
2025-09-26 11:27:32,887 | INFO | code-magnetism | Update 822055788 processed successfully
2025-09-26 11:27:32,888 | INFO | uvicorn.access | 91.108.5.36:0 - "POST /telegram/webhook?secret=change_me HTTP/1.1" 200
2025-09-26 11:27:38,429 | INFO | code-magnetism | Incoming update 822055789
2025-09-26 11:27:38,430 | INFO | code-magnetism | Message from 1648917869 (@Tokyo_tokyo): 📦 Раздел «Материалы»
2025-09-26 11:27:38,797 | INFO | aiogram.event | Update id=822055789 is handled. Duration 365 ms by bot id=8485537220
2025-09-26 11:27:38,798 | INFO | code-magnetism | Update 822055789 processed successfully
2025-09-26 11:27:38,800 | INFO | uvicorn.access | 91.108.5.36:0 - "POST /telegram/webhook?secret=change_me HTTP/1.1" 200
2025-09-26 11:27:56,081 | INFO | code-magnetism | Incoming update 822055790
2025-09-26 11:27:56,082 | INFO | code-magnetism | Message from 1648917869 (@Tokyo_tokyo): Подсказка «Материалы»
2025-09-26 11:27:56,934 | INFO | aiogram.event | Update id=822055790 is handled. Duration 849 ms by bot id=8485537220
2025-09-26 11:27:56,936 | INFO | code-magnetism | Update 822055790 processed successfully
2025-09-26 11:27:56,937 | INFO | uvicorn.access | 91.108.5.36:0 - "POST /telegram/webhook?secret=change_me HTTP/1.1" 200
2025-09-26 11:28:03,939 | INFO | code-magnetism | Incoming update 822055791
2025-09-26 11:28:03,941 | INFO | code-magnetism | Message from 1648917869 (@Tokyo_tokyo): Отмена
2025-09-26 11:28:04,262 | INFO | aiogram.event | Update id=822055791 is handled. Duration 319 ms by bot id=8485537220
2025-09-26 11:28:04,264 | INFO | code-magnetism | Update 822055791 processed successfully
2025-09-26 11:28:04,265 | INFO | uvicorn.access | 91.108.5.36:0 - "POST /telegram/webhook?secret=change_me HTTP/1.1" 200
2025-09-26 11:28:06,636 | INFO | code-magnetism | Incoming update 822055792
2025-09-26 11:28:06,637 | INFO | code-magnetism | Message from 1648917869 (@Tokyo_tokyo): Материалы недели (контент)
2025-09-26 11:28:07,046 | INFO | aiogram.event | Update id=822055792 is handled. Duration 407 ms by bot id=8485537220
2025-09-26 11:28:07,048 | INFO | code-magnetism | Update 822055792 processed successfully
2025-09-26 11:28:07,049 | INFO | uvicorn.access | 91.108.5.36:0 - "POST /telegram/webhook?secret=change_me HTTP/1.1" 200
2025-09-26 11:28:31,352 | INFO | code-magnetism | Incoming update 822055793
2025-09-26 11:28:31,353 | INFO | code-magnetism | Message from 1648917869 (@Tokyo_tokyo): Отмена
2025-09-26 11:28:32,186 | INFO | aiogram.event | Update id=822055793 is handled. Duration 831 ms by bot id=8485537220
2025-09-26 11:28:32,187 | INFO | code-magnetism | Update 822055793 processed successfully
2025-09-26 11:28:32,189 | INFO | uvicorn.access | 91.108.5.36:0 - "POST /telegram/webhook?secret=change_me HTTP/1.1" 200
2025-09-26 11:28:34,746 | INFO | code-magnetism | Incoming update 822055794
2025-09-26 11:28:34,748 | INFO | code-magnetism | Message from 1648917869 (@Tokyo_tokyo): Материалы недели закрыты
2025-09-26 11:28:35,049 | INFO | aiogram.event | Update id=822055794 is handled. Duration 299 ms by bot id=8485537220
2025-09-26 11:28:35,050 | INFO | code-magnetism | Update 822055794 processed successfully
2025-09-26 11:28:35,052 | INFO | uvicorn.access | 91.108.5.36:0 - "POST /telegram/webhook?secret=change_me HTTP/1.1" 200
2025-09-26 11:28:41,877 | INFO | code-magnetism | Incoming update 822055795
2025-09-26 11:28:41,878 | INFO | code-magnetism | Message from 1648917869 (@Tokyo_tokyo): Отмена
2025-09-26 11:28:42,154 | INFO | aiogram.event | Update id=822055795 is handled. Duration 273 ms by bot id=8485537220
2025-09-26 11:28:42,155 | INFO | code-magnetism | Update 822055795 processed successfully
2025-09-26 11:28:42,157 | INFO | uvicorn.access | 91.108.5.36:0 - "POST /telegram/webhook?secret=change_me HTTP/1.1" 200
2025-09-26 11:28:46,076 | INFO | code-magnetism | Incoming update 822055796
2025-09-26 11:28:46,077 | INFO | code-magnetism | Message from 1648917869 (@Tokyo_tokyo): Материалы недели без доступа
2025-09-26 11:28:46,406 | INFO | aiogram.event | Update id=822055796 is handled. Duration 326 ms by bot id=8485537220
2025-09-26 11:28:46,407 | INFO | code-magnetism | Update 822055796 processed successfully
2025-09-26 11:28:46,409 | INFO | uvicorn.access | 91.108.5.36:0 - "POST /telegram/webhook?secret=change_me HTTP/1.1" 200
2025-09-26 11:29:21,878 | INFO | code-magnetism | Incoming update 822055797
2025-09-26 11:29:21,880 | INFO | code-magnetism | Message from 1648917869 (@Tokyo_tokyo): Отмена
2025-09-26 11:29:22,785 | INFO | aiogram.event | Update id=822055797 is handled. Duration 902 ms by bot id=8485537220
2025-09-26 11:29:22,786 | INFO | code-magnetism | Update 822055797 processed successfully
2025-09-26 11:29:22,789 | INFO | uvicorn.access | 91.108.5.36:0 - "POST /telegram/webhook?secret=change_me HTTP/1.1" 200
2025-09-26 11:29:29,229 | INFO | code-magnetism | Incoming update 822055798
2025-09-26 11:29:29,230 | INFO | code-magnetism | Message from 1648917869 (@Tokyo_tokyo): Расписание (контент)
2025-09-26 11:29:29,683 | INFO | aiogram.event | Update id=822055798 is handled. Duration 450 ms by bot id=8485537220
2025-09-26 11:29:29,684 | INFO | code-magnetism | Update 822055798 processed successfully
2025-09-26 11:29:29,686 | INFO | uvicorn.access | 91.108.5.36:0 - "POST /telegram/webhook?secret=change_me HTTP/1.1" 200
2025-09-26 11:29:37,503 | INFO | code-magnetism | Incoming update 822055799
2025-09-26 11:29:37,504 | INFO | code-magnetism | Message from 1648917869 (@Tokyo_tokyo): Отмена
2025-09-26 11:29:37,816 | INFO | aiogram.event | Update id=822055799 is handled. Duration 308 ms by bot id=8485537220
2025-09-26 11:29:37,817 | INFO | code-magnetism | Update 822055799 processed successfully
2025-09-26 11:29:37,819 | INFO | uvicorn.access | 91.108.5.36:0 - "POST /telegram/webhook?secret=change_me HTTP/1.1" 200
2025-09-26 11:29:44,155 | INFO | code-magnetism | Incoming update 822055800
2025-09-26 11:29:44,156 | INFO | code-magnetism | Message from 8103345706 (@MagneticCod_admin): Расписание
2025-09-26 11:29:44,449 | INFO | aiogram.event | Update id=822055800 is handled. Duration 290 ms by bot id=8485537220
2025-09-26 11:29:44,450 | INFO | code-magnetism | Update 822055800 processed successfully
2025-09-26 11:29:44,452 | INFO | uvicorn.access | 91.108.5.36:0 - "POST /telegram/webhook?secret=change_me HTTP/1.1" 200
2025-09-26 11:36:04,060 | INFO | code-magnetism | Incoming update 822055801
2025-09-26 11:36:04,062 | INFO | code-magnetism | Message from 8103345706 (@MagneticCod_admin): ⬅️ В главное меню
2025-09-26 11:36:05,238 | INFO | aiogram.event | Update id=822055801 is handled. Duration 1174 ms by bot id=8485537220
2025-09-26 11:36:05,239 | INFO | code-magnetism | Update 822055801 processed successfully
2025-09-26 11:36:05,241 | INFO | uvicorn.access | 91.108.5.36:0 - "POST /telegram/webhook?secret=change_me HTTP/1.1" 200
2025-09-26 11:36:09,391 | INFO | code-magnetism | Incoming update 822055802
2025-09-26 11:36:09,394 | INFO | code-magnetism | Message from 8103345706 (@MagneticCod_admin): 🎓 Обучение
2025-09-26 11:36:09,725 | INFO | aiogram.event | Update id=822055802 is handled. Duration 328 ms by bot id=8485537220
2025-09-26 11:36:09,726 | INFO | code-magnetism | Update 822055802 processed successfully
2025-09-26 11:36:09,728 | INFO | uvicorn.access | 91.108.5.36:0 - "POST /telegram/webhook?secret=change_me HTTP/1.1" 200
2025-09-26 11:36:13,796 | INFO | code-magnetism | Incoming update 822055803
2025-09-26 11:36:13,797 | INFO | code-magnetism | Message from 8103345706 (@MagneticCod_admin): Пройти тест
2025-09-26 11:36:14,106 | INFO | aiogram.event | Update id=822055803 is handled. Duration 306 ms by bot id=8485537220
2025-09-26 11:36:14,107 | INFO | code-magnetism | Update 822055803 processed successfully
2025-09-26 11:36:14,109 | INFO | uvicorn.access | 91.108.5.36:0 - "POST /telegram/webhook?secret=change_me HTTP/1.1" 200
2025-09-26 11:36:22,593 | INFO | code-magnetism | Incoming update 822055804
2025-09-26 11:36:22,594 | INFO | code-magnetism | Message from 8103345706 (@MagneticCod_admin): ⬅️ В главное меню
2025-09-26 11:36:22,850 | INFO | aiogram.event | Update id=822055804 is handled. Duration 253 ms by bot id=8485537220
2025-09-26 11:36:22,851 | INFO | code-magnetism | Update 822055804 processed successfully
2025-09-26 11:36:22,852 | INFO | uvicorn.access | 91.108.5.36:0 - "POST /telegram/webhook?secret=change_me HTTP/1.1" 200
2025-09-27 09:59:06,639 | INFO | code-magnetism | Routers attached: ['main-router']
2025-09-27 09:59:08,344 | INFO | uvicorn.error | Started server process [712]
2025-09-27 09:59:08,345 | INFO | uvicorn.error | Waiting for application startup.
2025-09-27 09:59:08,367 | INFO | code-magnetism | Startup: инициализация БД/планировщика/вебхука...
2025-09-27 09:59:08,369 | INFO | db | Connecting PostgreSQL: postgresql://magnet:***@localhost:5432/magnetism
2025-09-27 09:59:09,902 | INFO | db | PostgreSQL pool created
2025-09-27 09:59:09,904 | INFO | db | Applying schema from: C:\Users\Tim\source\repos\cambly-work\telegram-botCM\schema.sql
2025-09-27 09:59:11,809 | INFO | db | Schema applied successfully.
2025-09-27 09:59:11,810 | INFO | db | Schema applied from C:\Users\Tim\source\repos\cambly-work\telegram-botCM\schema.sql
2025-09-27 09:59:11,811 | INFO | code-magnetism | Database initialized successfully
2025-09-27 09:59:11,977 | INFO | apscheduler.scheduler | Adding job tentatively -- it will be properly scheduled when the scheduler starts
2025-09-27 09:59:11,981 | INFO | apscheduler.scheduler | Adding job tentatively -- it will be properly scheduled when the scheduler starts
2025-09-27 09:59:11,984 | INFO | apscheduler.scheduler | Adding job tentatively -- it will be properly scheduled when the scheduler starts
2025-09-27 09:59:12,000 | INFO | apscheduler.scheduler | Added job "job_daily_lessons" to job store "default"
2025-09-27 09:59:12,005 | INFO | apscheduler.scheduler | Added job "job_soft_reminders" to job store "default"
2025-09-27 09:59:12,007 | INFO | apscheduler.scheduler | Added job "job_access_expiry_reminders" to job store "default"
2025-09-27 09:59:12,009 | INFO | apscheduler.scheduler | Scheduler started
2025-09-27 09:59:12,015 | INFO | scheduler | APScheduler started with timezone=Europe/Moscow; lessons at 10:00
2025-09-27 09:59:12,016 | INFO | code-magnetism | Scheduler initialized successfully
2025-09-27 09:59:12,019 | INFO | code-magnetism | Setting Telegram webhook to: https://9769fe235b10.ngrok-free.app/telegram/webhook?secret=change_me
2025-09-27 09:59:13,080 | INFO | code-magnetism | Old webhook deleted
2025-09-27 09:59:13,321 | INFO | code-magnetism | Telegram webhook установлен: https://9769fe235b10.ngrok-free.app/telegram/webhook?secret=change_me
2025-09-27 09:59:13,331 | INFO | code-magnetism | Startup завершён.
2025-09-27 09:59:13,354 | INFO | uvicorn.error | Application startup complete.
2025-09-27 09:59:13,358 | INFO | uvicorn.error | Uvicorn running on http://0.0.0.0:8000 (Press CTRL+C to quit)
2025-09-27 09:59:30,548 | INFO | code-magnetism | Incoming update 822055806
2025-09-27 09:59:30,549 | INFO | code-magnetism | Message from 815370781 (@goldfinger_uk): ℹ️ О клубе
2025-09-27 09:59:31,885 | INFO | aiogram.event | Update id=822055806 is handled. Duration 1281 ms by bot id=8485537220
2025-09-27 09:59:31,886 | INFO | code-magnetism | Update 822055806 processed successfully
2025-09-27 09:59:31,894 | INFO | uvicorn.access | 91.108.5.36:0 - "POST /telegram/webhook?secret=change_me HTTP/1.1" 200
2025-09-27 10:00:00,004 | INFO | apscheduler.executors.default | Running job "job_daily_lessons (trigger: cron[hour='10', minute='0'], next run at: 2025-09-28 10:00:00 -03)" (scheduled at 2025-09-27 10:00:00-03:00)
2025-09-27 10:00:00,150 | INFO | scheduler | [job_daily_lessons] sent=0 skipped=4 errors=0
2025-09-27 10:00:00,152 | INFO | apscheduler.executors.default | Job "job_daily_lessons (trigger: cron[hour='10', minute='0'], next run at: 2025-09-28 10:00:00 -03)" executed successfully
2025-09-27 10:51:01,847 | INFO | code-magnetism | Incoming update 822055807
2025-09-27 10:51:01,849 | INFO | code-magnetism | Message from 1648917869 (@Tokyo_tokyo): /start
2025-09-27 10:51:03,352 | INFO | aiogram.event | Update id=822055807 is handled. Duration 1501 ms by bot id=8485537220
2025-09-27 10:51:03,353 | INFO | code-magnetism | Update 822055807 processed successfully
2025-09-27 10:51:03,354 | INFO | uvicorn.access | 91.108.5.36:0 - "POST /telegram/webhook?secret=change_me HTTP/1.1" 200
2025-09-27 10:51:51,444 | INFO | code-magnetism | Incoming update 822055808
2025-09-27 10:51:51,445 | INFO | code-magnetism | Message from 1648917869 (@Tokyo_tokyo): ⚙️ Админка
2025-09-27 10:51:52,106 | INFO | aiogram.event | Update id=822055808 is handled. Duration 658 ms by bot id=8485537220
2025-09-27 10:51:52,107 | INFO | code-magnetism | Update 822055808 processed successfully
2025-09-27 10:51:52,111 | INFO | uvicorn.access | 91.108.5.36:0 - "POST /telegram/webhook?secret=change_me HTTP/1.1" 200
2025-09-27 10:51:56,378 | INFO | code-magnetism | Incoming update 822055809
2025-09-27 10:51:56,380 | INFO | code-magnetism | Message from 1648917869 (@Tokyo_tokyo): ⬅️ В главное меню
2025-09-27 10:51:56,700 | INFO | aiogram.event | Update id=822055809 is handled. Duration 317 ms by bot id=8485537220
2025-09-27 10:51:56,704 | INFO | code-magnetism | Update 822055809 processed successfully
2025-09-27 10:51:56,707 | INFO | uvicorn.access | 91.108.5.36:0 - "POST /telegram/webhook?secret=change_me HTTP/1.1" 200
2025-09-27 10:52:00,267 | INFO | code-magnetism | Incoming update 822055810
2025-09-27 10:52:00,268 | INFO | code-magnetism | Message from 1648917869 (@Tokyo_tokyo): 🎓 Обучение
2025-09-27 10:52:00,569 | INFO | aiogram.event | Update id=822055810 is handled. Duration 297 ms by bot id=8485537220
2025-09-27 10:52:00,571 | INFO | code-magnetism | Update 822055810 processed successfully
2025-09-27 10:52:00,573 | INFO | uvicorn.access | 91.108.5.36:0 - "POST /telegram/webhook?secret=change_me HTTP/1.1" 200
2025-09-27 10:52:09,123 | INFO | code-magnetism | Incoming update 822055811
2025-09-27 10:52:09,124 | INFO | code-magnetism | Message from 1648917869 (@Tokyo_tokyo): ⬅️ В главное меню
2025-09-27 10:52:09,415 | INFO | aiogram.event | Update id=822055811 is handled. Duration 288 ms by bot id=8485537220
2025-09-27 10:52:09,416 | INFO | code-magnetism | Update 822055811 processed successfully
2025-09-27 10:52:09,419 | INFO | uvicorn.access | 91.108.5.36:0 - "POST /telegram/webhook?secret=change_me HTTP/1.1" 200
2025-09-27 10:52:13,134 | INFO | code-magnetism | Incoming update 822055812
2025-09-27 10:52:13,136 | INFO | code-magnetism | Message from 1648917869 (@Tokyo_tokyo): ⚙️ Админка
2025-09-27 10:52:13,566 | INFO | aiogram.event | Update id=822055812 is handled. Duration 427 ms by bot id=8485537220
2025-09-27 10:52:13,570 | INFO | code-magnetism | Update 822055812 processed successfully
2025-09-27 10:52:13,573 | INFO | uvicorn.access | 91.108.5.36:0 - "POST /telegram/webhook?secret=change_me HTTP/1.1" 200
2025-09-27 10:52:17,038 | INFO | code-magnetism | Incoming update 822055813
2025-09-27 10:52:17,039 | INFO | code-magnetism | Message from 1648917869 (@Tokyo_tokyo): 🧾 Контент и тексты
2025-09-27 10:52:17,403 | INFO | aiogram.event | Update id=822055813 is handled. Duration 359 ms by bot id=8485537220
2025-09-27 10:52:17,410 | INFO | code-magnetism | Update 822055813 processed successfully
2025-09-27 10:52:17,413 | INFO | uvicorn.access | 91.108.5.36:0 - "POST /telegram/webhook?secret=change_me HTTP/1.1" 200
2025-09-27 10:52:21,688 | INFO | code-magnetism | Incoming update 822055814
2025-09-27 10:52:21,694 | INFO | code-magnetism | Message from 1648917869 (@Tokyo_tokyo): 📄 Тексты экранов
2025-09-27 10:52:21,986 | INFO | aiogram.event | Update id=822055814 is handled. Duration 287 ms by bot id=8485537220
2025-09-27 10:52:21,987 | INFO | code-magnetism | Update 822055814 processed successfully
2025-09-27 10:52:21,989 | INFO | uvicorn.access | 91.108.5.36:0 - "POST /telegram/webhook?secret=change_me HTTP/1.1" 200
2025-09-27 10:52:24,405 | INFO | code-magnetism | Incoming update 822055815
2025-09-27 10:52:24,407 | INFO | code-magnetism | Message from 1648917869 (@Tokyo_tokyo): 🏠 Вход и меню
2025-09-27 10:52:24,723 | INFO | aiogram.event | Update id=822055815 is handled. Duration 313 ms by bot id=8485537220
2025-09-27 10:52:24,724 | INFO | code-magnetism | Update 822055815 processed successfully
2025-09-27 10:52:24,727 | INFO | uvicorn.access | 91.108.5.36:0 - "POST /telegram/webhook?secret=change_me HTTP/1.1" 200
2025-09-27 10:52:28,501 | INFO | code-magnetism | Incoming update 822055816
2025-09-27 10:52:28,508 | INFO | code-magnetism | Message from 1648917869 (@Tokyo_tokyo): Приветствие /start
2025-09-27 10:52:28,805 | INFO | aiogram.event | Update id=822055816 is handled. Duration 292 ms by bot id=8485537220
2025-09-27 10:52:28,806 | INFO | code-magnetism | Update 822055816 processed successfully
2025-09-27 10:52:28,809 | INFO | uvicorn.access | 91.108.5.36:0 - "POST /telegram/webhook?secret=change_me HTTP/1.1" 200
2025-09-27 10:55:02,423 | INFO | code-magnetism | Incoming update 822055817
2025-09-27 10:55:02,424 | INFO | code-magnetism | Message from 1648917869 (@Tokyo_tokyo): **Добро пожаловать в клуб «CODE: Магнетизм»!**🌺

Ты внутри.  
Это не просто канал или курс — это пол
2025-09-27 10:55:02,673 | INFO | handlers | content: set key=menu.start len=403
2025-09-27 10:55:02,693 | ERROR | handlers | Failed to log admin action: invalid input for query argument $3: {'key': 'menu.start', 'length': 403} (expected str, got dict)
2025-09-27 10:55:03,802 | INFO | aiogram.event | Update id=822055817 is handled. Duration 1375 ms by bot id=8485537220
2025-09-27 10:55:03,803 | INFO | code-magnetism | Update 822055817 processed successfully
2025-09-27 10:55:03,806 | INFO | uvicorn.access | 91.108.5.36:0 - "POST /telegram/webhook?secret=change_me HTTP/1.1" 200
2025-09-27 10:55:23,002 | INFO | code-magnetism | Incoming update 822055818
2025-09-27 10:55:23,003 | INFO | code-magnetism | Message from 8103345706 (@MagneticCod_admin): /start
2025-09-27 10:55:23,998 | INFO | aiogram.event | Update id=822055818 is handled. Duration 992 ms by bot id=8485537220
2025-09-27 10:55:24,001 | INFO | code-magnetism | Update 822055818 processed successfully
2025-09-27 10:55:24,003 | INFO | uvicorn.access | 91.108.5.36:0 - "POST /telegram/webhook?secret=change_me HTTP/1.1" 200
2025-09-27 10:55:28,237 | INFO | code-magnetism | Incoming update 822055819
2025-09-27 10:55:28,242 | INFO | code-magnetism | Message from 8103345706 (@MagneticCod_admin): 🎓 Обучение
2025-09-27 10:55:28,497 | INFO | aiogram.event | Update id=822055819 is handled. Duration 251 ms by bot id=8485537220
2025-09-27 10:55:28,498 | INFO | code-magnetism | Update 822055819 processed successfully
2025-09-27 10:55:28,500 | INFO | uvicorn.access | 91.108.5.36:0 - "POST /telegram/webhook?secret=change_me HTTP/1.1" 200
2025-09-27 10:55:47,521 | INFO | code-magnetism | Incoming update 822055820
2025-09-27 10:55:47,521 | INFO | code-magnetism | Message from 1648917869 (@Tokyo_tokyo): ⬅️ В админку
2025-09-27 10:55:48,278 | INFO | aiogram.event | Update id=822055820 is handled. Duration 754 ms by bot id=8485537220
2025-09-27 10:55:48,279 | INFO | code-magnetism | Update 822055820 processed successfully
2025-09-27 10:55:48,282 | INFO | uvicorn.access | 91.108.5.36:0 - "POST /telegram/webhook?secret=change_me HTTP/1.1" 200
2025-09-27 10:55:50,652 | INFO | code-magnetism | Incoming update 822055821
2025-09-27 10:55:50,654 | INFO | code-magnetism | Message from 1648917869 (@Tokyo_tokyo): 🎛 Логика бота
2025-09-27 10:55:50,916 | INFO | aiogram.event | Update id=822055821 is handled. Duration 260 ms by bot id=8485537220
2025-09-27 10:55:50,917 | INFO | code-magnetism | Update 822055821 processed successfully
2025-09-27 10:55:50,919 | INFO | uvicorn.access | 91.108.5.36:0 - "POST /telegram/webhook?secret=change_me HTTP/1.1" 200
2025-09-27 10:55:58,008 | INFO | code-magnetism | Incoming update 822055822
2025-09-27 10:55:58,009 | INFO | code-magnetism | Message from 1648917869 (@Tokyo_tokyo): 🚀 Шаги онбординга
2025-09-27 10:55:58,478 | INFO | aiogram.event | Update id=822055822 is handled. Duration 466 ms by bot id=8485537220
2025-09-27 10:55:58,479 | INFO | code-magnetism | Update 822055822 processed successfully
2025-09-27 10:55:58,481 | INFO | uvicorn.access | 91.108.5.36:0 - "POST /telegram/webhook?secret=change_me HTTP/1.1" 200
2025-09-27 10:56:04,913 | INFO | code-magnetism | Incoming update 822055823
2025-09-27 10:56:04,914 | INFO | code-magnetism | Message from 1648917869 (@Tokyo_tokyo): ⬅️ К логике бота
2025-09-27 10:56:05,182 | INFO | aiogram.event | Update id=822055823 is handled. Duration 266 ms by bot id=8485537220
2025-09-27 10:56:05,184 | INFO | code-magnetism | Update 822055823 processed successfully
2025-09-27 10:56:05,186 | INFO | uvicorn.access | 91.108.5.36:0 - "POST /telegram/webhook?secret=change_me HTTP/1.1" 200
2025-09-27 10:56:13,870 | INFO | code-magnetism | Incoming update 822055824
2025-09-27 10:56:13,870 | INFO | code-magnetism | Message from 1648917869 (@Tokyo_tokyo): ⬅️ В главное меню
2025-09-27 10:56:14,144 | INFO | aiogram.event | Update id=822055824 is handled. Duration 271 ms by bot id=8485537220
2025-09-27 10:56:14,145 | INFO | code-magnetism | Update 822055824 processed successfully
2025-09-27 10:56:14,146 | INFO | uvicorn.access | 91.108.5.36:0 - "POST /telegram/webhook?secret=change_me HTTP/1.1" 200
2025-09-27 10:56:17,975 | INFO | code-magnetism | Incoming update 822055825
2025-09-27 10:56:17,977 | INFO | code-magnetism | Message from 1648917869 (@Tokyo_tokyo): ⚙️ Админка
2025-09-27 10:56:18,337 | INFO | aiogram.event | Update id=822055825 is handled. Duration 357 ms by bot id=8485537220
2025-09-27 10:56:18,339 | INFO | code-magnetism | Update 822055825 processed successfully
2025-09-27 10:56:18,341 | INFO | uvicorn.access | 91.108.5.36:0 - "POST /telegram/webhook?secret=change_me HTTP/1.1" 200
2025-09-27 10:56:24,217 | INFO | code-magnetism | Incoming update 822055826
2025-09-27 10:56:24,218 | INFO | code-magnetism | Message from 1648917869 (@Tokyo_tokyo): 🛠️ Диагностика
2025-09-27 10:56:24,516 | INFO | aiogram.event | Update id=822055826 is handled. Duration 295 ms by bot id=8485537220
2025-09-27 10:56:24,517 | INFO | code-magnetism | Update 822055826 processed successfully
2025-09-27 10:56:24,520 | INFO | uvicorn.access | 91.108.5.36:0 - "POST /telegram/webhook?secret=change_me HTTP/1.1" 200
2025-09-27 10:56:27,406 | INFO | code-magnetism | Incoming update 822055827
2025-09-27 10:56:27,407 | INFO | code-magnetism | Message from 1648917869 (@Tokyo_tokyo): ⚙️ Настройки
2025-09-27 10:56:27,707 | INFO | aiogram.event | Update id=822055827 is handled. Duration 296 ms by bot id=8485537220
2025-09-27 10:56:27,709 | INFO | code-magnetism | Update 822055827 processed successfully
2025-09-27 10:56:27,711 | INFO | uvicorn.access | 91.108.5.36:0 - "POST /telegram/webhook?secret=change_me HTTP/1.1" 200
2025-09-27 11:00:00,007 | INFO | apscheduler.executors.default | Running job "job_access_expiry_reminders (trigger: cron[hour='11', minute='0'], next run at: 2025-09-28 11:00:00 -03)" (scheduled at 2025-09-27 11:00:00-03:00)
2025-09-27 11:00:00,015 | INFO | apscheduler.executors.default | Running job "job_soft_reminders (trigger: cron[hour='11', minute='0'], next run at: 2025-09-28 11:00:00 -03)" (scheduled at 2025-09-27 11:00:00-03:00)
2025-09-27 11:00:00,117 | INFO | scheduler | [job_access_expiry_reminders] D-7: none
2025-09-27 11:00:00,123 | INFO | scheduler | [job_access_expiry_reminders] D-3: none
2025-09-27 11:00:00,127 | INFO | scheduler | [job_access_expiry_reminders] D-0: none
2025-09-27 11:00:00,128 | INFO | apscheduler.executors.default | Job "job_access_expiry_reminders (trigger: cron[hour='11', minute='0'], next run at: 2025-09-28 11:00:00 -03)" executed successfully
2025-09-27 11:00:00,624 | INFO | scheduler | [job_soft_reminders] nothing to remind
2025-09-27 11:00:00,625 | INFO | apscheduler.executors.default | Job "job_soft_reminders (trigger: cron[hour='11', minute='0'], next run at: 2025-09-28 11:00:00 -03)" executed successfully
2025-09-27 11:01:22,207 | INFO | code-magnetism | Incoming update 822055828
2025-09-27 11:01:22,209 | INFO | code-magnetism | Message from 8103345706 (@MagneticCod_admin): Мой прогресс
2025-09-27 11:01:22,940 | INFO | aiogram.event | Update id=822055828 is handled. Duration 729 ms by bot id=8485537220
2025-09-27 11:01:22,942 | INFO | code-magnetism | Update 822055828 processed successfully
2025-09-27 11:01:22,945 | INFO | uvicorn.access | 91.108.5.36:0 - "POST /telegram/webhook?secret=change_me HTTP/1.1" 200
2025-09-27 11:01:31,566 | INFO | code-magnetism | Incoming update 822055829
2025-09-27 11:01:31,566 | INFO | code-magnetism | Message from 8103345706 (@MagneticCod_admin): Бесплатные уроки
2025-09-27 11:01:31,819 | INFO | aiogram.event | Update id=822055829 is handled. Duration 251 ms by bot id=8485537220
2025-09-27 11:01:31,821 | INFO | code-magnetism | Update 822055829 processed successfully
2025-09-27 11:01:31,823 | INFO | uvicorn.access | 91.108.5.36:0 - "POST /telegram/webhook?secret=change_me HTTP/1.1" 200
2025-09-27 11:01:38,694 | INFO | code-magnetism | Incoming update 822055830
2025-09-27 11:01:38,694 | INFO | code-magnetism | Message from 8103345706 (@MagneticCod_admin): ⬅️ К обучению
2025-09-27 11:01:38,958 | INFO | aiogram.event | Update id=822055830 is handled. Duration 261 ms by bot id=8485537220
2025-09-27 11:01:38,959 | INFO | code-magnetism | Update 822055830 processed successfully
2025-09-27 11:01:38,962 | INFO | uvicorn.access | 91.108.5.36:0 - "POST /telegram/webhook?secret=change_me HTTP/1.1" 200
2025-09-27 11:04:07,488 | INFO | code-magnetism | Incoming update 822055831
2025-09-27 11:04:07,490 | INFO | code-magnetism | Message from 8103345706 (@MagneticCod_admin): ⬅️ В главное меню
2025-09-27 11:04:08,307 | INFO | aiogram.event | Update id=822055831 is handled. Duration 814 ms by bot id=8485537220
2025-09-27 11:04:08,308 | INFO | code-magnetism | Update 822055831 processed successfully
2025-09-27 11:04:08,311 | INFO | uvicorn.access | 91.108.5.36:0 - "POST /telegram/webhook?secret=change_me HTTP/1.1" 200
2025-09-27 11:04:52,360 | INFO | code-magnetism | Incoming update 822055832
2025-09-27 11:04:52,361 | INFO | code-magnetism | Message from 8103345706 (@MagneticCod_admin): 💳 Оплата
2025-09-27 11:04:53,119 | INFO | aiogram.event | Update id=822055832 is handled. Duration 755 ms by bot id=8485537220
2025-09-27 11:04:53,120 | INFO | code-magnetism | Update 822055832 processed successfully
2025-09-27 11:04:53,123 | INFO | uvicorn.access | 91.108.5.36:0 - "POST /telegram/webhook?secret=change_me HTTP/1.1" 200
2025-09-27 11:04:59,839 | INFO | code-magnetism | Incoming update 822055833
2025-09-27 11:04:59,840 | INFO | code-magnetism | Message from 8103345706 (@MagneticCod_admin): 🆘 Поддержка
2025-09-27 11:05:00,098 | INFO | aiogram.event | Update id=822055833 is handled. Duration 253 ms by bot id=8485537220
2025-09-27 11:05:00,100 | INFO | code-magnetism | Update 822055833 processed successfully
2025-09-27 11:05:00,103 | INFO | uvicorn.access | 91.108.5.36:0 - "POST /telegram/webhook?secret=change_me HTTP/1.1" 200
2025-09-27 11:05:02,707 | INFO | code-magnetism | Incoming update 822055834
2025-09-27 11:05:02,713 | INFO | code-magnetism | Message from 8103345706 (@MagneticCod_admin): 👤 Профиль
2025-09-27 11:05:02,995 | INFO | aiogram.event | Update id=822055834 is handled. Duration 279 ms by bot id=8485537220
2025-09-27 11:05:02,996 | INFO | code-magnetism | Update 822055834 processed successfully
2025-09-27 11:05:02,999 | INFO | uvicorn.access | 91.108.5.36:0 - "POST /telegram/webhook?secret=change_me HTTP/1.1" 200
2025-09-27 11:05:10,045 | INFO | code-magnetism | Incoming update 822055835
2025-09-27 11:05:10,046 | INFO | code-magnetism | Message from 8103345706 (@MagneticCod_admin): Мой профиль
2025-09-27 11:05:10,306 | INFO | aiogram.event | Update id=822055835 is handled. Duration 258 ms by bot id=8485537220
2025-09-27 11:05:10,308 | INFO | code-magnetism | Update 822055835 processed successfully
2025-09-27 11:05:10,310 | INFO | uvicorn.access | 91.108.5.36:0 - "POST /telegram/webhook?secret=change_me HTTP/1.1" 200
2025-09-27 11:05:13,774 | INFO | code-magnetism | Incoming update 822055836
2025-09-27 11:05:13,779 | INFO | code-magnetism | Message from 8103345706 (@MagneticCod_admin): ⬅️ В главное меню
2025-09-27 11:05:14,054 | INFO | aiogram.event | Update id=822055836 is handled. Duration 271 ms by bot id=8485537220
2025-09-27 11:05:14,055 | INFO | code-magnetism | Update 822055836 processed successfully
2025-09-27 11:05:14,058 | INFO | uvicorn.access | 91.108.5.36:0 - "POST /telegram/webhook?secret=change_me HTTP/1.1" 200
2025-09-27 11:05:18,626 | INFO | code-magnetism | Incoming update 822055837
2025-09-27 11:05:18,627 | INFO | code-magnetism | Message from 8103345706 (@MagneticCod_admin): ℹ️ О клубе
2025-09-27 11:05:18,971 | INFO | aiogram.event | Update id=822055837 is handled. Duration 341 ms by bot id=8485537220
2025-09-27 11:05:18,973 | INFO | code-magnetism | Update 822055837 processed successfully
2025-09-27 11:05:18,975 | INFO | uvicorn.access | 91.108.5.36:0 - "POST /telegram/webhook?secret=change_me HTTP/1.1" 200
2025-09-27 11:05:28,824 | INFO | code-magnetism | Incoming update 822055838
2025-09-27 11:05:28,826 | INFO | code-magnetism | Message from 8103345706 (@MagneticCod_admin): FAQ
2025-09-27 11:05:29,122 | INFO | aiogram.event | Update id=822055838 is handled. Duration 294 ms by bot id=8485537220
2025-09-27 11:05:29,123 | INFO | code-magnetism | Update 822055838 processed successfully
2025-09-27 11:05:29,125 | INFO | uvicorn.access | 91.108.5.36:0 - "POST /telegram/webhook?secret=change_me HTTP/1.1" 200
2025-09-27 11:05:31,607 | INFO | code-magnetism | Incoming update 822055839
2025-09-27 11:05:31,609 | INFO | code-magnetism | Message from 8103345706 (@MagneticCod_admin): О клубе
2025-09-27 11:05:31,925 | INFO | aiogram.event | Update id=822055839 is handled. Duration 313 ms by bot id=8485537220
2025-09-27 11:05:31,929 | INFO | code-magnetism | Update 822055839 processed successfully
2025-09-27 11:05:31,932 | INFO | uvicorn.access | 91.108.5.36:0 - "POST /telegram/webhook?secret=change_me HTTP/1.1" 200
2025-09-27 11:05:34,148 | INFO | code-magnetism | Incoming update 822055840
2025-09-27 11:05:34,149 | INFO | code-magnetism | Message from 8103345706 (@MagneticCod_admin): Правила
2025-09-27 11:05:34,528 | INFO | aiogram.event | Update id=822055840 is handled. Duration 376 ms by bot id=8485537220
2025-09-27 11:05:34,530 | INFO | code-magnetism | Update 822055840 processed successfully
2025-09-27 11:05:34,532 | INFO | uvicorn.access | 91.108.5.36:0 - "POST /telegram/webhook?secret=change_me HTTP/1.1" 200
2025-09-27 11:05:37,002 | INFO | code-magnetism | Incoming update 822055841
2025-09-27 11:05:37,003 | INFO | code-magnetism | Message from 8103345706 (@MagneticCod_admin): ⬅️ В главное меню
2025-09-27 11:05:37,309 | INFO | aiogram.event | Update id=822055841 is handled. Duration 303 ms by bot id=8485537220
2025-09-27 11:05:37,310 | INFO | code-magnetism | Update 822055841 processed successfully
2025-09-27 11:05:37,312 | INFO | uvicorn.access | 91.108.5.36:0 - "POST /telegram/webhook?secret=change_me HTTP/1.1" 200
2025-09-27 13:47:16,564 | INFO | code-magnetism | Incoming update 822055842
2025-09-27 13:48:10,720 | INFO | code-magnetism | Message from 1648917869 (@Tokyo_tokyo): 🧾 Контент и тексты
2025-09-27 13:48:12,238 | INFO | aiogram.event | Update id=822055842 is handled. Duration 916 ms by bot id=8485537220
2025-09-27 13:48:12,239 | INFO | code-magnetism | Update 822055842 processed successfully
2025-09-27 13:48:12,245 | INFO | uvicorn.access | 91.108.5.36:0 - "POST /telegram/webhook?secret=change_me HTTP/1.1" 200
2025-09-27 13:48:12,489 | INFO | code-magnetism | Incoming update 822055843
2025-09-27 13:48:12,489 | INFO | code-magnetism | Message from 1648917869 (@Tokyo_tokyo): ⬅️ В админку
2025-09-27 13:48:12,849 | INFO | aiogram.event | Update id=822055843 is handled. Duration 354 ms by bot id=8485537220
2025-09-27 13:48:12,850 | INFO | code-magnetism | Update 822055843 processed successfully
2025-09-27 13:48:12,855 | INFO | uvicorn.access | 91.108.5.36:0 - "POST /telegram/webhook?secret=change_me HTTP/1.1" 200
2025-09-27 13:48:13,094 | INFO | code-magnetism | Incoming update 822055844
2025-09-27 13:48:13,095 | INFO | code-magnetism | Message from 1648917869 (@Tokyo_tokyo): ⬅️ В главное меню
2025-09-27 13:48:15,581 | INFO | aiogram.event | Update id=822055844 is handled. Duration 2479 ms by bot id=8485537220
2025-09-27 13:48:15,582 | INFO | code-magnetism | Update 822055844 processed successfully
2025-09-27 13:48:15,587 | INFO | uvicorn.access | 91.108.5.36:0 - "POST /telegram/webhook?secret=change_me HTTP/1.1" 200
2025-09-27 13:48:22,840 | INFO | uvicorn.error | Shutting down
2025-09-27 13:48:22,987 | INFO | uvicorn.error | Waiting for application shutdown.
2025-09-27 13:48:23,020 | INFO | code-magnetism | Shutdown: останавливаем планировщик/закрываем БД...
2025-09-27 13:48:23,032 | INFO | scheduler | APScheduler shut down
2025-09-27 13:48:23,035 | INFO | code-magnetism | Scheduler stopped successfully
2025-09-27 13:48:23,050 | INFO | apscheduler.scheduler | Scheduler has been shut down
2025-09-27 13:48:23,074 | INFO | db | PostgreSQL pool closed
2025-09-27 13:48:23,076 | INFO | code-magnetism | Database closed successfully
2025-09-27 13:48:23,078 | INFO | code-magnetism | Shutdown завершён.
2025-09-27 13:48:23,101 | INFO | uvicorn.error | Application shutdown complete.
2025-09-27 13:48:23,104 | INFO | uvicorn.error | Finished server process [712]
2025-09-27 13:48:58,773 | INFO | code-magnetism | Routers attached: ['main-router']
2025-09-27 13:49:00,092 | INFO | uvicorn.error | Started server process [2488]
2025-09-27 13:49:00,092 | INFO | uvicorn.error | Waiting for application startup.
2025-09-27 13:49:00,099 | INFO | code-magnetism | Startup: инициализация БД/планировщика/вебхука...
2025-09-27 13:49:00,100 | INFO | db | Connecting PostgreSQL: postgresql://magnet:***@localhost:5432/magnetism
2025-09-27 13:49:00,672 | INFO | db | PostgreSQL pool created
2025-09-27 13:49:00,673 | INFO | db | Applying schema from: C:\Users\Tim\source\repos\cambly-work\telegram-botCM\schema.sql
2025-09-27 13:49:01,210 | INFO | db | Schema applied successfully.
2025-09-27 13:49:01,211 | INFO | db | Schema applied from C:\Users\Tim\source\repos\cambly-work\telegram-botCM\schema.sql
2025-09-27 13:49:01,217 | INFO | code-magnetism | Database initialized successfully
2025-09-27 13:49:01,299 | INFO | apscheduler.scheduler | Adding job tentatively -- it will be properly scheduled when the scheduler starts
2025-09-27 13:49:01,301 | INFO | apscheduler.scheduler | Adding job tentatively -- it will be properly scheduled when the scheduler starts
2025-09-27 13:49:01,308 | INFO | apscheduler.scheduler | Adding job tentatively -- it will be properly scheduled when the scheduler starts
2025-09-27 13:49:01,356 | INFO | apscheduler.scheduler | Added job "job_daily_lessons" to job store "default"
2025-09-27 13:49:01,357 | INFO | apscheduler.scheduler | Added job "job_soft_reminders" to job store "default"
2025-09-27 13:49:01,361 | INFO | apscheduler.scheduler | Added job "job_access_expiry_reminders" to job store "default"
2025-09-27 13:49:01,362 | INFO | apscheduler.scheduler | Scheduler started
2025-09-27 13:49:01,364 | INFO | scheduler | APScheduler started with timezone=Europe/Moscow; lessons at 10:00
2025-09-27 13:49:01,366 | INFO | code-magnetism | Scheduler initialized successfully
2025-09-27 13:49:01,368 | INFO | code-magnetism | Setting Telegram webhook to: https://9769fe235b10.ngrok-free.app/telegram/webhook?secret=change_me
2025-09-27 13:49:02,042 | INFO | code-magnetism | Old webhook deleted
2025-09-27 13:49:02,256 | INFO | code-magnetism | Telegram webhook установлен: https://9769fe235b10.ngrok-free.app/telegram/webhook?secret=change_me
2025-09-27 13:49:02,257 | INFO | code-magnetism | Startup завершён.
2025-09-27 13:49:02,262 | INFO | uvicorn.error | Application startup complete.
2025-09-27 13:49:02,267 | INFO | uvicorn.error | Uvicorn running on http://0.0.0.0:8000 (Press CTRL+C to quit)
2025-09-27 13:59:09,750 | INFO | code-magnetism | Incoming update 822055845
2025-09-27 13:59:09,751 | INFO | code-magnetism | Message from 1648917869 (@Tokyo_tokyo): ⚙️ Админка
2025-09-27 13:59:10,611 | INFO | aiogram.event | Update id=822055845 is handled. Duration 856 ms by bot id=8485537220
2025-09-27 13:59:10,611 | INFO | code-magnetism | Update 822055845 processed successfully
2025-09-27 13:59:10,613 | INFO | uvicorn.access | 91.108.5.36:0 - "POST /telegram/webhook?secret=change_me HTTP/1.1" 200
2025-09-27 13:59:17,365 | INFO | code-magnetism | Incoming update 822055846
2025-09-27 13:59:17,366 | INFO | code-magnetism | Message from 1648917869 (@Tokyo_tokyo): 🛠️ Диагностика
2025-09-27 13:59:17,738 | INFO | aiogram.event | Update id=822055846 is handled. Duration 370 ms by bot id=8485537220
2025-09-27 13:59:17,743 | INFO | code-magnetism | Update 822055846 processed successfully
2025-09-27 13:59:17,746 | INFO | uvicorn.access | 91.108.5.36:0 - "POST /telegram/webhook?secret=change_me HTTP/1.1" 200
2025-09-27 13:59:22,700 | INFO | code-magnetism | Incoming update 822055847
2025-09-27 13:59:22,701 | INFO | code-magnetism | Message from 1648917869 (@Tokyo_tokyo): 🎛 Логика бота
2025-09-27 13:59:23,061 | INFO | aiogram.event | Update id=822055847 is handled. Duration 359 ms by bot id=8485537220
2025-09-27 13:59:23,062 | INFO | code-magnetism | Update 822055847 processed successfully
2025-09-27 13:59:23,064 | INFO | uvicorn.access | 91.108.5.36:0 - "POST /telegram/webhook?secret=change_me HTTP/1.1" 200
2025-09-27 13:59:27,702 | INFO | code-magnetism | Incoming update 822055848
2025-09-27 13:59:27,708 | INFO | code-magnetism | Message from 1648917869 (@Tokyo_tokyo): ✅ Сообщение после регистрации
2025-09-27 13:59:28,617 | INFO | aiogram.event | Update id=822055848 is handled. Duration 904 ms by bot id=8485537220
2025-09-27 13:59:28,618 | INFO | code-magnetism | Update 822055848 processed successfully
2025-09-27 13:59:28,619 | INFO | uvicorn.access | 91.108.5.36:0 - "POST /telegram/webhook?secret=change_me HTTP/1.1" 200
2025-09-27 13:59:36,596 | INFO | code-magnetism | Incoming update 822055849
2025-09-27 13:59:36,596 | INFO | code-magnetism | Message from 1648917869 (@Tokyo_tokyo): Отмена
2025-09-27 13:59:36,907 | INFO | aiogram.event | Update id=822055849 is handled. Duration 308 ms by bot id=8485537220
2025-09-27 13:59:36,909 | INFO | code-magnetism | Update 822055849 processed successfully
2025-09-27 13:59:36,912 | INFO | uvicorn.access | 91.108.5.36:0 - "POST /telegram/webhook?secret=change_me HTTP/1.1" 200
2025-09-27 14:05:50,413 | INFO | code-magnetism | Incoming update 822055850
2025-09-27 14:05:50,415 | INFO | code-magnetism | Message from 1648917869 (@Tokyo_tokyo): 🚀 Шаги онбординга
2025-09-27 14:05:51,673 | INFO | aiogram.event | Update id=822055850 is handled. Duration 1255 ms by bot id=8485537220
2025-09-27 14:05:51,674 | INFO | code-magnetism | Update 822055850 processed successfully
2025-09-27 14:05:51,677 | INFO | uvicorn.access | 91.108.5.36:0 - "POST /telegram/webhook?secret=change_me HTTP/1.1" 200
2025-09-27 14:06:10,530 | INFO | code-magnetism | Incoming update 822055851
2025-09-27 14:06:10,531 | INFO | code-magnetism | Message from 1648917869 (@Tokyo_tokyo): ⬅️ К логике бота
2025-09-27 14:06:11,342 | INFO | aiogram.event | Update id=822055851 is handled. Duration 809 ms by bot id=8485537220
2025-09-27 14:06:11,346 | INFO | code-magnetism | Update 822055851 processed successfully
2025-09-27 14:06:11,349 | INFO | uvicorn.access | 91.108.5.36:0 - "POST /telegram/webhook?secret=change_me HTTP/1.1" 200
2025-09-27 14:06:27,465 | INFO | code-magnetism | Incoming update 822055852
2025-09-27 14:06:27,466 | INFO | code-magnetism | Message from 1648917869 (@Tokyo_tokyo): ⬅️ В админку
2025-09-27 14:06:28,186 | INFO | aiogram.event | Update id=822055852 is handled. Duration 717 ms by bot id=8485537220
2025-09-27 14:06:28,188 | INFO | code-magnetism | Update 822055852 processed successfully
2025-09-27 14:06:28,191 | INFO | uvicorn.access | 91.108.5.36:0 - "POST /telegram/webhook?secret=change_me HTTP/1.1" 200
2025-09-27 14:06:30,200 | INFO | code-magnetism | Incoming update 822055853
2025-09-27 14:06:30,202 | INFO | code-magnetism | Chat member update for 7799059636 (@pornlabl): member -> kicked
2025-09-27 14:06:30,529 | ERROR | handlers | Error in my_chat_member: Telegram server says - Forbidden: bot was blocked by the user
Traceback (most recent call last):
  File "C:\Users\Tim\source\repos\cambly-work\telegram-botCM\handlers.py", line 1776, in on_my_chat_member
    await event.bot.send_message(
    ...<2 lines>...
    )
  File "C:\Users\Tim\AppData\Local\Programs\Python\Python313\Lib\site-packages\aiogram\client\bot.py", line 2925, in send_message
    return await self(call, request_timeout=request_timeout)
           ^^^^^^^^^^^^^^^^^^^^^^^^^^^^^^^^^^^^^^^^^^^^^^^^^
  File "C:\Users\Tim\AppData\Local\Programs\Python\Python313\Lib\site-packages\aiogram\client\bot.py", line 485, in __call__
    return await self.session(self, method, timeout=request_timeout)
           ^^^^^^^^^^^^^^^^^^^^^^^^^^^^^^^^^^^^^^^^^^^^^^^^^^^^^^^^^
  File "C:\Users\Tim\AppData\Local\Programs\Python\Python313\Lib\site-packages\aiogram\client\session\base.py", line 254, in __call__
    return cast(TelegramType, await middleware(bot, method))
                              ^^^^^^^^^^^^^^^^^^^^^^^^^^^^^
  File "C:\Users\Tim\AppData\Local\Programs\Python\Python313\Lib\site-packages\aiogram\client\session\aiohttp.py", line 185, in make_request
    response = self.check_response(
        bot=bot, method=method, status_code=resp.status, content=raw_result
    )
  File "C:\Users\Tim\AppData\Local\Programs\Python\Python313\Lib\site-packages\aiogram\client\session\base.py", line 128, in check_response
    raise TelegramForbiddenError(method=method, message=description)
aiogram.exceptions.TelegramForbiddenError: Telegram server says - Forbidden: bot was blocked by the user
2025-09-27 14:06:30,677 | INFO | aiogram.event | Update id=822055853 is handled. Duration 401 ms by bot id=8485537220
2025-09-27 14:06:30,679 | INFO | code-magnetism | Update 822055853 processed successfully
2025-09-27 14:06:30,681 | INFO | uvicorn.access | 91.108.5.36:0 - "POST /telegram/webhook?secret=change_me HTTP/1.1" 200
2025-09-27 14:06:33,263 | INFO | code-magnetism | Incoming update 822055854
2025-09-27 14:06:33,265 | INFO | code-magnetism | Message from 1648917869 (@Tokyo_tokyo): 🧾 Контент и тексты
2025-09-27 14:06:33,651 | INFO | aiogram.event | Update id=822055854 is handled. Duration 382 ms by bot id=8485537220
2025-09-27 14:06:33,655 | INFO | code-magnetism | Update 822055854 processed successfully
2025-09-27 14:06:33,658 | INFO | uvicorn.access | 91.108.5.36:0 - "POST /telegram/webhook?secret=change_me HTTP/1.1" 200
2025-09-27 14:06:39,412 | INFO | code-magnetism | Incoming update 822055855
2025-09-27 14:06:39,413 | INFO | code-magnetism | Message from 1648917869 (@Tokyo_tokyo): 🔍 Посмотреть текст
2025-09-27 14:06:39,735 | INFO | aiogram.event | Update id=822055855 is handled. Duration 319 ms by bot id=8485537220
2025-09-27 14:06:39,739 | INFO | code-magnetism | Update 822055855 processed successfully
2025-09-27 14:06:39,742 | INFO | uvicorn.access | 91.108.5.36:0 - "POST /telegram/webhook?secret=change_me HTTP/1.1" 200
2025-09-27 14:07:02,257 | INFO | code-magnetism | Incoming update 822055856
2025-09-27 14:07:02,258 | INFO | code-magnetism | Message from 1648917869 (@Tokyo_tokyo): 🔁 Ещё варианты
2025-09-27 14:07:03,612 | INFO | aiogram.event | Update id=822055856 is handled. Duration 1350 ms by bot id=8485537220
2025-09-27 14:07:03,616 | INFO | code-magnetism | Update 822055856 processed successfully
2025-09-27 14:07:03,621 | INFO | uvicorn.access | 91.108.5.36:0 - "POST /telegram/webhook?secret=change_me HTTP/1.1" 200
2025-09-27 14:07:09,271 | INFO | code-magnetism | Incoming update 822055857
2025-09-27 14:07:09,272 | INFO | code-magnetism | Message from 1648917869 (@Tokyo_tokyo): 🔁 Ещё варианты
2025-09-27 14:07:09,668 | INFO | aiogram.event | Update id=822055857 is handled. Duration 392 ms by bot id=8485537220
2025-09-27 14:07:09,669 | INFO | code-magnetism | Update 822055857 processed successfully
2025-09-27 14:07:09,672 | INFO | uvicorn.access | 91.108.5.36:0 - "POST /telegram/webhook?secret=change_me HTTP/1.1" 200
2025-09-27 14:07:19,483 | INFO | code-magnetism | Incoming update 822055858
2025-09-27 14:07:19,485 | INFO | code-magnetism | Message from 1648917869 (@Tokyo_tokyo): 🔁 Ещё варианты
2025-09-27 14:07:19,820 | INFO | aiogram.event | Update id=822055858 is handled. Duration 334 ms by bot id=8485537220
2025-09-27 14:07:19,825 | INFO | code-magnetism | Update 822055858 processed successfully
2025-09-27 14:07:19,828 | INFO | uvicorn.access | 91.108.5.36:0 - "POST /telegram/webhook?secret=change_me HTTP/1.1" 200
2025-09-27 14:07:27,556 | INFO | code-magnetism | Incoming update 822055859
2025-09-27 14:07:27,557 | INFO | code-magnetism | Message from 1648917869 (@Tokyo_tokyo): funnel.lesson_urls.1
2025-09-27 14:07:27,654 | ERROR | handlers | Failed to log admin action: invalid input for query argument $3: {'key': 'funnel.lesson_urls.1', 'has_val... (expected str, got dict)
2025-09-27 14:07:27,935 | INFO | aiogram.event | Update id=822055859 is handled. Duration 374 ms by bot id=8485537220
2025-09-27 14:07:27,940 | INFO | code-magnetism | Update 822055859 processed successfully
2025-09-27 14:07:27,943 | INFO | uvicorn.access | 91.108.5.36:0 - "POST /telegram/webhook?secret=change_me HTTP/1.1" 200
2025-09-27 16:53:42,013 | INFO | code-magnetism | Incoming update 822055860
2025-09-27 16:53:42,016 | INFO | code-magnetism | Message from 1648917869 (@Tokyo_tokyo): ⬅️ В главное меню
2025-09-27 16:53:43,262 | INFO | aiogram.event | Update id=822055860 is handled. Duration 1239 ms by bot id=8485537220
2025-09-27 16:53:43,263 | INFO | code-magnetism | Update 822055860 processed successfully
2025-09-27 16:53:43,266 | INFO | uvicorn.access | 91.108.5.36:0 - "POST /telegram/webhook?secret=change_me HTTP/1.1" 200
2025-09-27 16:53:46,539 | INFO | code-magnetism | Incoming update 822055861
2025-09-27 16:53:46,541 | INFO | code-magnetism | Message from 1648917869 (@Tokyo_tokyo): ⚙️ Админка
2025-09-27 16:53:46,853 | INFO | aiogram.event | Update id=822055861 is handled. Duration 307 ms by bot id=8485537220
2025-09-27 16:53:46,854 | INFO | code-magnetism | Update 822055861 processed successfully
2025-09-27 16:53:46,857 | INFO | uvicorn.access | 91.108.5.36:0 - "POST /telegram/webhook?secret=change_me HTTP/1.1" 200
2025-09-27 16:53:49,061 | INFO | code-magnetism | Incoming update 822055862
2025-09-27 16:53:49,062 | INFO | code-magnetism | Message from 1648917869 (@Tokyo_tokyo): 🎛 Логика бота
2025-09-27 16:53:49,396 | INFO | aiogram.event | Update id=822055862 is handled. Duration 330 ms by bot id=8485537220
2025-09-27 16:53:49,397 | INFO | code-magnetism | Update 822055862 processed successfully
2025-09-27 16:53:49,400 | INFO | uvicorn.access | 91.108.5.36:0 - "POST /telegram/webhook?secret=change_me HTTP/1.1" 200
2025-09-27 16:53:56,233 | INFO | code-magnetism | Incoming update 822055863
2025-09-27 16:53:56,233 | INFO | code-magnetism | Message from 1648917869 (@Tokyo_tokyo): ⬅️ В админку
2025-09-27 16:53:56,533 | INFO | aiogram.event | Update id=822055863 is handled. Duration 297 ms by bot id=8485537220
2025-09-27 16:53:56,536 | INFO | code-magnetism | Update 822055863 processed successfully
2025-09-27 16:53:56,539 | INFO | uvicorn.access | 91.108.5.36:0 - "POST /telegram/webhook?secret=change_me HTTP/1.1" 200
2025-09-27 16:53:59,293 | INFO | code-magnetism | Incoming update 822055864
2025-09-27 16:53:59,294 | INFO | code-magnetism | Message from 1648917869 (@Tokyo_tokyo): 🧾 Контент и тексты
2025-09-27 16:53:59,588 | INFO | aiogram.event | Update id=822055864 is handled. Duration 290 ms by bot id=8485537220
2025-09-27 16:53:59,589 | INFO | code-magnetism | Update 822055864 processed successfully
2025-09-27 16:53:59,592 | INFO | uvicorn.access | 91.108.5.36:0 - "POST /telegram/webhook?secret=change_me HTTP/1.1" 200
2025-09-27 16:54:05,084 | INFO | code-magnetism | Incoming update 822055865
2025-09-27 16:54:05,085 | INFO | code-magnetism | Message from 1648917869 (@Tokyo_tokyo): ➕ Добавить или обновить текст
2025-09-27 16:54:05,396 | INFO | aiogram.event | Update id=822055865 is handled. Duration 309 ms by bot id=8485537220
2025-09-27 16:54:05,397 | INFO | code-magnetism | Update 822055865 processed successfully
2025-09-27 16:54:05,401 | INFO | uvicorn.access | 91.108.5.36:0 - "POST /telegram/webhook?secret=change_me HTTP/1.1" 200
2025-09-27 16:54:15,992 | INFO | code-magnetism | Incoming update 822055866
2025-09-27 16:54:15,994 | INFO | code-magnetism | Message from 1648917869 (@Tokyo_tokyo): 🔁 Ещё варианты
2025-09-27 16:54:16,298 | INFO | aiogram.event | Update id=822055866 is handled. Duration 303 ms by bot id=8485537220
2025-09-27 16:54:16,299 | INFO | code-magnetism | Update 822055866 processed successfully
2025-09-27 16:54:16,302 | INFO | uvicorn.access | 91.108.5.36:0 - "POST /telegram/webhook?secret=change_me HTTP/1.1" 200
2025-09-27 16:54:21,840 | INFO | code-magnetism | Incoming update 822055867
2025-09-27 16:54:21,841 | INFO | code-magnetism | Message from 1648917869 (@Tokyo_tokyo): 🔁 Ещё варианты
2025-09-27 16:54:22,222 | INFO | aiogram.event | Update id=822055867 is handled. Duration 377 ms by bot id=8485537220
2025-09-27 16:54:22,223 | INFO | code-magnetism | Update 822055867 processed successfully
2025-09-27 16:54:22,226 | INFO | uvicorn.access | 91.108.5.36:0 - "POST /telegram/webhook?secret=change_me HTTP/1.1" 200
2025-09-27 16:54:32,429 | INFO | code-magnetism | Incoming update 822055868
2025-09-27 16:54:32,430 | INFO | code-magnetism | Message from 1648917869 (@Tokyo_tokyo): 🔁 Ещё варианты
2025-09-27 16:54:32,717 | INFO | aiogram.event | Update id=822055868 is handled. Duration 285 ms by bot id=8485537220
2025-09-27 16:54:32,719 | INFO | code-magnetism | Update 822055868 processed successfully
2025-09-27 16:54:32,721 | INFO | uvicorn.access | 91.108.5.36:0 - "POST /telegram/webhook?secret=change_me HTTP/1.1" 200
2025-09-27 16:54:39,559 | INFO | code-magnetism | Incoming update 822055869
2025-09-27 16:54:39,560 | INFO | code-magnetism | Message from 1648917869 (@Tokyo_tokyo): 🔁 Ещё варианты
2025-09-27 16:54:39,853 | INFO | aiogram.event | Update id=822055869 is handled. Duration 289 ms by bot id=8485537220
2025-09-27 16:54:39,854 | INFO | code-magnetism | Update 822055869 processed successfully
2025-09-27 16:54:39,857 | INFO | uvicorn.access | 91.108.5.36:0 - "POST /telegram/webhook?secret=change_me HTTP/1.1" 200
2025-09-27 16:54:51,893 | INFO | code-magnetism | Incoming update 822055870
2025-09-27 16:54:51,894 | INFO | code-magnetism | Message from 1648917869 (@Tokyo_tokyo): 🔁 Ещё варианты
2025-09-27 16:54:52,206 | INFO | aiogram.event | Update id=822055870 is handled. Duration 309 ms by bot id=8485537220
2025-09-27 16:54:52,211 | INFO | code-magnetism | Update 822055870 processed successfully
2025-09-27 16:54:52,213 | INFO | uvicorn.access | 91.108.5.36:0 - "POST /telegram/webhook?secret=change_me HTTP/1.1" 200
2025-09-27 16:55:08,483 | INFO | code-magnetism | Incoming update 822055871
2025-09-27 16:55:08,483 | INFO | code-magnetism | Message from 1648917869 (@Tokyo_tokyo): 🔁 Ещё варианты
2025-09-27 16:55:09,316 | INFO | aiogram.event | Update id=822055871 is handled. Duration 830 ms by bot id=8485537220
2025-09-27 16:55:09,320 | INFO | code-magnetism | Update 822055871 processed successfully
2025-09-27 16:55:09,323 | INFO | uvicorn.access | 91.108.5.36:0 - "POST /telegram/webhook?secret=change_me HTTP/1.1" 200
2025-09-27 16:55:21,073 | INFO | code-magnetism | Incoming update 822055872
2025-09-27 16:55:21,074 | INFO | code-magnetism | Message from 1648917869 (@Tokyo_tokyo): 🔁 Ещё варианты
2025-09-27 16:55:21,437 | INFO | aiogram.event | Update id=822055872 is handled. Duration 361 ms by bot id=8485537220
2025-09-27 16:55:21,440 | INFO | code-magnetism | Update 822055872 processed successfully
2025-09-27 16:55:21,442 | INFO | uvicorn.access | 91.108.5.36:0 - "POST /telegram/webhook?secret=change_me HTTP/1.1" 200
2025-09-27 17:12:20,962 | INFO | code-magnetism | Incoming update 822055873
2025-09-27 17:12:20,963 | INFO | code-magnetism | Message from 1648917869 (@Tokyo_tokyo): 🔁 Ещё варианты
2025-09-27 17:12:22,132 | INFO | aiogram.event | Update id=822055873 is handled. Duration 1166 ms by bot id=8485537220
2025-09-27 17:12:22,134 | INFO | code-magnetism | Update 822055873 processed successfully
2025-09-27 17:12:22,136 | INFO | uvicorn.access | 91.108.5.36:0 - "POST /telegram/webhook?secret=change_me HTTP/1.1" 200
2025-09-27 17:12:31,023 | INFO | code-magnetism | Incoming update 822055874
2025-09-27 17:12:31,025 | INFO | code-magnetism | Message from 1648917869 (@Tokyo_tokyo): 🔁 Ещё варианты
2025-09-27 17:12:31,324 | INFO | aiogram.event | Update id=822055874 is handled. Duration 296 ms by bot id=8485537220
2025-09-27 17:12:31,328 | INFO | code-magnetism | Update 822055874 processed successfully
2025-09-27 17:12:31,331 | INFO | uvicorn.access | 91.108.5.36:0 - "POST /telegram/webhook?secret=change_me HTTP/1.1" 200
2025-09-27 17:12:37,577 | INFO | code-magnetism | Incoming update 822055875
2025-09-27 17:12:37,577 | INFO | code-magnetism | Message from 1648917869 (@Tokyo_tokyo): 🔁 Ещё варианты
2025-09-27 17:12:37,856 | INFO | aiogram.event | Update id=822055875 is handled. Duration 276 ms by bot id=8485537220
2025-09-27 17:12:37,857 | INFO | code-magnetism | Update 822055875 processed successfully
2025-09-27 17:12:37,860 | INFO | uvicorn.access | 91.108.5.36:0 - "POST /telegram/webhook?secret=change_me HTTP/1.1" 200
2025-09-27 17:12:42,762 | INFO | code-magnetism | Incoming update 822055876
2025-09-27 17:12:42,764 | INFO | code-magnetism | Message from 1648917869 (@Tokyo_tokyo): 🔁 Ещё варианты
2025-09-27 17:12:43,058 | INFO | aiogram.event | Update id=822055876 is handled. Duration 291 ms by bot id=8485537220
2025-09-27 17:12:43,059 | INFO | code-magnetism | Update 822055876 processed successfully
2025-09-27 17:12:43,062 | INFO | uvicorn.access | 91.108.5.36:0 - "POST /telegram/webhook?secret=change_me HTTP/1.1" 200
2025-09-27 17:12:48,048 | INFO | code-magnetism | Incoming update 822055877
2025-09-27 17:12:48,049 | INFO | code-magnetism | Message from 1648917869 (@Tokyo_tokyo): 🔁 Ещё варианты
2025-09-27 17:12:48,358 | INFO | aiogram.event | Update id=822055877 is handled. Duration 305 ms by bot id=8485537220
2025-09-27 17:12:48,359 | INFO | code-magnetism | Update 822055877 processed successfully
2025-09-27 17:12:48,361 | INFO | uvicorn.access | 91.108.5.36:0 - "POST /telegram/webhook?secret=change_me HTTP/1.1" 200
2025-09-27 17:12:55,167 | INFO | code-magnetism | Incoming update 822055878
2025-09-27 17:12:55,168 | INFO | code-magnetism | Message from 1648917869 (@Tokyo_tokyo): 🔁 Ещё варианты
2025-09-27 17:12:55,513 | INFO | aiogram.event | Update id=822055878 is handled. Duration 341 ms by bot id=8485537220
2025-09-27 17:12:55,514 | INFO | code-magnetism | Update 822055878 processed successfully
2025-09-27 17:12:55,517 | INFO | uvicorn.access | 91.108.5.36:0 - "POST /telegram/webhook?secret=change_me HTTP/1.1" 200
2025-09-27 17:14:21,575 | INFO | code-magnetism | Incoming update 822055879
2025-09-27 17:14:21,576 | INFO | code-magnetism | Message from 8103345706 (@MagneticCod_admin): /start
2025-09-27 17:14:22,462 | INFO | aiogram.event | Update id=822055879 is handled. Duration 884 ms by bot id=8485537220
2025-09-27 17:14:22,463 | INFO | code-magnetism | Update 822055879 processed successfully
2025-09-27 17:14:22,464 | INFO | uvicorn.access | 91.108.5.36:0 - "POST /telegram/webhook?secret=change_me HTTP/1.1" 200
2025-09-27 17:14:29,411 | INFO | code-magnetism | Incoming update 822055880
2025-09-27 17:14:29,411 | INFO | code-magnetism | Message from 8103345706 (@MagneticCod_admin): 🎓 Обучение
2025-09-27 17:14:29,701 | INFO | aiogram.event | Update id=822055880 is handled. Duration 286 ms by bot id=8485537220
2025-09-27 17:14:29,702 | INFO | code-magnetism | Update 822055880 processed successfully
2025-09-27 17:14:29,704 | INFO | uvicorn.access | 91.108.5.36:0 - "POST /telegram/webhook?secret=change_me HTTP/1.1" 200
2025-09-27 17:14:32,012 | INFO | code-magnetism | Incoming update 822055881
2025-09-27 17:14:32,014 | INFO | code-magnetism | Message from 8103345706 (@MagneticCod_admin): Пройти тест
2025-09-27 17:14:32,291 | INFO | aiogram.event | Update id=822055881 is handled. Duration 273 ms by bot id=8485537220
2025-09-27 17:14:32,293 | INFO | code-magnetism | Update 822055881 processed successfully
2025-09-27 17:14:32,295 | INFO | uvicorn.access | 91.108.5.36:0 - "POST /telegram/webhook?secret=change_me HTTP/1.1" 200
2025-09-27 17:23:20,995 | INFO | code-magnetism | Incoming update 822055882
2025-09-27 17:23:20,996 | INFO | code-magnetism | Message from 1648917869 (@Tokyo_tokyo): weekly_materials
2025-09-27 17:23:22,501 | INFO | aiogram.event | Update id=822055882 is handled. Duration 1503 ms by bot id=8485537220
2025-09-27 17:23:22,502 | INFO | code-magnetism | Update 822055882 processed successfully
2025-09-27 17:23:22,506 | INFO | uvicorn.access | 91.108.5.36:0 - "POST /telegram/webhook?secret=change_me HTTP/1.1" 200
2025-09-28 09:24:07,297 | INFO | code-magnetism | Incoming update 822055883
2025-09-28 09:24:07,300 | INFO | code-magnetism | Message from 1648917869 (@Tokyo_tokyo): /start
2025-09-28 09:24:08,815 | INFO | aiogram.event | Update id=822055883 is handled. Duration 1508 ms by bot id=8485537220
2025-09-28 09:24:08,820 | INFO | code-magnetism | Update 822055883 processed successfully
2025-09-28 09:24:08,823 | INFO | uvicorn.access | 91.108.5.36:0 - "POST /telegram/webhook?secret=change_me HTTP/1.1" 200
2025-09-28 09:24:17,363 | INFO | code-magnetism | Incoming update 822055884
2025-09-28 09:24:17,364 | INFO | code-magnetism | Message from 1648917869 (@Tokyo_tokyo): 🎓 Обучение
2025-09-28 09:24:17,623 | INFO | aiogram.event | Update id=822055884 is handled. Duration 257 ms by bot id=8485537220
2025-09-28 09:24:17,625 | INFO | code-magnetism | Update 822055884 processed successfully
2025-09-28 09:24:17,627 | INFO | uvicorn.access | 91.108.5.36:0 - "POST /telegram/webhook?secret=change_me HTTP/1.1" 200
2025-09-28 09:24:20,103 | INFO | code-magnetism | Incoming update 822055885
2025-09-28 09:24:20,105 | INFO | code-magnetism | Message from 1648917869 (@Tokyo_tokyo): Пройти тест
2025-09-28 09:24:20,539 | INFO | aiogram.event | Update id=822055885 is handled. Duration 431 ms by bot id=8485537220
2025-09-28 09:24:20,545 | INFO | code-magnetism | Update 822055885 processed successfully
2025-09-28 09:24:20,547 | INFO | uvicorn.access | 91.108.5.36:0 - "POST /telegram/webhook?secret=change_me HTTP/1.1" 200
2025-09-28 10:00:00,017 | INFO | apscheduler.executors.default | Running job "job_daily_lessons (trigger: cron[hour='10', minute='0'], next run at: 2025-09-29 10:00:00 -03)" (scheduled at 2025-09-28 10:00:00-03:00)
2025-09-28 10:00:00,477 | INFO | scheduler | [job_daily_lessons] sent=0 skipped=4 errors=0
2025-09-28 10:00:00,478 | INFO | apscheduler.executors.default | Job "job_daily_lessons (trigger: cron[hour='10', minute='0'], next run at: 2025-09-29 10:00:00 -03)" executed successfully
2025-09-28 10:49:51,083 | INFO | code-magnetism | Incoming update 822055886
2025-09-28 10:49:51,085 | INFO | code-magnetism | Message from 1648917869 (@Tokyo_tokyo): ⬅️ В главное меню
2025-09-28 10:49:52,415 | INFO | aiogram.event | Update id=822055886 is handled. Duration 1325 ms by bot id=8485537220
2025-09-28 10:49:52,416 | INFO | code-magnetism | Update 822055886 processed successfully
2025-09-28 10:49:52,419 | INFO | uvicorn.access | 91.108.5.36:0 - "POST /telegram/webhook?secret=change_me HTTP/1.1" 200
2025-09-28 10:49:54,029 | INFO | code-magnetism | Incoming update 822055887
2025-09-28 10:49:54,031 | INFO | code-magnetism | Message from 1648917869 (@Tokyo_tokyo): ⚙️ Админка
2025-09-28 10:49:54,331 | INFO | aiogram.event | Update id=822055887 is handled. Duration 297 ms by bot id=8485537220
2025-09-28 10:49:54,332 | INFO | code-magnetism | Update 822055887 processed successfully
2025-09-28 10:49:54,334 | INFO | uvicorn.access | 91.108.5.36:0 - "POST /telegram/webhook?secret=change_me HTTP/1.1" 200
2025-09-28 10:49:57,598 | INFO | code-magnetism | Incoming update 822055888
2025-09-28 10:49:57,600 | INFO | code-magnetism | Message from 1648917869 (@Tokyo_tokyo): 🎛 Логика бота
2025-09-28 10:49:57,965 | INFO | aiogram.event | Update id=822055888 is handled. Duration 361 ms by bot id=8485537220
2025-09-28 10:49:57,966 | INFO | code-magnetism | Update 822055888 processed successfully
2025-09-28 10:49:57,969 | INFO | uvicorn.access | 91.108.5.36:0 - "POST /telegram/webhook?secret=change_me HTTP/1.1" 200
2025-09-28 10:50:01,358 | INFO | code-magnetism | Incoming update 822055889
2025-09-28 10:50:01,359 | INFO | code-magnetism | Message from 1648917869 (@Tokyo_tokyo): ⬅️ В админку
2025-09-28 10:50:01,792 | INFO | aiogram.event | Update id=822055889 is handled. Duration 429 ms by bot id=8485537220
2025-09-28 10:50:01,793 | INFO | code-magnetism | Update 822055889 processed successfully
2025-09-28 10:50:01,795 | INFO | uvicorn.access | 91.108.5.36:0 - "POST /telegram/webhook?secret=change_me HTTP/1.1" 200
2025-09-28 10:50:03,591 | INFO | code-magnetism | Incoming update 822055890
2025-09-28 10:50:03,594 | INFO | code-magnetism | Message from 1648917869 (@Tokyo_tokyo): 🛠️ Диагностика
2025-09-28 10:50:03,970 | INFO | aiogram.event | Update id=822055890 is handled. Duration 372 ms by bot id=8485537220
2025-09-28 10:50:03,974 | INFO | code-magnetism | Update 822055890 processed successfully
2025-09-28 10:50:03,977 | INFO | uvicorn.access | 91.108.5.36:0 - "POST /telegram/webhook?secret=change_me HTTP/1.1" 200
2025-09-28 10:50:05,055 | INFO | code-magnetism | Incoming update 822055891
2025-09-28 10:50:05,064 | INFO | code-magnetism | Message from 1648917869 (@Tokyo_tokyo): ⚙️ Настройки
2025-09-28 10:50:05,485 | INFO | aiogram.event | Update id=822055891 is handled. Duration 416 ms by bot id=8485537220
2025-09-28 10:50:05,486 | INFO | code-magnetism | Update 822055891 processed successfully
2025-09-28 10:50:05,488 | INFO | uvicorn.access | 91.108.5.36:0 - "POST /telegram/webhook?secret=change_me HTTP/1.1" 200
2025-09-28 10:50:13,110 | INFO | code-magnetism | Incoming update 822055892
2025-09-28 10:50:13,111 | INFO | code-magnetism | Message from 1648917869 (@Tokyo_tokyo): 📄 Тексты экранов
2025-09-28 10:50:13,536 | INFO | aiogram.event | Update id=822055892 is handled. Duration 422 ms by bot id=8485537220
2025-09-28 10:50:13,540 | INFO | code-magnetism | Update 822055892 processed successfully
2025-09-28 10:50:13,543 | INFO | uvicorn.access | 91.108.5.36:0 - "POST /telegram/webhook?secret=change_me HTTP/1.1" 200
2025-09-28 10:50:19,747 | INFO | code-magnetism | Incoming update 822055893
2025-09-28 10:50:19,748 | INFO | code-magnetism | Message from 1648917869 (@Tokyo_tokyo): 🎓 Раздел «Обучение»
2025-09-28 10:50:20,095 | INFO | aiogram.event | Update id=822055893 is handled. Duration 344 ms by bot id=8485537220
2025-09-28 10:50:20,099 | INFO | code-magnetism | Update 822055893 processed successfully
2025-09-28 10:50:20,102 | INFO | uvicorn.access | 91.108.5.36:0 - "POST /telegram/webhook?secret=change_me HTTP/1.1" 200
2025-09-28 10:50:28,025 | INFO | code-magnetism | Incoming update 822055894
2025-09-28 10:50:28,026 | INFO | code-magnetism | Message from 1648917869 (@Tokyo_tokyo): 🧾 Контент и тексты
2025-09-28 10:50:28,323 | INFO | aiogram.event | Update id=822055894 is handled. Duration 295 ms by bot id=8485537220
2025-09-28 10:50:28,325 | INFO | code-magnetism | Update 822055894 processed successfully
2025-09-28 10:50:28,327 | INFO | uvicorn.access | 91.108.5.36:0 - "POST /telegram/webhook?secret=change_me HTTP/1.1" 200
2025-09-28 10:50:34,593 | INFO | code-magnetism | Incoming update 822055895
2025-09-28 10:50:34,594 | INFO | code-magnetism | Message from 1648917869 (@Tokyo_tokyo): ➕ Добавить или обновить текст
2025-09-28 10:50:34,887 | INFO | aiogram.event | Update id=822055895 is handled. Duration 290 ms by bot id=8485537220
2025-09-28 10:50:34,888 | INFO | code-magnetism | Update 822055895 processed successfully
2025-09-28 10:50:34,890 | INFO | uvicorn.access | 91.108.5.36:0 - "POST /telegram/webhook?secret=change_me HTTP/1.1" 200
2025-09-28 10:50:45,204 | INFO | code-magnetism | Incoming update 822055896
2025-09-28 10:50:45,205 | INFO | code-magnetism | Message from 1648917869 (@Tokyo_tokyo): 🔁 Ещё варианты
2025-09-28 10:50:45,696 | INFO | aiogram.event | Update id=822055896 is handled. Duration 488 ms by bot id=8485537220
2025-09-28 10:50:45,697 | INFO | code-magnetism | Update 822055896 processed successfully
2025-09-28 10:50:45,700 | INFO | uvicorn.access | 91.108.5.36:0 - "POST /telegram/webhook?secret=change_me HTTP/1.1" 200
2025-09-28 10:50:53,770 | INFO | code-magnetism | Incoming update 822055897
2025-09-28 10:50:53,774 | INFO | code-magnetism | Message from 1648917869 (@Tokyo_tokyo): 🔁 Ещё варианты
2025-09-28 10:50:54,067 | INFO | aiogram.event | Update id=822055897 is handled. Duration 290 ms by bot id=8485537220
2025-09-28 10:50:54,068 | INFO | code-magnetism | Update 822055897 processed successfully
2025-09-28 10:50:54,071 | INFO | uvicorn.access | 91.108.5.36:0 - "POST /telegram/webhook?secret=change_me HTTP/1.1" 200
2025-09-28 10:51:00,804 | INFO | code-magnetism | Incoming update 822055898
2025-09-28 10:51:00,805 | INFO | code-magnetism | Message from 1648917869 (@Tokyo_tokyo): 🔁 Ещё варианты
2025-09-28 10:51:01,166 | INFO | aiogram.event | Update id=822055898 is handled. Duration 359 ms by bot id=8485537220
2025-09-28 10:51:01,171 | INFO | code-magnetism | Update 822055898 processed successfully
2025-09-28 10:51:01,174 | INFO | uvicorn.access | 91.108.5.36:0 - "POST /telegram/webhook?secret=change_me HTTP/1.1" 200
2025-09-28 10:51:10,156 | INFO | code-magnetism | Incoming update 822055899
2025-09-28 10:51:10,157 | INFO | code-magnetism | Message from 1648917869 (@Tokyo_tokyo): 🔁 Ещё варианты
2025-09-28 10:51:10,477 | INFO | aiogram.event | Update id=822055899 is handled. Duration 316 ms by bot id=8485537220
2025-09-28 10:51:10,478 | INFO | code-magnetism | Update 822055899 processed successfully
2025-09-28 10:51:10,481 | INFO | uvicorn.access | 91.108.5.36:0 - "POST /telegram/webhook?secret=change_me HTTP/1.1" 200
2025-09-28 10:51:17,997 | INFO | code-magnetism | Incoming update 822055900
2025-09-28 10:51:17,998 | INFO | code-magnetism | Message from 1648917869 (@Tokyo_tokyo): menu.prompts.learning
2025-09-28 10:51:18,338 | INFO | aiogram.event | Update id=822055900 is handled. Duration 337 ms by bot id=8485537220
2025-09-28 10:51:18,341 | INFO | code-magnetism | Update 822055900 processed successfully
2025-09-28 10:51:18,344 | INFO | uvicorn.access | 91.108.5.36:0 - "POST /telegram/webhook?secret=change_me HTTP/1.1" 200
2025-09-28 10:51:26,471 | INFO | code-magnetism | Incoming update 822055901
2025-09-28 10:51:26,473 | INFO | code-magnetism | Message from 1648917869 (@Tokyo_tokyo): Отмена
2025-09-28 10:51:26,758 | INFO | aiogram.event | Update id=822055901 is handled. Duration 282 ms by bot id=8485537220
2025-09-28 10:51:26,759 | INFO | code-magnetism | Update 822055901 processed successfully
2025-09-28 10:51:26,761 | INFO | uvicorn.access | 91.108.5.36:0 - "POST /telegram/webhook?secret=change_me HTTP/1.1" 200
2025-09-28 11:00:00,007 | INFO | apscheduler.executors.default | Running job "job_access_expiry_reminders (trigger: cron[hour='11', minute='0'], next run at: 2025-09-29 11:00:00 -03)" (scheduled at 2025-09-28 11:00:00-03:00)
2025-09-28 11:00:00,021 | INFO | apscheduler.executors.default | Running job "job_soft_reminders (trigger: cron[hour='11', minute='0'], next run at: 2025-09-29 11:00:00 -03)" (scheduled at 2025-09-28 11:00:00-03:00)
2025-09-28 11:00:00,786 | INFO | scheduler | [job_access_expiry_reminders] D-7: none
2025-09-28 11:00:00,791 | INFO | scheduler | [job_access_expiry_reminders] D-3: none
2025-09-28 11:00:00,795 | INFO | scheduler | [job_access_expiry_reminders] D-0: none
2025-09-28 11:00:00,795 | INFO | apscheduler.executors.default | Job "job_access_expiry_reminders (trigger: cron[hour='11', minute='0'], next run at: 2025-09-29 11:00:00 -03)" executed successfully
2025-09-28 11:00:00,812 | INFO | scheduler | [job_soft_reminders] nothing to remind
2025-09-28 11:00:00,813 | INFO | apscheduler.executors.default | Job "job_soft_reminders (trigger: cron[hour='11', minute='0'], next run at: 2025-09-29 11:00:00 -03)" executed successfully
2025-09-28 18:19:49,434 | INFO | code-magnetism | Incoming update 822055902
2025-09-28 18:19:49,444 | INFO | code-magnetism | Message from 8103345706 (@MagneticCod_admin): ⬅️ В главное меню
2025-09-28 18:19:50,877 | INFO | aiogram.event | Update id=822055902 is handled. Duration 1409 ms by bot id=8485537220
2025-09-28 18:19:50,882 | INFO | code-magnetism | Update 822055902 processed successfully
2025-09-28 18:19:50,887 | INFO | uvicorn.access | 91.108.5.36:0 - "POST /telegram/webhook?secret=change_me HTTP/1.1" 200
2025-09-28 18:19:54,188 | INFO | code-magnetism | Incoming update 822055903
2025-09-28 18:19:54,189 | INFO | code-magnetism | Message from 8103345706 (@MagneticCod_admin): 🎓 Обучение
2025-09-28 18:19:54,500 | INFO | aiogram.event | Update id=822055903 is handled. Duration 307 ms by bot id=8485537220
2025-09-28 18:19:54,502 | INFO | code-magnetism | Update 822055903 processed successfully
2025-09-28 18:19:54,504 | INFO | uvicorn.access | 91.108.5.36:0 - "POST /telegram/webhook?secret=change_me HTTP/1.1" 200
2025-09-28 19:16:55,600 | INFO | code-magnetism | Incoming update 822055904
2025-09-28 19:16:55,606 | INFO | code-magnetism | Message from 815370781 (@goldfinger_uk): О клубе
2025-09-28 19:16:57,045 | INFO | aiogram.event | Update id=822055904 is handled. Duration 1425 ms by bot id=8485537220
2025-09-28 19:16:57,046 | INFO | code-magnetism | Update 822055904 processed successfully
2025-09-28 19:16:57,049 | INFO | uvicorn.access | 91.108.5.36:0 - "POST /telegram/webhook?secret=change_me HTTP/1.1" 200
2025-09-28 19:38:02,554 | INFO | uvicorn.error | Shutting down
2025-09-28 19:38:02,729 | INFO | uvicorn.error | Waiting for application shutdown.
2025-09-28 19:38:02,745 | INFO | code-magnetism | Shutdown: останавливаем планировщик/закрываем БД...
2025-09-28 19:38:02,749 | INFO | scheduler | APScheduler shut down
2025-09-28 19:38:02,752 | INFO | code-magnetism | Scheduler stopped successfully
2025-09-28 19:38:02,791 | INFO | apscheduler.scheduler | Scheduler has been shut down
2025-09-28 19:38:02,827 | INFO | db | PostgreSQL pool closed
2025-09-28 19:38:02,828 | INFO | code-magnetism | Database closed successfully
2025-09-28 19:38:02,830 | INFO | code-magnetism | Shutdown завершён.
2025-09-28 19:38:02,849 | INFO | uvicorn.error | Application shutdown complete.
2025-09-28 19:38:02,906 | INFO | uvicorn.error | Finished server process [2488]
